Excel row,Asset number,Item,Treatment,Cost,Major category,Service date,Accumulated depreciation,YTD depreciation
502,UGIFT-000502,Audio Visual Equipment,PENDING VALUATION,Pending valuation,MACHINERY AND EQUIPMENT,45901,Pending calculation,Pending calculation
641,UGIFT-000641,Instrument Trolley,PENDING VERIFICATION,750000,MACHINERY AND EQUIPMENT,45818,Pending verification,Pending verification
665,UGIFT-000665,Audio Visual Equipment,PENDING VALUATION,Pending valuation,MACHINERY AND EQUIPMENT,45809,Pending calculation,Pending calculation
855,UGIFT-000855,Audio Visual Equipment,PENDING VALUATION,Pending valuation,MACHINERY AND EQUIPMENT,45901,Pending calculation,Pending calculation
1013,UGIFT-001013,Audio Visual Equipment,PENDING VALUATION,Pending valuation,MACHINERY AND EQUIPMENT,45931,Pending calculation,Pending calculation
1142,UGIFT-001142,Audio Visual Equipment,PENDING VALUATION,Pending valuation,MACHINERY AND EQUIPMENT,45931,Pending calculation,Pending calculation
1233,UGIFT-001233,Audio Visual Equipment,PENDING VALUATION,Pending valuation,MACHINERY AND EQUIPMENT,45962,Pending calculation,Pending calculation
1317,UGIFT-001317,Audio Visual Equipment,PENDING VALUATION,Pending valuation,MACHINERY AND EQUIPMENT,45992,Pending calculation,Pending calculation
1428,UGIFT-001428,Audio Visual Equipment,PENDING VALUATION,Pending valuation,MACHINERY AND EQUIPMENT,44866,Pending calculation,Pending calculation
1527,UGIFT-001527,Audio Visual Equipment,PENDING VALUATION,Pending valuation,MACHINERY AND EQUIPMENT,45078,Pending calculation,Pending calculation
1637,UGIFT-001637,Audio Visual Equipment,PENDING VALUATION,Pending valuation,MACHINERY AND EQUIPMENT,45505,Pending calculation,Pending calculation
2126,UGIFT-002126,Audio Visual Equipment,PENDING VALUATION,Pending valuation,MACHINERY AND EQUIPMENT,44896,Pending calculation,Pending calculation
2255,UGIFT-002255,Audio Visual Equipment,PENDING VALUATION,Pending valuation,MACHINERY AND EQUIPMENT,46174,Pending calculation,Pending calculation
2393,UGIFT-002393,Audio Visual Equipment,PENDING VALUATION,Pending valuation,MACHINERY AND EQUIPMENT,45809,Pending calculation,Pending calculation
2721,UGIFT-002721,Audio Visual Equipment,PENDING VALUATION,Pending valuation,MACHINERY AND EQUIPMENT,44482,Pending calculation,Pending calculation
2890,UGIFT-002890,Audio Visual Equipment,PENDING VALUATION,Pending valuation,MACHINERY AND EQUIPMENT,45901,Pending calculation,Pending calculation
3231,UGIFT-003231,Audio Visual Equipment,PENDING VALUATION,Pending valuation,MACHINERY AND EQUIPMENT,45330,Pending calculation,Pending calculation
3315,UGIFT-003315,Audio Visual Equipment,PENDING VALUATION,Pending valuation,MACHINERY AND EQUIPMENT,45839,Pending calculation,Pending calculation
3413,UGIFT-003413,Audio Visual Equipment,PENDING VALUATION,Pending valuation,MACHINERY AND EQUIPMENT,45689,Pending calculation,Pending calculation
3469,UGIFT-003469,ESR Stand,PENDING VERIFICATION,150000,MACHINERY AND EQUIPMENT,45917,Pending verification,Pending verification
3726,UGIFT-003726,Audio Visual Equipment,PENDING VALUATION,Pending valuation,MACHINERY AND EQUIPMENT,45809,Pending calculation,Pending calculation
3908,UGIFT-003908,Audio Visual Equipment,PENDING VALUATION,Pending valuation,MACHINERY AND EQUIPMENT,45992,Pending calculation,Pending calculation
4003,UGIFT-004003,Adult,CAPITALIZED,10000,PENDING CLASSIFICATION,45992,1667.0,500.0
4004,UGIFT-004004,Adult,CAPITALIZED,10000,PENDING CLASSIFICATION,45992,1667.0,500.0
4005,UGIFT-004005,Adult,CAPITALIZED,10000,PENDING CLASSIFICATION,45992,1667.0,500.0
4006,UGIFT-004006,Adult,CAPITALIZED,10000,PENDING CLASSIFICATION,45992,1667.0,500.0
4007,UGIFT-004007,Adult,CAPITALIZED,10000,PENDING CLASSIFICATION,45992,1667.0,500.0
4008,UGIFT-004008,Adult,CAPITALIZED,10000,PENDING CLASSIFICATION,45992,1667.0,500.0
4009,UGIFT-004009,Adult,CAPITALIZED,10000,PENDING CLASSIFICATION,45992,1667.0,500.0
4010,UGIFT-004010,Adult,CAPITALIZED,10000,PENDING CLASSIFICATION,45992,1667.0,500.0
4011,UGIFT-004011,Adult,CAPITALIZED,10000,PENDING CLASSIFICATION,45992,1667.0,500.0
4012,UGIFT-004012,Adult,CAPITALIZED,10000,PENDING CLASSIFICATION,45992,1667.0,500.0
4013,UGIFT-004013,Adult,CAPITALIZED,10000,PENDING CLASSIFICATION,45992,1667.0,500.0
4014,UGIFT-004014,Adult,CAPITALIZED,10000,PENDING CLASSIFICATION,45992,1667.0,500.0
4015,UGIFT-004015,Adult,CAPITALIZED,10000,PENDING CLASSIFICATION,45992,1667.0,500.0
4016,UGIFT-004016,Adult,CAPITALIZED,10000,PENDING CLASSIFICATION,45992,1667.0,500.0
4017,UGIFT-004017,Adult,CAPITALIZED,10000,PENDING CLASSIFICATION,45992,1667.0,500.0
4018,UGIFT-004018,Paediatrick,CAPITALIZED,10000,PENDING CLASSIFICATION,45992,1667.0,500.0
4019,UGIFT-004019,Paediatrick,CAPITALIZED,10000,PENDING CLASSIFICATION,45992,1667.0,500.0
4020,UGIFT-004020,Paediatrick,CAPITALIZED,10000,PENDING CLASSIFICATION,45992,1667.0,500.0
4021,UGIFT-004021,Paediatrick,CAPITALIZED,10000,PENDING CLASSIFICATION,45992,1667.0,500.0
4022,UGIFT-004022,Paediatrick,CAPITALIZED,10000,PENDING CLASSIFICATION,45992,1667.0,500.0
4023,UGIFT-004023,Paediatrick,CAPITALIZED,10000,PENDING CLASSIFICATION,45992,1667.0,500.0
4024,UGIFT-004024,Paediatrick,CAPITALIZED,10000,PENDING CLASSIFICATION,45992,1667.0,500.0
4025,UGIFT-004025,Paediatrick,CAPITALIZED,10000,PENDING CLASSIFICATION,45992,1667.0,500.0
4026,UGIFT-004026,Paediatrick,CAPITALIZED,10000,PENDING CLASSIFICATION,45992,1667.0,500.0
4027,UGIFT-004027,Paediatrick,CAPITALIZED,10000,PENDING CLASSIFICATION,45992,1667.0,500.0
4028,UGIFT-004028,Paediatrick,CAPITALIZED,10000,PENDING CLASSIFICATION,45992,1667.0,500.0
4029,UGIFT-004029,Paediatrick,CAPITALIZED,10000,PENDING CLASSIFICATION,45992,1667.0,500.0
4030,UGIFT-004030,Paediatrick,CAPITALIZED,10000,PENDING CLASSIFICATION,45992,1667.0,500.0
4031,UGIFT-004031,Paediatrick,CAPITALIZED,10000,PENDING CLASSIFICATION,45992,1667.0,500.0
4032,UGIFT-004032,Paediatrick,CAPITALIZED,10000,PENDING CLASSIFICATION,45992,1667.0,500.0
4114,UGIFT-004114,Counting chamber Neubauer- Improved,PENDING VERIFICATION,168000,MACHINERY AND EQUIPMENT,45352,Pending verification,Pending verification
4158,UGIFT-004158,Audio Visual Equipment,PENDING VALUATION,Pending valuation,MACHINERY AND EQUIPMENT,45778,Pending calculation,Pending calculation
4257,UGIFT-004257,Examination light,PENDING VERIFICATION,1904000,MACHINERY AND EQUIPMENT,45924,Pending verification,Pending verification
4258,UGIFT-004258,Examination light,PENDING VERIFICATION,1904000,MACHINERY AND EQUIPMENT,45924,Pending verification,Pending verification
4483,UGIFT-004483,Adult,CAPITALIZED,10000,PENDING CLASSIFICATION,44621,9167.0,500.0
4484,UGIFT-004484,Adult,CAPITALIZED,10000,PENDING CLASSIFICATION,44621,9167.0,500.0
4485,UGIFT-004485,Adult,CAPITALIZED,10000,PENDING CLASSIFICATION,44621,9167.0,500.0
4486,UGIFT-004486,Adult,CAPITALIZED,10000,PENDING CLASSIFICATION,44621,9167.0,500.0
4487,UGIFT-004487,Adult,CAPITALIZED,10000,PENDING CLASSIFICATION,44621,9167.0,500.0
4488,UGIFT-004488,Adult,CAPITALIZED,10000,PENDING CLASSIFICATION,44621,9167.0,500.0
4489,UGIFT-004489,Adult,CAPITALIZED,10000,PENDING CLASSIFICATION,44621,9167.0,500.0
4490,UGIFT-004490,Adult,CAPITALIZED,10000,PENDING CLASSIFICATION,44621,9167.0,500.0
4491,UGIFT-004491,Adult,CAPITALIZED,10000,PENDING CLASSIFICATION,44621,9167.0,500.0
4492,UGIFT-004492,Adult,CAPITALIZED,10000,PENDING CLASSIFICATION,44621,9167.0,500.0
4493,UGIFT-004493,Adult,CAPITALIZED,10000,PENDING CLASSIFICATION,44621,9167.0,500.0
4494,UGIFT-004494,Adult,CAPITALIZED,10000,PENDING CLASSIFICATION,44621,9167.0,500.0
4495,UGIFT-004495,Adult,CAPITALIZED,10000,PENDING CLASSIFICATION,44621,9167.0,500.0
4496,UGIFT-004496,Adult,CAPITALIZED,10000,PENDING CLASSIFICATION,44621,9167.0,500.0
4497,UGIFT-004497,Adult,CAPITALIZED,10000,PENDING CLASSIFICATION,44621,9167.0,500.0
4498,UGIFT-004498,Paediatrick,CAPITALIZED,10000,PENDING CLASSIFICATION,44621,9167.0,500.0
4499,UGIFT-004499,Paediatrick,CAPITALIZED,10000,PENDING CLASSIFICATION,44621,9167.0,500.0
4500,UGIFT-004500,Paediatrick,CAPITALIZED,10000,PENDING CLASSIFICATION,44621,9167.0,500.0
4501,UGIFT-004501,Paediatrick,CAPITALIZED,10000,PENDING CLASSIFICATION,44621,9167.0,500.0
4502,UGIFT-004502,Paediatrick,CAPITALIZED,10000,PENDING CLASSIFICATION,44621,9167.0,500.0
4503,UGIFT-004503,Paediatrick,CAPITALIZED,10000,PENDING CLASSIFICATION,44621,9167.0,500.0
4504,UGIFT-004504,Paediatrick,CAPITALIZED,10000,PENDING CLASSIFICATION,44621,9167.0,500.0
4505,UGIFT-004505,Paediatrick,CAPITALIZED,10000,PENDING CLASSIFICATION,44621,9167.0,500.0
4506,UGIFT-004506,Paediatrick,CAPITALIZED,10000,PENDING CLASSIFICATION,44621,9167.0,500.0
4507,UGIFT-004507,Paediatrick,CAPITALIZED,10000,PENDING CLASSIFICATION,44621,9167.0,500.0
4508,UGIFT-004508,Paediatrick,CAPITALIZED,10000,PENDING CLASSIFICATION,44621,9167.0,500.0
4509,UGIFT-004509,Paediatrick,CAPITALIZED,10000,PENDING CLASSIFICATION,44621,9167.0,500.0
4510,UGIFT-004510,Paediatrick,CAPITALIZED,10000,PENDING CLASSIFICATION,44621,9167.0,500.0
4511,UGIFT-004511,Paediatrick,CAPITALIZED,10000,PENDING CLASSIFICATION,44621,9167.0,500.0
4512,UGIFT-004512,Paediatrick,CAPITALIZED,10000,PENDING CLASSIFICATION,44621,9167.0,500.0
4544,UGIFT-004544,Audio Visual Equipment,PENDING VALUATION,Pending valuation,MACHINERY AND EQUIPMENT,45992,Pending calculation,Pending calculation
4773,UGIFT-004773,Movable lamp for emergency lighting,PENDING VALUATION,Pending valuation,PENDING CLASSIFICATION,45992,Pending calculation,Pending calculation
4777,UGIFT-004777,Screening careens,PENDING VALUATION,Pending valuation,PENDING CLASSIFICATION,45992,Pending calculation,Pending calculation
4778,UGIFT-004778,Screening careens,PENDING VALUATION,Pending valuation,PENDING CLASSIFICATION,45992,Pending calculation,Pending calculation
4779,UGIFT-004779,Screening careens,PENDING VALUATION,Pending valuation,PENDING CLASSIFICATION,45992,Pending calculation,Pending calculation
4780,UGIFT-004780,Screening careens,PENDING VALUATION,Pending valuation,PENDING CLASSIFICATION,45992,Pending calculation,Pending calculation
4809,UGIFT-004809,Buildings,PENDING VALUATION,Pending valuation,BUILDINGS AND STRUCTURES,45992,Pending calculation,Pending calculation
4810,UGIFT-004810,Buildings,PENDING VALUATION,Pending valuation,BUILDINGS AND STRUCTURES,45992,Pending calculation,Pending calculation
4811,UGIFT-004811,Buildings,PENDING VALUATION,Pending valuation,BUILDINGS AND STRUCTURES,45992,Pending calculation,Pending calculation
4812,UGIFT-004812,Buildings,PENDING VALUATION,Pending valuation,BUILDINGS AND STRUCTURES,45992,Pending calculation,Pending calculation
4813,UGIFT-004813,Buildings,PENDING VALUATION,Pending valuation,BUILDINGS AND STRUCTURES,45992,Pending calculation,Pending calculation
4899,UGIFT-004899,Audio Visual Equipment,PENDING VALUATION,Pending valuation,MACHINERY AND EQUIPMENT,45425,Pending calculation,Pending calculation
5095,UGIFT-005095,Silver in color with 2 partitions,PENDING VALUATION,Pending valuation,PENDING CLASSIFICATION,45894,Pending calculation,Pending calculation
5096,UGIFT-005096,Silver in color with 2 partitions,PENDING VALUATION,Pending valuation,PENDING CLASSIFICATION,45894,Pending calculation,Pending calculation
5097,UGIFT-005097,Silver in color with 2 partitions,PENDING VALUATION,Pending valuation,PENDING CLASSIFICATION,45894,Pending calculation,Pending calculation
5098,UGIFT-005098,Silver in color with 2 partitions,PENDING VALUATION,Pending valuation,PENDING CLASSIFICATION,45894,Pending calculation,Pending calculation
5463,UGIFT-005463,Baby Cot,PENDING VERIFICATION,500000,MACHINERY AND EQUIPMENT,45901,Pending verification,Pending verification
5512,UGIFT-005512,Office,PENDING VALUATION,Pending valuation,PENDING CLASSIFICATION,45931,Pending calculation,Pending calculation
5541,UGIFT-005541,Dnetwork,PENDING VALUATION,Pending valuation,PENDING CLASSIFICATION,45931,Pending calculation,Pending calculation
5551,UGIFT-005551,Class,PENDING VALUATION,Pending valuation,PENDING CLASSIFICATION,45931,Pending calculation,Pending calculation
5552,UGIFT-005552,Rooms,PENDING VALUATION,Pending valuation,PENDING CLASSIFICATION,45931,Pending calculation,Pending calculation
5554,UGIFT-005554,Room,PENDING VALUATION,Pending valuation,PENDING CLASSIFICATION,45931,Pending calculation,Pending calculation
5556,UGIFT-005556,Science,PENDING VALUATION,Pending valuation,PENDING CLASSIFICATION,45931,Pending calculation,Pending calculation
5559,UGIFT-005559,ICT Lib,PENDING VALUATION,Pending valuation,PENDING CLASSIFICATION,44621,Pending calculation,Pending calculation
5569,UGIFT-005569,Office,PENDING VALUATION,Pending valuation,PENDING CLASSIFICATION,44682,Pending calculation,Pending calculation
5595,UGIFT-005595,Class,PENDING VALUATION,Pending valuation,PENDING CLASSIFICATION,44682,Pending calculation,Pending calculation
5608,UGIFT-005608,Office,PENDING VALUATION,Pending valuation,PENDING CLASSIFICATION,45778,Pending calculation,Pending calculation
5620,UGIFT-005620,Dnetwork,PENDING VALUATION,Pending valuation,PENDING CLASSIFICATION,45778,Pending calculation,Pending calculation
5626,UGIFT-005626,Printe,PENDING VALUATION,Pending valuation,PENDING CLASSIFICATION,45778,Pending calculation,Pending calculation
5629,UGIFT-005629,Class,PENDING VALUATION,Pending valuation,PENDING CLASSIFICATION,45778,Pending calculation,Pending calculation
5881,UGIFT-005881,Office,PENDING VALUATION,Pending valuation,PENDING CLASSIFICATION,44378,Pending calculation,Pending calculation
5894,UGIFT-005894,Dnetwork,PENDING VALUATION,Pending valuation,PENDING CLASSIFICATION,44378,Pending calculation,Pending calculation
5903,UGIFT-005931,Class,PENDING VALUATION,Pending valuation,PENDING CLASSIFICATION,44378,Pending calculation,Pending calculation
5905,UGIFT-005933,Science,PENDING VALUATION,Pending valuation,PENDING CLASSIFICATION,44197,Pending calculation,Pending calculation
5943,UGIFT-005971,Toilets,PENDING REVIEW,0,BUILDINGS AND STRUCTURES,Commissioning status unresolved,Pending calculation,Pending calculation
5944,UGIFT-005972,Toilets,PENDING REVIEW,0,BUILDINGS AND STRUCTURES,Commissioning status unresolved,Pending calculation,Pending calculation
5955,UGIFT-005983,Toilets,PENDING REVIEW,0,BUILDINGS AND STRUCTURES,Commissioning status unresolved,Pending calculation,Pending calculation
5956,UGIFT-005984,Toilets,PENDING REVIEW,0,BUILDINGS AND STRUCTURES,Commissioning status unresolved,Pending calculation,Pending calculation
6176,UGIFT-006204,Audio Visual Equipment,PENDING VALUATION,Pending valuation,MACHINERY AND EQUIPMENT,44927,Pending calculation,Pending calculation
6431,UGIFT-006459,Audio Visual Equipment,PENDING VALUATION,Pending valuation,MACHINERY AND EQUIPMENT,45413,Pending calculation,Pending calculation
6607,UGIFT-006635,Audio Visual Equipment,PENDING VALUATION,Pending valuation,MACHINERY AND EQUIPMENT,45413,Pending calculation,Pending calculation
6771,UGIFT-006799,Audio Visual Equipment,PENDING VALUATION,Pending valuation,MACHINERY AND EQUIPMENT,45778,Pending calculation,Pending calculation
7797,UGIFT-007825,Audio Visual Equipment,PENDING VALUATION,Pending valuation,MACHINERY AND EQUIPMENT,45778,Pending calculation,Pending calculation
8130,UGIFT-008158,Not Engraved,NOT CAPITALIZED,0,PENDING CLASSIFICATION,45778,0,0
8334,UGIFT-008362,Glucometer,PENDING VERIFICATION,130000,MACHINERY AND EQUIPMENT,45925,Pending verification,Pending verification
8335,UGIFT-008363,"Haemoglobin Meter, Digital",PENDING VERIFICATION,450000,MACHINERY AND EQUIPMENT,45925,Pending verification,Pending verification
8339,UGIFT-008367,Microscope Binocular,PENDING VERIFICATION,1400000,MACHINERY AND EQUIPMENT,45925,Pending verification,Pending verification
8354,UGIFT-008382,"Stove, Gas",PENDING VERIFICATION,560000,MACHINERY AND EQUIPMENT,45925,Pending verification,Pending verification
8384,UGIFT-008412,Diagnostic Equipment Set for OPD,PENDING VERIFICATION,700000,MACHINERY AND EQUIPMENT,45925,Pending verification,Pending verification
9464,UGIFT-009492,Microscope Binocular,PENDING VERIFICATION,700000,MACHINERY AND EQUIPMENT,45901,Pending verification,Pending verification
9496,UGIFT-009524,Audio Visual Equipment,PENDING VALUATION,Pending valuation,MACHINERY AND EQUIPMENT,44805,Pending calculation,Pending calculation
9621,UGIFT-009649,Incubator,PENDING VERIFICATION,350000,MACHINERY AND EQUIPMENT,45323,Pending verification,Pending verification
9640,UGIFT-009668,"B.P. Machine, Digital",PENDING VERIFICATION,300000,MACHINERY AND EQUIPMENT,45976,Pending verification,Pending verification
9641,UGIFT-009669,"B.P. Machine, Digital",PENDING VERIFICATION,300000,MACHINERY AND EQUIPMENT,45976,Pending verification,Pending verification
9642,UGIFT-009670,B.P. Machine (Aneroid wall mounted),PENDING VERIFICATION,300000,MACHINERY AND EQUIPMENT,45976,Pending verification,Pending verification
9643,UGIFT-009671,B.P. Machine (Aneroid wall mounted),PENDING VERIFICATION,183105,MACHINERY AND EQUIPMENT,46341,Pending verification,Pending verification
9649,UGIFT-009677,Counting chamber Neubauer- Improved,PENDING VERIFICATION,55000,MACHINERY AND EQUIPMENT,45976,Pending verification,Pending verification
9650,UGIFT-009678,Counting chamber Neubauer- Improved,PENDING VERIFICATION,55000,MACHINERY AND EQUIPMENT,45976,Pending verification,Pending verification
9689,UGIFT-009717,Audio Visual Equipment,PENDING VERIFICATION,Pending valuation,MACHINERY AND EQUIPMENT,45962,Pending verification,Pending verification
9872,UGIFT-009900,Audio Visual Equipment,PENDING VALUATION,Pending valuation,MACHINERY AND EQUIPMENT,45809,Pending calculation,Pending calculation
10123,UGIFT-010151,ESR Stand,PENDING VERIFICATION,280000,MACHINERY AND EQUIPMENT,45761,Pending verification,Pending verification
10161,UGIFT-010189,Audio Visual Equipment,PENDING VALUATION,Pending valuation,MACHINERY AND EQUIPMENT,45778,Pending calculation,Pending calculation
10237,UGIFT-010265,"Resuscitator Manual, Adult, with all mask sizes",PENDING VERIFICATION,0,MACHINERY AND EQUIPMENT,45761,Pending verification,Pending verification
10325,UGIFT-010353,Counting chamber Neubauer- Improved,PENDING VERIFICATION,168000,MACHINERY AND EQUIPMENT,45352,Pending verification,Pending verification
10340,UGIFT-010368,"Examination light,LED",PENDING VERIFICATION,952000,MACHINERY AND EQUIPMENT,42856,Pending verification,Pending verification
10369,UGIFT-010397,"Stove, Gas",PENDING VERIFICATION,1008000,MACHINERY AND EQUIPMENT,42491,Pending verification,Pending verification
10371,UGIFT-010399,"Weighing Scale with Height Meter, Adult",PENDING VERIFICATION,1500000,MACHINERY AND EQUIPMENT,42491,Pending verification,Pending verification
10374,UGIFT-010402,"Weighing Scale, Toddler",PENDING VERIFICATION,728000,MACHINERY AND EQUIPMENT,42491,Pending verification,Pending verification
10379,UGIFT-010407,Audio Visual Equipment,NOT RECOGNIZED,Pending valuation,MACHINERY AND EQUIPMENT,Not applicable - not received,0,0
10414,UGIFT-010442,"Instrument Set, Dressing",PENDING VERIFICATION,6664000,MACHINERY AND EQUIPMENT,42491,Pending verification,Pending verification
10451,UGIFT-010479,"Oxygen Therapy Apparatus, Mininum 46L cylinder",PENDING VERIFICATION,2800000,MACHINERY AND EQUIPMENT,42491,Pending verification,Pending verification
10497,UGIFT-010525,"Fetoscope, Dopplar",PENDING VERIFICATION,672000,MACHINERY AND EQUIPMENT,42491,Pending verification,Pending verification
10591,UGIFT-010619,Audio Visual Equipment,NOT RECOGNIZED,Pending valuation,MACHINERY AND EQUIPMENT,Not applicable - not received,0,0
10791,UGIFT-010819,Audio Visual Equipment,NOT RECOGNIZED,Pending valuation,MACHINERY AND EQUIPMENT,Not applicable - not received,0,0
10978,UGIFT-011006,Wheel Chair,PENDING VERIFICATION,610000,MACHINERY AND EQUIPMENT,45923,Pending verification,Pending verification
10979,UGIFT-011007,Audio Visual Equipment,NOT RECOGNIZED,Pending valuation,MACHINERY AND EQUIPMENT,Not applicable - not received,0,0
11086,UGIFT-011114,"Instrument set, ENT Basic for HCIII",PENDING VERIFICATION,2016000,MACHINERY AND EQUIPMENT,45923,Pending verification,Pending verification
11087,UGIFT-011115,"Bag Valve mask (Ambu Bag), Neonatal",PENDING VERIFICATION,400000,MACHINERY AND EQUIPMENT,45923,Pending verification,Pending verification
11120,UGIFT-011148,ESR Stand,PENDING VERIFICATION,150000,MACHINERY AND EQUIPMENT,45976,Pending verification,Pending verification
11148,UGIFT-011176,"Stove, Gas",PENDING VERIFICATION,800000,MACHINERY AND EQUIPMENT,45962,Pending verification,Pending verification
11157,UGIFT-011185,Audio Visual Equipment,NOT RECOGNIZED,Pending valuation,MACHINERY AND EQUIPMENT,Not applicable - not received,0,0
11242,UGIFT-011270,Head lamp,CAPITALIZED,1904000,PENDING CLASSIFICATION,46094,222133.0,95200.0
11318,UGIFT-011346,Audio Visual Equipment,PENDING VALUATION,Pending valuation,MACHINERY AND EQUIPMENT,48846,Pending calculation,Pending calculation
11423,UGIFT-011451,Radiant Infant Warmer,PENDING VERIFICATION,4761900,MACHINERY AND EQUIPMENT,45014,Pending verification,Pending verification
11513,UGIFT-011541,Audio Visual Equipment,NOT RECOGNIZED,Pending valuation,MACHINERY AND EQUIPMENT,Not applicable - not received,0,0
11631,UGIFT-011659,OPD renovation,CAPITALIZED,25000000,PENDING CLASSIFICATION,44986,17916667.0,1250000.0
11791,UGIFT-011819,"Bowl, Kick",PENDING VERIFICATION,200000,MACHINERY AND EQUIPMENT,45976,Pending verification,Pending verification
11815,UGIFT-011843,Instrument Trolley,PENDING VERIFICATION,1600000,MACHINERY AND EQUIPMENT,45976,Pending verification,Pending verification
11936,UGIFT-011964,Incubator,PENDING VERIFICATION,350000,MACHINERY AND EQUIPMENT,45323,Pending verification,Pending verification
11990,UGIFT-012018,ESR Stand,PENDING VERIFICATION,280000,MACHINERY AND EQUIPMENT,45793,Pending verification,Pending verification
11991,UGIFT-012019,ESR Stand,PENDING VERIFICATION,280000,MACHINERY AND EQUIPMENT,45793,Pending verification,Pending verification
11992,UGIFT-012020,ESR Stand,PENDING VERIFICATION,280000,MACHINERY AND EQUIPMENT,45793,Pending verification,Pending verification
12119,UGIFT-012147,"Resuscitator Manual, Adult, with all mask sizes",PENDING VERIFICATION,851200,MACHINERY AND EQUIPMENT,45793,Pending verification,Pending verification
12284,UGIFT-012312,Audio Visual Equipment,NOT RECOGNIZED,Pending valuation,MACHINERY AND EQUIPMENT,Not applicable - not received,0,0
12685,UGIFT-012713,Audio Visual Equipment,PENDING VALUATION,Pending valuation,MACHINERY AND EQUIPMENT,45901,Pending calculation,Pending calculation
12864,UGIFT-012892,Patient Screen,PENDING VERIFICATION,350000,MACHINERY AND EQUIPMENT,45825,Pending verification,Pending verification
12865,UGIFT-012893,Patient Screen,PENDING VERIFICATION,350000,MACHINERY AND EQUIPMENT,45825,Pending verification,Pending verification
12866,UGIFT-012894,Patient Screen,PENDING VERIFICATION,350000,MACHINERY AND EQUIPMENT,45825,Pending verification,Pending verification
12891,UGIFT-012919,Audio Visual Equipment,PENDING VALUATION,Pending valuation,MACHINERY AND EQUIPMENT,45825,Pending calculation,Pending calculation
12892,UGIFT-012920,Audio Visual Equipment,PENDING VALUATION,Pending valuation,MACHINERY AND EQUIPMENT,45825,Pending calculation,Pending calculation
13118,UGIFT-013146,Audio Visual Equipment,PENDING VALUATION,Pending valuation,MACHINERY AND EQUIPMENT,45901,Pending calculation,Pending calculation
13257,UGIFT-013285,Drip Stand,PENDING VERIFICATION,31111,MACHINERY AND EQUIPMENT,44369,Pending verification,Pending verification
13258,UGIFT-013286,Drip Stand,PENDING VERIFICATION,31111,MACHINERY AND EQUIPMENT,44369,Pending verification,Pending verification
13259,UGIFT-013287,Drip Stand,PENDING VERIFICATION,31111,MACHINERY AND EQUIPMENT,44369,Pending verification,Pending verification
13260,UGIFT-013288,Drip Stand,PENDING VERIFICATION,31111,MACHINERY AND EQUIPMENT,44369,Pending verification,Pending verification
13261,UGIFT-013289,Drip Stand,PENDING VERIFICATION,31111,MACHINERY AND EQUIPMENT,44369,Pending verification,Pending verification
13262,UGIFT-013290,Drip Stand,PENDING VERIFICATION,31111,MACHINERY AND EQUIPMENT,44369,Pending verification,Pending verification
13263,UGIFT-013291,Drip Stand,PENDING VERIFICATION,31111,MACHINERY AND EQUIPMENT,44369,Pending verification,Pending verification
13264,UGIFT-013292,Drip Stand,PENDING VERIFICATION,31111,MACHINERY AND EQUIPMENT,44369,Pending verification,Pending verification
13265,UGIFT-013293,Drip Stand,PENDING VERIFICATION,31111,MACHINERY AND EQUIPMENT,44369,Pending verification,Pending verification
13266,UGIFT-013294,Drip Stand,PENDING VERIFICATION,31111,MACHINERY AND EQUIPMENT,44369,Pending verification,Pending verification
13267,UGIFT-013295,Drip Stand,PENDING VERIFICATION,31111,MACHINERY AND EQUIPMENT,44369,Pending verification,Pending verification
13268,UGIFT-013296,Drip Stand,PENDING VERIFICATION,31111,MACHINERY AND EQUIPMENT,44369,Pending verification,Pending verification
13269,UGIFT-013297,Drip Stand,PENDING VERIFICATION,31111,MACHINERY AND EQUIPMENT,44369,Pending verification,Pending verification
13278,UGIFT-013306,Instrument Trolley,PENDING VERIFICATION,680000,MACHINERY AND EQUIPMENT,44369,Pending verification,Pending verification
13280,UGIFT-013308,Otoscope,PENDING VERIFICATION,320000,MACHINERY AND EQUIPMENT,44369,Pending verification,Pending verification
13286,UGIFT-013314,Patient Trolley,PENDING VERIFICATION,1120000,MACHINERY AND EQUIPMENT,44369,Pending verification,Pending verification
13301,UGIFT-013329,Audio Visual Equipment,PENDING VERIFICATION,Pending valuation,MACHINERY AND EQUIPMENT,44483,Pending verification,Pending verification
13337,UGIFT-013365,Diagnostic Equipment Set for MCH,PENDING VERIFICATION,560884,MACHINERY AND EQUIPMENT,44369,Pending verification,Pending verification
13339,UGIFT-013367,Diagnostic Equipment Set for OPD,PENDING VERIFICATION,433673,MACHINERY AND EQUIPMENT,44369,Pending verification,Pending verification
13376,UGIFT-013404,"Resuscitator Manual, Infant, with all Mask sizes",PENDING VERIFICATION,0,MACHINERY AND EQUIPMENT,44348,Pending verification,Pending verification
13377,UGIFT-013405,"Resuscitator Manual, Infant, with all Mask sizes",PENDING VERIFICATION,0,MACHINERY AND EQUIPMENT,44348,Pending verification,Pending verification
13378,UGIFT-013406,"Resuscitator Manual, Adult, with all mask sizes",PENDING VERIFICATION,0,MACHINERY AND EQUIPMENT,44348,Pending verification,Pending verification
13426,UGIFT-013454,"Haemoglobin Meter, Sahli",PENDING VERIFICATION,825710,MACHINERY AND EQUIPMENT,45901,Pending verification,Pending verification
13506,UGIFT-013534,CPU,PENDING VERIFICATION,1370000,MACHINERY AND EQUIPMENT,44571,Pending verification,Pending verification
13510,UGIFT-013538,CPU,PENDING VERIFICATION,1370000,MACHINERY AND EQUIPMENT,44571,Pending verification,Pending verification
13514,UGIFT-013542,CPU,PENDING VERIFICATION,1370000,MACHINERY AND EQUIPMENT,44571,Pending verification,Pending verification
13518,UGIFT-013546,CPU,PENDING VERIFICATION,1370000,MACHINERY AND EQUIPMENT,44571,Pending verification,Pending verification
13522,UGIFT-013550,CPU,PENDING VERIFICATION,1370000,MACHINERY AND EQUIPMENT,44571,Pending verification,Pending verification
13526,UGIFT-013554,CPU,PENDING VERIFICATION,1370000,MACHINERY AND EQUIPMENT,44571,Pending verification,Pending verification
13530,UGIFT-013558,CPU,PENDING VERIFICATION,1370000,MACHINERY AND EQUIPMENT,44571,Pending verification,Pending verification
13534,UGIFT-013562,CPU,PENDING VERIFICATION,1370000,MACHINERY AND EQUIPMENT,44571,Pending verification,Pending verification
13538,UGIFT-013566,CPU,PENDING VERIFICATION,1370000,MACHINERY AND EQUIPMENT,44571,Pending verification,Pending verification
13542,UGIFT-013570,CPU,PENDING VERIFICATION,1370000,MACHINERY AND EQUIPMENT,44571,Pending verification,Pending verification
13546,UGIFT-013574,CPU,PENDING VERIFICATION,1370000,MACHINERY AND EQUIPMENT,44571,Pending verification,Pending verification
13550,UGIFT-013578,CPU,PENDING VERIFICATION,1370000,MACHINERY AND EQUIPMENT,44571,Pending verification,Pending verification
13554,UGIFT-013582,CPU,PENDING VERIFICATION,1370000,MACHINERY AND EQUIPMENT,44571,Pending verification,Pending verification
13558,UGIFT-013586,CPU,PENDING VERIFICATION,1370000,MACHINERY AND EQUIPMENT,44571,Pending verification,Pending verification
13562,UGIFT-013590,CPU,PENDING VERIFICATION,1370000,MACHINERY AND EQUIPMENT,44571,Pending verification,Pending verification
13566,UGIFT-013594,CPU,PENDING VERIFICATION,1370000,MACHINERY AND EQUIPMENT,44571,Pending verification,Pending verification
13570,UGIFT-013598,CPU,PENDING VERIFICATION,1370000,MACHINERY AND EQUIPMENT,44571,Pending verification,Pending verification
13574,UGIFT-013602,CPU,PENDING VERIFICATION,1370000,MACHINERY AND EQUIPMENT,44571,Pending verification,Pending verification
13578,UGIFT-013606,CPU,PENDING VERIFICATION,1370000,MACHINERY AND EQUIPMENT,44571,Pending verification,Pending verification
13582,UGIFT-013610,CPU,PENDING VERIFICATION,1370000,MACHINERY AND EQUIPMENT,44571,Pending verification,Pending verification
13586,UGIFT-013614,CPU,PENDING VERIFICATION,1370000,MACHINERY AND EQUIPMENT,44571,Pending verification,Pending verification
13590,UGIFT-013618,CPU,PENDING VERIFICATION,1370000,MACHINERY AND EQUIPMENT,44571,Pending verification,Pending verification
13591,UGIFT-013619,Monitor,PENDING VERIFICATION,2259000,MACHINERY AND EQUIPMENT,44571,Pending verification,Pending verification
13632,UGIFT-013660,Dvr Turbo Hd 7200,PENDING VALUATION,Pending valuation,PENDING CLASSIFICATION,44337,Pending calculation,Pending calculation
13633,UGIFT-013661,Hard Disc Drive,PENDING VALUATION,Pending valuation,PENDING CLASSIFICATION,44337,Pending calculation,Pending calculation
13636,UGIFT-013664,CD Rom,PENDING VALUATION,Pending valuation,PENDING CLASSIFICATION,44337,Pending calculation,Pending calculation
13639,UGIFT-013667,Acer,PENDING VALUATION,Pending valuation,PENDING CLASSIFICATION,45860,Pending calculation,Pending calculation
13640,UGIFT-013668,Acer,PENDING VALUATION,Pending valuation,PENDING CLASSIFICATION,45860,Pending calculation,Pending calculation
14823,UGIFT-014851,Network face plate points,PENDING VALUATION,Pending valuation,PENDING CLASSIFICATION,46001,Pending calculation,Pending calculation
14831,UGIFT-014859,Laboratory,CAPITALIZED,290408145,PENDING CLASSIFICATION,44800,242006788.0,14520408.0
15114,UGIFT-015142,Desktop Computer,PENDING VERIFICATION,2886447,MACHINERY AND EQUIPMENT,44609,Pending verification,Pending verification
15115,UGIFT-015143,Desktop Computer,PENDING VERIFICATION,2886447,MACHINERY AND EQUIPMENT,44609,Pending verification,Pending verification
15116,UGIFT-015144,Desktop Computer,PENDING VERIFICATION,2886447,MACHINERY AND EQUIPMENT,44974,Pending verification,Pending verification
15117,UGIFT-015145,Desktop Computer,PENDING VERIFICATION,2886447,MACHINERY AND EQUIPMENT,44974,Pending verification,Pending verification
15118,UGIFT-015146,Desktop Computer,PENDING VERIFICATION,2886447,MACHINERY AND EQUIPMENT,45339,Pending verification,Pending verification
15119,UGIFT-015147,Desktop Computer,PENDING VERIFICATION,2886447,MACHINERY AND EQUIPMENT,45339,Pending verification,Pending verification
15120,UGIFT-015148,Desktop Computer,PENDING VERIFICATION,2886447,MACHINERY AND EQUIPMENT,45705,Pending verification,Pending verification
15121,UGIFT-015149,Desktop Computer,PENDING VERIFICATION,2886447,MACHINERY AND EQUIPMENT,45705,Pending verification,Pending verification
15122,UGIFT-015150,Desktop Computer,PENDING VERIFICATION,2886447,MACHINERY AND EQUIPMENT,46070,Pending verification,Pending verification
15123,UGIFT-015151,Desktop Computer,PENDING VERIFICATION,2886447,MACHINERY AND EQUIPMENT,46070,Pending verification,Pending verification
15124,UGIFT-015152,Desktop Computer,PENDING VERIFICATION,2886447,MACHINERY AND EQUIPMENT,46435,Pending verification,Pending verification
15145,UGIFT-015173,Projector,PENDING VERIFICATION,4100000,MACHINERY AND EQUIPMENT,44609,Pending verification,Pending verification
16150,UGIFT-016178,External works,CAPITALIZED,43420000,PENDING CLASSIFICATION,45992,7236667.0,2171000.0
17177,UGIFT-017205,Laboratory,CAPITALIZED,185078565,PENDING CLASSIFICATION,44312,185078565.0,0.0
17181,UGIFT-017209,fire extinguisher,PENDING VERIFICATION,225000,MACHINERY AND EQUIPMENT,44312,Pending verification,Pending verification
18336,UGIFT-018364,Laboratory,CAPITALIZED,290408145,PENDING CLASSIFICATION,45826,77442172.0,14520407.0
18764,UGIFT-018792,Laboratory,CAPITALIZED,290408145,PENDING CLASSIFICATION,44312,290408145.0,0.0
18777,UGIFT-018805,Demostration garden,PENDING VALUATION,Pending valuation,PENDING CLASSIFICATION,44312,Pending calculation,Pending calculation
19283,UGIFT-019311,Science Laboratory,CAPITALIZED,185078565,PENDING CLASSIFICATION,43497,185078565.0,0.0
19996,UGIFT-020024,blocks,PENDING VALUATION,Pending valuation,BUILDINGS AND STRUCTURES,44853,Pending calculation,Pending calculation
20582,UGIFT-020610,Desktop Computer,PENDING VERIFICATION,3000000,MACHINERY AND EQUIPMENT,45748,Pending verification,Pending verification
20583,UGIFT-020611,Desktop Computer,PENDING VERIFICATION,3000000,MACHINERY AND EQUIPMENT,45748,Pending verification,Pending verification
20584,UGIFT-020612,Desktop Computer,PENDING VERIFICATION,3000000,MACHINERY AND EQUIPMENT,45748,Pending verification,Pending verification
20585,UGIFT-020613,Desktop Computer,PENDING VERIFICATION,3000000,MACHINERY AND EQUIPMENT,45748,Pending verification,Pending verification
20586,UGIFT-020614,Desktop Computer,PENDING VERIFICATION,3000000,MACHINERY AND EQUIPMENT,45748,Pending verification,Pending verification
20587,UGIFT-020615,Desktop Computer,PENDING VERIFICATION,3000000,MACHINERY AND EQUIPMENT,45748,Pending verification,Pending verification
20588,UGIFT-020616,Desktop Computer,PENDING VERIFICATION,3000000,MACHINERY AND EQUIPMENT,45748,Pending verification,Pending verification
20589,UGIFT-020617,Desktop Computer,PENDING VERIFICATION,3000000,MACHINERY AND EQUIPMENT,45748,Pending verification,Pending verification
20590,UGIFT-020618,Desktop Computer,PENDING VERIFICATION,3000000,MACHINERY AND EQUIPMENT,45748,Pending verification,Pending verification
20591,UGIFT-020619,Desktop Computer,PENDING VERIFICATION,3000000,MACHINERY AND EQUIPMENT,45748,Pending verification,Pending verification
20592,UGIFT-020620,Desktop Computer,PENDING VERIFICATION,3000000,MACHINERY AND EQUIPMENT,45748,Pending verification,Pending verification
20593,UGIFT-020621,Desktop Computer,PENDING VERIFICATION,3000000,MACHINERY AND EQUIPMENT,45748,Pending verification,Pending verification
20594,UGIFT-020622,Desktop Computer,PENDING VERIFICATION,3000000,MACHINERY AND EQUIPMENT,45748,Pending verification,Pending verification
20595,UGIFT-020623,Desktop Computer,PENDING VERIFICATION,3000000,MACHINERY AND EQUIPMENT,45748,Pending verification,Pending verification
20596,UGIFT-020624,Desktop Computer,PENDING VERIFICATION,3000000,MACHINERY AND EQUIPMENT,45748,Pending verification,Pending verification
20597,UGIFT-020625,Desktop Computer,PENDING VERIFICATION,3000000,MACHINERY AND EQUIPMENT,45748,Pending verification,Pending verification
20598,UGIFT-020626,Desktop Computer,PENDING VERIFICATION,3000000,MACHINERY AND EQUIPMENT,45748,Pending verification,Pending verification
20599,UGIFT-020627,Desktop Computer,PENDING VERIFICATION,3000000,MACHINERY AND EQUIPMENT,45748,Pending verification,Pending verification
20600,UGIFT-020628,Desktop Computer,PENDING VERIFICATION,3000000,MACHINERY AND EQUIPMENT,45748,Pending verification,Pending verification
20601,UGIFT-020629,Desktop Computer,PENDING VERIFICATION,3000000,MACHINERY AND EQUIPMENT,45748,Pending verification,Pending verification
20602,UGIFT-020630,Server Processor,PENDING VERIFICATION,6000000,MACHINERY AND EQUIPMENT,45748,Pending verification,Pending verification
20603,UGIFT-020631,Network Switch 24 Port,PENDING VERIFICATION,450000,MACHINERY AND EQUIPMENT,45748,Pending verification,Pending verification
20604,UGIFT-020632,Network Switch 24 Port,PENDING VERIFICATION,450000,MACHINERY AND EQUIPMENT,45748,Pending verification,Pending verification
20605,UGIFT-020633,Multipurpose Printer,PENDING VERIFICATION,4360000,MACHINERY AND EQUIPMENT,45748,Pending verification,Pending verification
20606,UGIFT-020634,UPS,PENDING VERIFICATION,552000,MACHINERY AND EQUIPMENT,45778,Pending verification,Pending verification
20607,UGIFT-020635,UPS,PENDING VERIFICATION,552000,MACHINERY AND EQUIPMENT,45778,Pending verification,Pending verification
20608,UGIFT-020636,UPS,PENDING VERIFICATION,552000,MACHINERY AND EQUIPMENT,45778,Pending verification,Pending verification
20609,UGIFT-020637,UPS,PENDING VERIFICATION,552000,MACHINERY AND EQUIPMENT,45778,Pending verification,Pending verification
20610,UGIFT-020638,UPS,PENDING VERIFICATION,552000,MACHINERY AND EQUIPMENT,45778,Pending verification,Pending verification
20611,UGIFT-020639,UPS,PENDING VERIFICATION,552000,MACHINERY AND EQUIPMENT,45778,Pending verification,Pending verification
20612,UGIFT-020640,UPS,PENDING VERIFICATION,552000,MACHINERY AND EQUIPMENT,45778,Pending verification,Pending verification
20613,UGIFT-020641,UPS,PENDING VERIFICATION,552000,MACHINERY AND EQUIPMENT,45778,Pending verification,Pending verification
20614,UGIFT-020642,UPS,PENDING VERIFICATION,552000,MACHINERY AND EQUIPMENT,45778,Pending verification,Pending verification
20615,UGIFT-020643,UPS,PENDING VERIFICATION,552000,MACHINERY AND EQUIPMENT,45778,Pending verification,Pending verification
20616,UGIFT-020644,UPS,PENDING VERIFICATION,552000,MACHINERY AND EQUIPMENT,45778,Pending verification,Pending verification
20617,UGIFT-020645,UPS,PENDING VERIFICATION,552000,MACHINERY AND EQUIPMENT,45778,Pending verification,Pending verification
20618,UGIFT-020646,UPS,PENDING VERIFICATION,552000,MACHINERY AND EQUIPMENT,45778,Pending verification,Pending verification
20619,UGIFT-020647,UPS,PENDING VERIFICATION,552000,MACHINERY AND EQUIPMENT,45778,Pending verification,Pending verification
20620,UGIFT-020648,UPS,PENDING VERIFICATION,552000,MACHINERY AND EQUIPMENT,45778,Pending verification,Pending verification
20621,UGIFT-020649,UPS,PENDING VERIFICATION,552000,MACHINERY AND EQUIPMENT,45778,Pending verification,Pending verification
20622,UGIFT-020650,UPS,PENDING VERIFICATION,552000,MACHINERY AND EQUIPMENT,45778,Pending verification,Pending verification
20623,UGIFT-020651,UPS,PENDING VERIFICATION,552000,MACHINERY AND EQUIPMENT,45778,Pending verification,Pending verification
20624,UGIFT-020652,UPS,PENDING VERIFICATION,552000,MACHINERY AND EQUIPMENT,45778,Pending verification,Pending verification
20625,UGIFT-020653,UPS,PENDING VERIFICATION,552000,MACHINERY AND EQUIPMENT,45778,Pending verification,Pending verification
20626,UGIFT-020654,Projector,PENDING VERIFICATION,2982270,MACHINERY AND EQUIPMENT,45748,Pending verification,Pending verification
20627,UGIFT-020655,Air Conditioner,PENDING VERIFICATION,6784499,MACHINERY AND EQUIPMENT,45748,Pending verification,Pending verification
20628,UGIFT-020656,Air Conditioner,PENDING VERIFICATION,6784499,MACHINERY AND EQUIPMENT,45748,Pending verification,Pending verification
20629,UGIFT-020657,Server,PENDING VERIFICATION,6850000,MACHINERY AND EQUIPMENT,45748,Pending verification,Pending verification
20630,UGIFT-020658,CCTV Camera,PENDING VERIFICATION,2500000,MACHINERY AND EQUIPMENT,45748,Pending verification,Pending verification
20631,UGIFT-020659,firewall,PENDING VERIFICATION,7650000,MACHINERY AND EQUIPMENT,45809,Pending verification,Pending verification
20632,UGIFT-020660,Wireless router and access points,PENDING VERIFICATION,1000000,MACHINERY AND EQUIPMENT,44593,Pending verification,Pending verification
20634,UGIFT-020662,Fence,PENDING VERIFICATION,6535600,BUILDINGS AND STRUCTURES,45809,Pending verification,Pending verification
20637,UGIFT-020665,Kitchen Block,PENDING VERIFICATION,141592000,BUILDINGS AND STRUCTURES,45778,Pending verification,Pending verification
21186,UGIFT-021214,Server Processor,PENDING VERIFICATION,6000000,MACHINERY AND EQUIPMENT,45444,Pending verification,Pending verification
21187,UGIFT-021215,Network Switch 24 Port,PENDING VERIFICATION,450000,MACHINERY AND EQUIPMENT,45809,Pending verification,Pending verification
21189,UGIFT-021217,UPS,PENDING VERIFICATION,552000,MACHINERY AND EQUIPMENT,45901,Pending verification,Pending verification
21190,UGIFT-021218,Projector,PENDING VERIFICATION,2982270,MACHINERY AND EQUIPMENT,45809,Pending verification,Pending verification
21192,UGIFT-021220,Server,PENDING VERIFICATION,6850000,MACHINERY AND EQUIPMENT,45444,Pending verification,Pending verification
21193,UGIFT-021221,CCTV Camera,PENDING VERIFICATION,2500000,MACHINERY AND EQUIPMENT,45017,Pending verification,Pending verification
21194,UGIFT-021222,firewall,PENDING VERIFICATION,7650000,MACHINERY AND EQUIPMENT,45809,Pending verification,Pending verification
21195,UGIFT-021223,wireless routerLAN,PENDING VERIFICATION,Pending valuation,PENDING CLASSIFICATION,45901,Pending verification,Pending verification
21799,UGIFT-021827,Network Switch 24 Port,PENDING VERIFICATION,450000,MACHINERY AND EQUIPMENT,45809,Pending verification,Pending verification
22500,UGIFT-022528,Server ups,PENDING VERIFICATION,1500000,MACHINERY AND EQUIPMENT,45802,Pending verification,Pending verification
22501,UGIFT-022529,Server Processor,PENDING VERIFICATION,8500000,MACHINERY AND EQUIPMENT,45802,Pending verification,Pending verification
23103,UGIFT-023131,Office table,PENDING VERIFICATION,50000,MACHINERY AND EQUIPMENT,44621,Pending verification,Pending verification
23131,UGIFT-023159,Server Processor,PENDING VERIFICATION,6119102,MACHINERY AND EQUIPMENT,45748,Pending verification,Pending verification
23132,UGIFT-023160,Server high end desktop,PENDING VERIFICATION,12735000,MACHINERY AND EQUIPMENT,44621,Pending verification,Pending verification
23133,UGIFT-023161,Server ups,PENDING VERIFICATION,6479050,MACHINERY AND EQUIPMENT,45778,Pending verification,Pending verification
23134,UGIFT-023162,Network Switch 24 Port,PENDING VERIFICATION,8638732,MACHINERY AND EQUIPMENT,45748,Pending verification,Pending verification
23165,UGIFT-023193,Air Conditioners,PENDING VERIFICATION,6838997,MACHINERY AND EQUIPMENT,45778,Pending verification,Pending verification
23166,UGIFT-023194,Server,PENDING VERIFICATION,5501500,MACHINERY AND EQUIPMENT,45778,Pending verification,Pending verification
23168,UGIFT-023196,Port,PENDING VERIFICATION,316052,MACHINERY AND EQUIPMENT,45778,Pending verification,Pending verification
23169,UGIFT-023197,Port,PENDING VERIFICATION,316052,MACHINERY AND EQUIPMENT,45778,Pending verification,Pending verification
23170,UGIFT-023198,firewall,PENDING VERIFICATION,8800000,MACHINERY AND EQUIPMENT,45778,Pending verification,Pending verification
23171,UGIFT-023199,wireless router,PENDING VERIFICATION,1799736,MACHINERY AND EQUIPMENT,45778,Pending verification,Pending verification
23172,UGIFT-023200,wireless router,PENDING VERIFICATION,1799736,MACHINERY AND EQUIPMENT,45778,Pending verification,Pending verification
23918,UGIFT-023946,Desktop Computer,PENDING VERIFICATION,3000000,MACHINERY AND EQUIPMENT,45809,Pending verification,Pending verification
23919,UGIFT-023947,Desktop Computer,PENDING VERIFICATION,3000000,MACHINERY AND EQUIPMENT,45809,Pending verification,Pending verification
23920,UGIFT-023948,Desktop Computer,PENDING VERIFICATION,3000000,MACHINERY AND EQUIPMENT,45809,Pending verification,Pending verification
23921,UGIFT-023949,Desktop Computer,PENDING VERIFICATION,3000000,MACHINERY AND EQUIPMENT,45809,Pending verification,Pending verification
23922,UGIFT-023950,Desktop Computer,PENDING VERIFICATION,3000000,MACHINERY AND EQUIPMENT,45809,Pending verification,Pending verification
23923,UGIFT-023951,Desktop Computer,PENDING VERIFICATION,3000000,MACHINERY AND EQUIPMENT,45809,Pending verification,Pending verification
23924,UGIFT-023952,Desktop Computer,PENDING VERIFICATION,3000000,MACHINERY AND EQUIPMENT,45809,Pending verification,Pending verification
23925,UGIFT-023953,Desktop Computer,PENDING VERIFICATION,3000000,MACHINERY AND EQUIPMENT,45809,Pending verification,Pending verification
23926,UGIFT-023954,Desktop Computer,PENDING VERIFICATION,3000000,MACHINERY AND EQUIPMENT,45809,Pending verification,Pending verification
23927,UGIFT-023955,Desktop Computer,PENDING VERIFICATION,3000000,MACHINERY AND EQUIPMENT,45809,Pending verification,Pending verification
23928,UGIFT-023956,Desktop Computer,PENDING VERIFICATION,3000000,MACHINERY AND EQUIPMENT,45809,Pending verification,Pending verification
23929,UGIFT-023957,Desktop Computer,PENDING VERIFICATION,3000000,MACHINERY AND EQUIPMENT,45809,Pending verification,Pending verification
23930,UGIFT-023958,Desktop Computer,PENDING VERIFICATION,3000000,MACHINERY AND EQUIPMENT,45809,Pending verification,Pending verification
23931,UGIFT-023959,Desktop Computer,PENDING VERIFICATION,3000000,MACHINERY AND EQUIPMENT,45809,Pending verification,Pending verification
23932,UGIFT-023960,Desktop Computer,PENDING VERIFICATION,3000000,MACHINERY AND EQUIPMENT,45809,Pending verification,Pending verification
23933,UGIFT-023961,Desktop Computer,PENDING VERIFICATION,3000000,MACHINERY AND EQUIPMENT,45809,Pending verification,Pending verification
23934,UGIFT-023962,Desktop Computer,PENDING VERIFICATION,3000000,MACHINERY AND EQUIPMENT,45809,Pending verification,Pending verification
23935,UGIFT-023963,Desktop Computer,PENDING VERIFICATION,3000000,MACHINERY AND EQUIPMENT,45809,Pending verification,Pending verification
23936,UGIFT-023964,Desktop Computer,PENDING VERIFICATION,3000000,MACHINERY AND EQUIPMENT,45809,Pending verification,Pending verification
23937,UGIFT-023965,Desktop Computer,PENDING VERIFICATION,3000000,MACHINERY AND EQUIPMENT,45809,Pending verification,Pending verification
23938,UGIFT-023966,Desktop Computer,PENDING VERIFICATION,3000000,MACHINERY AND EQUIPMENT,45809,Pending verification,Pending verification
23939,UGIFT-023967,Desktop Computer,PENDING VERIFICATION,3000000,MACHINERY AND EQUIPMENT,45809,Pending verification,Pending verification
23940,UGIFT-023968,Desktop Computer,PENDING VERIFICATION,3000000,MACHINERY AND EQUIPMENT,45809,Pending verification,Pending verification
23941,UGIFT-023969,Desktop Computer,PENDING VERIFICATION,3000000,MACHINERY AND EQUIPMENT,45809,Pending verification,Pending verification
23942,UGIFT-023970,Desktop Computer,PENDING VERIFICATION,3000000,MACHINERY AND EQUIPMENT,45809,Pending verification,Pending verification
23943,UGIFT-023971,Desktop Computer,PENDING VERIFICATION,3000000,MACHINERY AND EQUIPMENT,45809,Pending verification,Pending verification
23944,UGIFT-023972,Desktop Computer,PENDING VERIFICATION,3000000,MACHINERY AND EQUIPMENT,45809,Pending verification,Pending verification
23947,UGIFT-023975,Server Processor,PENDING VERIFICATION,6000000,MACHINERY AND EQUIPMENT,45444,Pending verification,Pending verification
23959,UGIFT-023987,Fence,PENDING VERIFICATION,23101506,BUILDINGS AND STRUCTURES,45658,Pending verification,Pending verification
23962,UGIFT-023990,Kitchen Block,PENDING VERIFICATION,14018792,BUILDINGS AND STRUCTURES,45962,Pending verification,Pending verification
23968,UGIFT-023996,staff,PENDING VALUATION,Pending valuation,PENDING CLASSIFICATION,45658,Pending calculation,Pending calculation
23969,UGIFT-023997,staff,PENDING VALUATION,Pending valuation,PENDING CLASSIFICATION,45658,Pending calculation,Pending calculation
23970,UGIFT-023998,staff,PENDING VALUATION,Pending valuation,PENDING CLASSIFICATION,45658,Pending calculation,Pending calculation
24443,UGIFT-024471,Leaners Chair,PENDING VERIFICATION,750000,MACHINERY AND EQUIPMENT,44440,Pending verification,Pending verification
24444,UGIFT-024472,Leaners Chair,PENDING VERIFICATION,750000,MACHINERY AND EQUIPMENT,44440,Pending verification,Pending verification
24445,UGIFT-024473,Leaners Chair,PENDING VERIFICATION,750000,MACHINERY AND EQUIPMENT,44440,Pending verification,Pending verification
24446,UGIFT-024474,Leaners Chair,PENDING VERIFICATION,750000,MACHINERY AND EQUIPMENT,44440,Pending verification,Pending verification
24447,UGIFT-024475,Leaners Chair,PENDING VERIFICATION,750000,MACHINERY AND EQUIPMENT,44440,Pending verification,Pending verification
24448,UGIFT-024476,Leaners Chair,PENDING VERIFICATION,750000,MACHINERY AND EQUIPMENT,44440,Pending verification,Pending verification
24449,UGIFT-024477,Leaners Chair,PENDING VERIFICATION,750000,MACHINERY AND EQUIPMENT,44440,Pending verification,Pending verification
24456,UGIFT-024484,Fence,PENDING VERIFICATION,23101506,BUILDINGS AND STRUCTURES,45658,Pending verification,Pending verification
24464,UGIFT-024492,Kitchen Blocks,PENDING VERIFICATION,14018792,BUILDINGS AND STRUCTURES,45962,Pending verification,Pending verification
26104,UGIFT-026132,Desktop Computer (monitor),PENDING VERIFICATION,2500000,MACHINERY AND EQUIPMENT,46045,Pending verification,Pending verification
26105,UGIFT-026133,Desktop Computer (monitor),PENDING VERIFICATION,2500000,MACHINERY AND EQUIPMENT,46045,Pending verification,Pending verification
26106,UGIFT-026134,Desktop Computer (monitor),PENDING VERIFICATION,2500000,MACHINERY AND EQUIPMENT,46045,Pending verification,Pending verification
26107,UGIFT-026135,CPU,PENDING VERIFICATION,2500000,MACHINERY AND EQUIPMENT,46049,Pending verification,Pending verification
26108,UGIFT-026136,CPU,PENDING VERIFICATION,2500000,MACHINERY AND EQUIPMENT,46049,Pending verification,Pending verification
26109,UGIFT-026137,CPU,PENDING VERIFICATION,2500000,MACHINERY AND EQUIPMENT,46049,Pending verification,Pending verification
26110,UGIFT-026138,CPU,PENDING VERIFICATION,2500000,MACHINERY AND EQUIPMENT,46049,Pending verification,Pending verification
26111,UGIFT-026139,CPU,PENDING VERIFICATION,2500000,MACHINERY AND EQUIPMENT,46049,Pending verification,Pending verification
26112,UGIFT-026140,CPU,PENDING VERIFICATION,2500000,MACHINERY AND EQUIPMENT,46049,Pending verification,Pending verification
26113,UGIFT-026141,CPU,PENDING VERIFICATION,2500000,MACHINERY AND EQUIPMENT,46049,Pending verification,Pending verification
26114,UGIFT-026142,CPU,PENDING VERIFICATION,2500000,MACHINERY AND EQUIPMENT,46049,Pending verification,Pending verification
26115,UGIFT-026143,CPU,PENDING VERIFICATION,2500000,MACHINERY AND EQUIPMENT,46049,Pending verification,Pending verification
26116,UGIFT-026144,CPU,PENDING VERIFICATION,2500000,MACHINERY AND EQUIPMENT,46049,Pending verification,Pending verification
26117,UGIFT-026145,CPU,PENDING VERIFICATION,2500000,MACHINERY AND EQUIPMENT,46049,Pending verification,Pending verification
26118,UGIFT-026146,CPU,PENDING VERIFICATION,2500000,MACHINERY AND EQUIPMENT,46049,Pending verification,Pending verification
26119,UGIFT-026147,CPU,PENDING VERIFICATION,2500000,MACHINERY AND EQUIPMENT,46049,Pending verification,Pending verification
26120,UGIFT-026148,CPU,PENDING VERIFICATION,2500000,MACHINERY AND EQUIPMENT,46049,Pending verification,Pending verification
26121,UGIFT-026149,CPU,PENDING VERIFICATION,2500000,MACHINERY AND EQUIPMENT,46049,Pending verification,Pending verification
26122,UGIFT-026150,CPU,PENDING VERIFICATION,2500000,MACHINERY AND EQUIPMENT,46049,Pending verification,Pending verification
26123,UGIFT-026151,CPU,PENDING VERIFICATION,2500000,MACHINERY AND EQUIPMENT,46049,Pending verification,Pending verification
26124,UGIFT-026152,CPU,PENDING VERIFICATION,2500000,MACHINERY AND EQUIPMENT,46049,Pending verification,Pending verification
26125,UGIFT-026153,CPU,PENDING VERIFICATION,2500000,MACHINERY AND EQUIPMENT,46049,Pending verification,Pending verification
26126,UGIFT-026154,CPU,PENDING VERIFICATION,2500000,MACHINERY AND EQUIPMENT,46049,Pending verification,Pending verification
26127,UGIFT-026155,CPU,PENDING VERIFICATION,2500000,MACHINERY AND EQUIPMENT,46049,Pending verification,Pending verification
26128,UGIFT-026156,CPU,PENDING VERIFICATION,2500000,MACHINERY AND EQUIPMENT,46049,Pending verification,Pending verification
26129,UGIFT-026157,CPU,PENDING VERIFICATION,2500000,MACHINERY AND EQUIPMENT,46049,Pending verification,Pending verification
26130,UGIFT-026158,CPU,PENDING VERIFICATION,2500000,MACHINERY AND EQUIPMENT,46049,Pending verification,Pending verification
26131,UGIFT-026159,CPU,PENDING VERIFICATION,2500000,MACHINERY AND EQUIPMENT,46049,Pending verification,Pending verification
26132,UGIFT-026160,CPU,PENDING VERIFICATION,2500000,MACHINERY AND EQUIPMENT,46049,Pending verification,Pending verification
26133,UGIFT-026161,CPU,PENDING VERIFICATION,2500000,MACHINERY AND EQUIPMENT,46049,Pending verification,Pending verification
26138,UGIFT-026166,UPS,PENDING VERIFICATION,483333,MACHINERY AND EQUIPMENT,44562,Pending verification,Pending verification
26139,UGIFT-026167,UPS,PENDING VERIFICATION,483333,MACHINERY AND EQUIPMENT,44562,Pending verification,Pending verification
26140,UGIFT-026168,UPS,PENDING VERIFICATION,483333,MACHINERY AND EQUIPMENT,44562,Pending verification,Pending verification
26141,UGIFT-026169,UPS,PENDING VERIFICATION,483333,MACHINERY AND EQUIPMENT,44562,Pending verification,Pending verification
26142,UGIFT-026170,UPS,PENDING VERIFICATION,483333,MACHINERY AND EQUIPMENT,44562,Pending verification,Pending verification
26143,UGIFT-026171,UPS,PENDING VERIFICATION,483333,MACHINERY AND EQUIPMENT,44562,Pending verification,Pending verification
26144,UGIFT-026172,UPS,PENDING VERIFICATION,483333,MACHINERY AND EQUIPMENT,44562,Pending verification,Pending verification
26145,UGIFT-026173,UPS,PENDING VERIFICATION,483333,MACHINERY AND EQUIPMENT,44562,Pending verification,Pending verification
26146,UGIFT-026174,UPS,PENDING VERIFICATION,483333,MACHINERY AND EQUIPMENT,44562,Pending verification,Pending verification
26147,UGIFT-026175,UPS,PENDING VERIFICATION,483333,MACHINERY AND EQUIPMENT,44562,Pending verification,Pending verification
26148,UGIFT-026176,UPS,PENDING VERIFICATION,483333,MACHINERY AND EQUIPMENT,44562,Pending verification,Pending verification
26149,UGIFT-026177,UPS,PENDING VERIFICATION,483333,MACHINERY AND EQUIPMENT,44562,Pending verification,Pending verification
26150,UGIFT-026178,UPS,PENDING VERIFICATION,483333,MACHINERY AND EQUIPMENT,44562,Pending verification,Pending verification
26151,UGIFT-026179,UPS,PENDING VERIFICATION,483333,MACHINERY AND EQUIPMENT,44562,Pending verification,Pending verification
26152,UGIFT-026180,UPS,PENDING VERIFICATION,483333,MACHINERY AND EQUIPMENT,44562,Pending verification,Pending verification
26153,UGIFT-026181,UPS,PENDING VERIFICATION,483333,MACHINERY AND EQUIPMENT,44562,Pending verification,Pending verification
26154,UGIFT-026182,UPS,PENDING VERIFICATION,483333,MACHINERY AND EQUIPMENT,44562,Pending verification,Pending verification
26155,UGIFT-026183,UPS,PENDING VERIFICATION,483333,MACHINERY AND EQUIPMENT,44562,Pending verification,Pending verification
26156,UGIFT-026184,UPS,PENDING VERIFICATION,483333,MACHINERY AND EQUIPMENT,44562,Pending verification,Pending verification
26157,UGIFT-026185,UPS,PENDING VERIFICATION,483333,MACHINERY AND EQUIPMENT,44562,Pending verification,Pending verification
26158,UGIFT-026186,UPS,PENDING VERIFICATION,483333,MACHINERY AND EQUIPMENT,44562,Pending verification,Pending verification
26159,UGIFT-026187,UPS,PENDING VERIFICATION,483333,MACHINERY AND EQUIPMENT,44562,Pending verification,Pending verification
26188,UGIFT-026216,Key Board,PENDING VERIFICATION,483333,MACHINERY AND EQUIPMENT,44562,Pending verification,Pending verification
26189,UGIFT-026217,Key Board,PENDING VERIFICATION,483333,MACHINERY AND EQUIPMENT,44562,Pending verification,Pending verification
26190,UGIFT-026218,Key Board,PENDING VERIFICATION,483333,MACHINERY AND EQUIPMENT,44562,Pending verification,Pending verification
26191,UGIFT-026219,Key Board,PENDING VERIFICATION,483333,MACHINERY AND EQUIPMENT,44562,Pending verification,Pending verification
26192,UGIFT-026220,Key Board,PENDING VERIFICATION,483333,MACHINERY AND EQUIPMENT,44562,Pending verification,Pending verification
26193,UGIFT-026221,Key Board,PENDING VERIFICATION,483333,MACHINERY AND EQUIPMENT,44562,Pending verification,Pending verification
26194,UGIFT-026222,Key Board,PENDING VERIFICATION,483333,MACHINERY AND EQUIPMENT,44562,Pending verification,Pending verification
26195,UGIFT-026223,Key Board,PENDING VERIFICATION,483333,MACHINERY AND EQUIPMENT,44562,Pending verification,Pending verification
26196,UGIFT-026224,Key Board,PENDING VERIFICATION,483333,MACHINERY AND EQUIPMENT,44562,Pending verification,Pending verification
26197,UGIFT-026225,Key Board,PENDING VERIFICATION,483333,MACHINERY AND EQUIPMENT,44562,Pending verification,Pending verification
26198,UGIFT-026226,Key Board,PENDING VERIFICATION,483333,MACHINERY AND EQUIPMENT,44562,Pending verification,Pending verification
26199,UGIFT-026227,Key Board,PENDING VERIFICATION,483333,MACHINERY AND EQUIPMENT,44562,Pending verification,Pending verification
26200,UGIFT-026228,Key Board,PENDING VERIFICATION,483333,MACHINERY AND EQUIPMENT,44562,Pending verification,Pending verification
26201,UGIFT-026229,Key Board,PENDING VERIFICATION,483333,MACHINERY AND EQUIPMENT,44562,Pending verification,Pending verification
26202,UGIFT-026230,Key Board,PENDING VERIFICATION,483333,MACHINERY AND EQUIPMENT,44562,Pending verification,Pending verification
26203,UGIFT-026231,Key Board,PENDING VERIFICATION,483333,MACHINERY AND EQUIPMENT,44562,Pending verification,Pending verification
26204,UGIFT-026232,Key Board,PENDING VERIFICATION,483333,MACHINERY AND EQUIPMENT,44562,Pending verification,Pending verification
26205,UGIFT-026233,Key Board,PENDING VERIFICATION,483333,MACHINERY AND EQUIPMENT,44562,Pending verification,Pending verification
26206,UGIFT-026234,Key Board,PENDING VERIFICATION,483333,MACHINERY AND EQUIPMENT,44562,Pending verification,Pending verification
26207,UGIFT-026235,Key Board,PENDING VERIFICATION,483333,MACHINERY AND EQUIPMENT,44562,Pending verification,Pending verification
26208,UGIFT-026236,Key Board,PENDING VERIFICATION,483333,MACHINERY AND EQUIPMENT,44562,Pending verification,Pending verification
26209,UGIFT-026237,Key Board,PENDING VERIFICATION,483333,MACHINERY AND EQUIPMENT,44562,Pending verification,Pending verification
26210,UGIFT-026238,Key Board,PENDING VERIFICATION,483333,MACHINERY AND EQUIPMENT,44562,Pending verification,Pending verification
26211,UGIFT-026239,Key Board,PENDING VERIFICATION,483333,MACHINERY AND EQUIPMENT,44562,Pending verification,Pending verification
26212,UGIFT-026240,Key Board,PENDING VERIFICATION,483333,MACHINERY AND EQUIPMENT,44562,Pending verification,Pending verification
26213,UGIFT-026241,Key Board,PENDING VERIFICATION,483333,MACHINERY AND EQUIPMENT,44562,Pending verification,Pending verification
26214,UGIFT-026242,Key Board,PENDING VERIFICATION,483333,MACHINERY AND EQUIPMENT,44562,Pending verification,Pending verification
26215,UGIFT-026243,Key Board,PENDING VERIFICATION,483333,MACHINERY AND EQUIPMENT,44562,Pending verification,Pending verification
26216,UGIFT-026244,CCT Camera,PENDING VERIFICATION,2636221,MACHINERY AND EQUIPMENT,44562,Pending verification,Pending verification
26217,UGIFT-026245,Projector,PENDING VERIFICATION,2500000,MACHINERY AND EQUIPMENT,44562,Pending verification,Pending verification
26218,UGIFT-026246,Air Conditioner,PENDING VERIFICATION,2500000,MACHINERY AND EQUIPMENT,44562,Pending verification,Pending verification
26219,UGIFT-026247,Stabilizer,PENDING VERIFICATION,2500000,MACHINERY AND EQUIPMENT,44562,Pending verification,Pending verification
26220,UGIFT-026248,Stabilizer,PENDING VERIFICATION,2500000,MACHINERY AND EQUIPMENT,44562,Pending verification,Pending verification
26221,UGIFT-026249,Stabilizer,PENDING VERIFICATION,2500000,MACHINERY AND EQUIPMENT,44562,Pending verification,Pending verification
26222,UGIFT-026250,Stabilizer,PENDING VERIFICATION,2500000,MACHINERY AND EQUIPMENT,44562,Pending verification,Pending verification
26223,UGIFT-026251,Fire extinguisher,PENDING VERIFICATION,600000,MACHINERY AND EQUIPMENT,44562,Pending verification,Pending verification
26224,UGIFT-026252,Multipurpose,PENDING VERIFICATION,5000000,MACHINERY AND EQUIPMENT,44562,Pending verification,Pending verification
26225,UGIFT-026253,printer,PENDING VERIFICATION,3500000,MACHINERY AND EQUIPMENT,44562,Pending verification,Pending verification
26228,UGIFT-026256,Pit Latrine school,PENDING VALUATION,Pending valuation,BUILDINGS AND STRUCTURES,44562,Pending calculation,Pending calculation
27499,UGIFT-027527,Counter,PENDING VALUATION,Pending valuation,PENDING CLASSIFICATION,45689,Pending calculation,Pending calculation
27635,UGIFT-027663,Science,PENDING VALUATION,Pending valuation,PENDING CLASSIFICATION,45689,Pending calculation,Pending calculation
27636,UGIFT-027664,Laboratory,CAPITALIZED,290408145,PENDING CLASSIFICATION,44287,290408145.0,0.0
27642,UGIFT-027670,Pitch,PENDING VALUATION,Pending valuation,MACHINERY AND EQUIPMENT,45689,Pending calculation,Pending calculation
27893,UGIFT-027921,Audio Visual Equipment,NOT RECOGNIZED,Pending valuation,MACHINERY AND EQUIPMENT,Not applicable - not received,0,0
28020,UGIFT-028048,Audio Visual Equipment,NOT RECOGNIZED,Pending valuation,MACHINERY AND EQUIPMENT,Not applicable - not received,0,0
28203,UGIFT-028231,Audio Visual Equipment,PENDING VALUATION,Pending valuation,MACHINERY AND EQUIPMENT,45839,Pending calculation,Pending calculation
28358,UGIFT-028386,Audio Visual Equipment,NOT RECOGNIZED,Pending valuation,MACHINERY AND EQUIPMENT,Not applicable - not received,0,0
28617,UGIFT-028645,Audio Visual Equipment,PENDING VALUATION,Pending valuation,MACHINERY AND EQUIPMENT,44893,Pending calculation,Pending calculation
28946,UGIFT-028974,Audio Visual Equipment,PENDING VALUATION,Pending valuation,MACHINERY AND EQUIPMENT,44893,Pending calculation,Pending calculation
29187,UGIFT-029215,Audio Visual Equipment,PENDING VALUATION,Pending valuation,MACHINERY AND EQUIPMENT,44893,Pending calculation,Pending calculation
29581,UGIFT-029609,Audio Visual Equipment,PENDING VALUATION,Pending valuation,MACHINERY AND EQUIPMENT,45349,Pending calculation,Pending calculation
31252,UGIFT-031280,MVA Kit,PENDING VERIFICATION,15111.33333333333,MACHINERY AND EQUIPMENT,45986,Pending verification,Pending verification
31253,UGIFT-031281,MVA Kit,PENDING VERIFICATION,15111.33333333333,MACHINERY AND EQUIPMENT,45986,Pending verification,Pending verification
31254,UGIFT-031282,MVA Kit,PENDING VERIFICATION,15111.33333333333,MACHINERY AND EQUIPMENT,45986,Pending verification,Pending verification
32203,UGIFT-032231,Science Lab equipments,PENDING VALUATION,Pending valuation,BUILDINGS AND STRUCTURES,45809,Pending calculation,Pending calculation
32496,UGIFT-032524,Audio Visual Equipment,PENDING VALUATION,Pending valuation,MACHINERY AND EQUIPMENT,45818,Pending calculation,Pending calculation
33397,UGIFT-033425,Dirty Linen Stand,PENDING VALUATION,Pending valuation,PENDING CLASSIFICATION,45812,Pending calculation,Pending calculation
37075,UGIFT-037103,Platelet agitator,PENDING VALUATION,Pending valuation,PENDING CLASSIFICATION,45352,Pending calculation,Pending calculation
37097,UGIFT-037125,Heavy duty washing machine,PENDING VALUATION,Pending valuation,PENDING CLASSIFICATION,45352,Pending calculation,Pending calculation
37158,UGIFT-037186,Night dutyroom,PENDING VALUATION,Pending valuation,PENDING CLASSIFICATION,45358,Pending calculation,Pending calculation
37169,UGIFT-037197,MV Overhead line route lengths 230mts,CAPITALIZED,20918000,PENDING CLASSIFICATION,45358,10807633.0,1045900.0
37172,UGIFT-037200,33kV Ring main/circuit breaker,CAPITALIZED,146000000,PENDING CLASSIFICATION,45358,75433333.0,7300000.0
37174,UGIFT-037202,Testin and Commissioning,CAPITALIZED,1550000,PENDING CLASSIFICATION,45358,800833.0,77500.0
37176,UGIFT-037204,Low voltage,CAPITALIZED,6762000,PENDING CLASSIFICATION,45358,3493700.0,338100.0
37185,UGIFT-037213,Cotton wools,PENDING VALUATION,Pending valuation,PENDING CLASSIFICATION,45352,Pending calculation,Pending calculation
37186,UGIFT-037214,blood lanceps,PENDING VALUATION,Pending valuation,PENDING CLASSIFICATION,45352,Pending calculation,Pending calculation
37187,UGIFT-037215,Aprones,PENDING VALUATION,Pending valuation,PENDING CLASSIFICATION,45352,Pending calculation,Pending calculation
37188,UGIFT-037216,Stralizers,PENDING VALUATION,Pending valuation,PENDING CLASSIFICATION,45352,Pending calculation,Pending calculation
37206,UGIFT-037234,Water deionizer(reverse osmosis machine),PENDING VALUATION,Pending valuation,PENDING CLASSIFICATION,45352,Pending calculation,Pending calculation
37219,UGIFT-037247,"Voltage power stablizers, 5KVA",PENDING VALUATION,Pending valuation,PENDING CLASSIFICATION,45352,Pending calculation,Pending calculation
37495,UGIFT-037523,Screen,PENDING VALUATION,Pending valuation,PENDING CLASSIFICATION,44621,Pending calculation,Pending calculation
37666,UGIFT-037694,Audio Visual Equipment,PENDING VALUATION,Pending valuation,MACHINERY AND EQUIPMENT,44621,Pending calculation,Pending calculation
39966,UGIFT-039994,Audio Visual Equipment,PENDING VALUATION,Pending valuation,MACHINERY AND EQUIPMENT,44893,Pending calculation,Pending calculation
40855,UGIFT-040883,Ports,CAPITALIZED,316052,PENDING CLASSIFICATION,44354,316052.0,0.0
40856,UGIFT-040884,Ports,CAPITALIZED,316052,PENDING CLASSIFICATION,44354,316052.0,0.0
40867,UGIFT-040895,Residentials,PENDING VALUATION,Pending valuation,BUILDINGS AND STRUCTURES,46174,Pending calculation,Pending calculation
40941,UGIFT-040969,Audio Visual Equipment,PENDING VALUATION,Pending valuation,MACHINERY AND EQUIPMENT,44893,Pending calculation,Pending calculation
41350,UGIFT-041378,Audio Visual Equipment,PENDING VALUATION,Pending valuation,MACHINERY AND EQUIPMENT,45349,Pending calculation,Pending calculation
43862,A-444,Sanitation box,PENDING VALUATION,Pending valuation,PENDING CLASSIFICATION,45831,Pending calculation,Pending calculation
44882,UGIFT-044910,Networking,PENDING VALUATION,Pending valuation,PENDING CLASSIFICATION,45413,Pending calculation,Pending calculation
46803,UGIFT-046831,Audio Visual Equipment,PENDING VALUATION,Pending valuation,MACHINERY AND EQUIPMENT,44621,Pending calculation,Pending calculation
47774,UGIFT-047802,Audio Visual Equipment,PENDING VALUATION,Pending valuation,MACHINERY AND EQUIPMENT,45226,Pending calculation,Pending calculation
47916,UGIFT-047944,laboratory,CAPITALIZED,290408145,PENDING CLASSIFICATION,45226,174244887.0,14520407.0
47996,UGIFT-048024,Audio Visual Equipment,PENDING VALUATION,Pending valuation,MACHINERY AND EQUIPMENT,44557,Pending calculation,Pending calculation
49685,UGIFT-049713,Laboratory tools,NOT RECOGNIZED,Pending valuation,MACHINERY AND EQUIPMENT,Not applicable - not received,0,0
49753,UGIFT-049781,science laboratory,CAPITALIZED,185078565,PENDING CLASSIFICATION,46143,15423214.0,9253928.0
49806,UGIFT-049834,Audio Visual Equipment,NOT RECOGNIZED,Pending valuation,MACHINERY AND EQUIPMENT,Not applicable - not received,0,0
50039,UGIFT-050067,laboratory tools,NOT RECOGNIZED,Pending valuation,MACHINERY AND EQUIPMENT,Not applicable - not received,0,0
50348,UGIFT-050376,Laboratory tools,PENDING VALUATION,Pending valuation,MACHINERY AND EQUIPMENT,45839,Pending calculation,Pending calculation
50970,UGIFT-050998,School pitch,PENDING VALUATION,Pending valuation,BUILDINGS AND STRUCTURES,44621,Pending calculation,Pending calculation
51571,UGIFT-051599,Audio Visual Equipment,PENDING VALUATION,Pending valuation,MACHINERY AND EQUIPMENT,45839,Pending calculation,Pending calculation
52199,UGIFT-052227,Audio Visual Equipment,PENDING VALUATION,Pending valuation,MACHINERY AND EQUIPMENT,45839,Pending calculation,Pending calculation
53850,UGIFT-053878,School pitch,CIP,Pending valuation,BUILDINGS AND STRUCTURES,Not yet in service,0,0
53855,UGIFT-053883,"Bowl, Kick",PENDING VERIFICATION,200000,MACHINERY AND EQUIPMENT,45800,Pending verification,Pending verification
53856,UGIFT-053884,"Bowl, Kick",PENDING VERIFICATION,200000,MACHINERY AND EQUIPMENT,45800,Pending verification,Pending verification
53860,UGIFT-053888,Counting chamber Neubauer- Improved,PENDING VERIFICATION,55000,MACHINERY AND EQUIPMENT,45763,Pending verification,Pending verification
53861,UGIFT-053889,Counting chamber Neubauer- Improved,PENDING VERIFICATION,55000,MACHINERY AND EQUIPMENT,45763,Pending verification,Pending verification
53863,UGIFT-053891,ESR Stand,PENDING VERIFICATION,150000,MACHINERY AND EQUIPMENT,45763,Pending verification,Pending verification
53974,UGIFT-054002,Counting chamber Neubauer- Improved,PENDING VERIFICATION,55000,MACHINERY AND EQUIPMENT,45763,Pending verification,Pending verification
53975,UGIFT-054003,Counting chamber Neubauer- Improved,PENDING VERIFICATION,55000,MACHINERY AND EQUIPMENT,45763,Pending verification,Pending verification
53986,UGIFT-054014,ESR Stand,PENDING VERIFICATION,150000,MACHINERY AND EQUIPMENT,45763,Pending verification,Pending verification
53997,UGIFT-054025,Patient Screen,PENDING VERIFICATION,350000,MACHINERY AND EQUIPMENT,45763,Pending verification,Pending verification
53998,UGIFT-054026,Patient Screen,PENDING VERIFICATION,350000,MACHINERY AND EQUIPMENT,45763,Pending verification,Pending verification
53999,UGIFT-054027,Patient Screen,PENDING VERIFICATION,350000,MACHINERY AND EQUIPMENT,45763,Pending verification,Pending verification
54000,UGIFT-054028,Patient Screen,PENDING VERIFICATION,350000,MACHINERY AND EQUIPMENT,45763,Pending verification,Pending verification
54041,UGIFT-054069,"Cupboard, Instrument",PENDING VERIFICATION,1267000,MACHINERY AND EQUIPMENT,45763,Pending verification,Pending verification
54045,UGIFT-054073,"Resuscitator Manual, Infant, with all Mask sizes",PENDING VERIFICATION,0,MACHINERY AND EQUIPMENT,45763,Pending verification,Pending verification
54046,UGIFT-054074,"Resuscitator Manual, Infant, with all Mask sizes",PENDING VERIFICATION,0,MACHINERY AND EQUIPMENT,45763,Pending verification,Pending verification
54047,UGIFT-054075,"Resuscitator Manual, Adult, with all mask sizes",PENDING VERIFICATION,0,MACHINERY AND EQUIPMENT,45763,Pending verification,Pending verification
54048,UGIFT-054076,"Resuscitator Manual, Adult, with all mask sizes",PENDING VERIFICATION,0,MACHINERY AND EQUIPMENT,45763,Pending verification,Pending verification
54335,UGIFT-054363,Digital,PENDING VALUATION,Pending valuation,PENDING CLASSIFICATION,45901,Pending calculation,Pending calculation
54338,UGIFT-054366,Cupboar,PENDING VALUATION,Pending valuation,PENDING CLASSIFICATION,45658,Pending calculation,Pending calculation
54339,UGIFT-054367,"d Steel, Lockable",PENDING VALUATION,Pending valuation,PENDING CLASSIFICATION,45139,Pending calculation,Pending calculation
54340,UGIFT-054368,"d Steel, Lockable",PENDING VALUATION,Pending valuation,PENDING CLASSIFICATION,45139,Pending calculation,Pending calculation
54341,UGIFT-054369,"d Steel, Lockable",PENDING VALUATION,Pending valuation,PENDING CLASSIFICATION,45139,Pending calculation,Pending calculation
54348,UGIFT-054376,Couch,PENDING VALUATION,Pending valuation,PENDING CLASSIFICATION,45658,Pending calculation,Pending calculation
54351,UGIFT-054379,Couch,PENDING VALUATION,Pending valuation,PENDING CLASSIFICATION,45658,Pending calculation,Pending calculation
54353,UGIFT-054381,"light,LED",PENDING VALUATION,Pending valuation,PENDING CLASSIFICATION,45139,Pending calculation,Pending calculation
54354,UGIFT-054382,"light,LED",PENDING VALUATION,Pending valuation,PENDING CLASSIFICATION,45139,Pending calculation,Pending calculation
54379,UGIFT-054407,Weighing,PENDING VALUATION,Pending valuation,PENDING CLASSIFICATION,45658,Pending calculation,Pending calculation
54381,UGIFT-054409,Weighing,PENDING VALUATION,Pending valuation,PENDING CLASSIFICATION,45658,Pending calculation,Pending calculation
54382,UGIFT-054410,Weighing,PENDING VALUATION,Pending valuation,PENDING CLASSIFICATION,45658,Pending calculation,Pending calculation
54383,UGIFT-054411,Weighing,PENDING VALUATION,Pending valuation,PENDING CLASSIFICATION,45658,Pending calculation,Pending calculation
54384,UGIFT-054412,Weighing,PENDING VALUATION,Pending valuation,PENDING CLASSIFICATION,45658,Pending calculation,Pending calculation
54389,UGIFT-054417,Wheel,PENDING VALUATION,Pending valuation,PENDING CLASSIFICATION,45658,Pending calculation,Pending calculation
54401,UGIFT-054429,Wall,PENDING VALUATION,Pending valuation,PENDING CLASSIFICATION,45658,Pending calculation,Pending calculation
54404,UGIFT-054432,Diagnosti c Equipme,PENDING VALUATION,Pending valuation,PENDING CLASSIFICATION,45658,Pending calculation,Pending calculation
54405,UGIFT-054433,Diagnosti c Equipme,PENDING VALUATION,Pending valuation,PENDING CLASSIFICATION,45658,Pending calculation,Pending calculation
54406,UGIFT-054434,nt Set for,PENDING VALUATION,Pending valuation,PENDING CLASSIFICATION,45139,Pending calculation,Pending calculation
54409,UGIFT-054437,Hollow Ware Set,PENDING VALUATION,Pending valuation,MACHINERY AND EQUIPMENT,45658,Pending calculation,Pending calculation
54410,UGIFT-054438,Hollow Ware Set,PENDING VALUATION,Pending valuation,MACHINERY AND EQUIPMENT,45658,Pending calculation,Pending calculation
54412,UGIFT-054440,"Instrume nt Set,",PENDING VALUATION,Pending valuation,PENDING CLASSIFICATION,45658,Pending calculation,Pending calculation
54413,UGIFT-054441,Basic,PENDING VALUATION,Pending valuation,PENDING CLASSIFICATION,45139,Pending calculation,Pending calculation
54414,UGIFT-054442,ENT,PENDING VALUATION,Pending valuation,PENDING CLASSIFICATION,45139,Pending calculation,Pending calculation
54416,UGIFT-054444,Pulse,PENDING VALUATION,Pending valuation,PENDING CLASSIFICATION,45139,Pending calculation,Pending calculation
54418,UGIFT-054446,Held,PENDING VALUATION,Pending valuation,PENDING CLASSIFICATION,45139,Pending calculation,Pending calculation
54419,UGIFT-054447,Held,PENDING VALUATION,Pending valuation,PENDING CLASSIFICATION,45139,Pending calculation,Pending calculation
54462,UGIFT-054490,"Instrume nt Set, Stitch",PENDING VALUATION,Pending valuation,PENDING CLASSIFICATION,45658,Pending calculation,Pending calculation
54463,UGIFT-054491,Removin,PENDING VALUATION,Pending valuation,PENDING CLASSIFICATION,45139,Pending calculation,Pending calculation
54464,UGIFT-054492,G,PENDING VALUATION,Pending valuation,PENDING CLASSIFICATION,45139,Pending calculation,Pending calculation
54495,UGIFT-054523,B.P. Machine (Aneroid wall mounted),PENDING VERIFICATION,300000,MACHINERY AND EQUIPMENT,45809,Pending verification,Pending verification
54511,UGIFT-054539,Glucometer,PENDING VERIFICATION,150000,MACHINERY AND EQUIPMENT,45809,Pending verification,Pending verification
54528,UGIFT-054556,"Stove, Gas",PENDING VERIFICATION,504000,MACHINERY AND EQUIPMENT,45809,Pending verification,Pending verification
54566,UGIFT-054594,"Cupboard, Instrument",PENDING VERIFICATION,1499993,MACHINERY AND EQUIPMENT,45153,Pending verification,Pending verification
54624,UGIFT-054652,Kangaroo Mother Care Chair,PENDING VERIFICATION,1590788,MACHINERY AND EQUIPMENT,45901,Pending verification,Pending verification
54625,UGIFT-054653,Radiant Infant Warmer,PENDING VERIFICATION,16800000,MACHINERY AND EQUIPMENT,45901,Pending verification,Pending verification
54626,UGIFT-054654,Radiant Infant Warmer,PENDING VERIFICATION,16800000,MACHINERY AND EQUIPMENT,45901,Pending verification,Pending verification
54628,UGIFT-054656,Examination light,PENDING VERIFICATION,187784,MACHINERY AND EQUIPMENT,45901,Pending verification,Pending verification
54694,UGIFT-054722,Wheel Chair,PENDING VERIFICATION,375000,MACHINERY AND EQUIPMENT,44866,Pending verification,Pending verification
54738,UGIFT-054766,Counting chamber Neubauer- Improved,PENDING VERIFICATION,162540,MACHINERY AND EQUIPMENT,44562,Pending verification,Pending verification
54739,UGIFT-054767,Counting chamber Neubauer- Improved,PENDING VERIFICATION,162540,MACHINERY AND EQUIPMENT,44562,Pending verification,Pending verification
54755,UGIFT-054783,ESR Stand,PENDING VERIFICATION,135080,MACHINERY AND EQUIPMENT,44562,Pending verification,Pending verification
54758,UGIFT-054786,Glucometer,PENDING VERIFICATION,373333,MACHINERY AND EQUIPMENT,44562,Pending verification,Pending verification
54759,UGIFT-054787,Glucometer,PENDING VERIFICATION,373333,MACHINERY AND EQUIPMENT,44562,Pending verification,Pending verification
54767,UGIFT-054795,Otoscope,PENDING VERIFICATION,224480,MACHINERY AND EQUIPMENT,44562,Pending verification,Pending verification
54773,UGIFT-054801,Patient Trolley,PENDING VERIFICATION,1120000,MACHINERY AND EQUIPMENT,44562,Pending verification,Pending verification
54774,UGIFT-054802,"Refrigerator, Basic",PENDING VERIFICATION,1200000,MACHINERY AND EQUIPMENT,44562,Pending verification,Pending verification
54775,UGIFT-054803,"Refrigerator, Basic",PENDING VERIFICATION,1200000,MACHINERY AND EQUIPMENT,44562,Pending verification,Pending verification
54776,UGIFT-054804,Stethoscope,PENDING VERIFICATION,200000,MACHINERY AND EQUIPMENT,44562,Pending verification,Pending verification
54777,UGIFT-054805,Stethoscope,PENDING VERIFICATION,200000,MACHINERY AND EQUIPMENT,44562,Pending verification,Pending verification
54778,UGIFT-054806,Stethoscope,PENDING VERIFICATION,200000,MACHINERY AND EQUIPMENT,44562,Pending verification,Pending verification
54779,UGIFT-054807,Stethoscope,PENDING VERIFICATION,200000,MACHINERY AND EQUIPMENT,44562,Pending verification,Pending verification
54780,UGIFT-054808,Stethoscope,PENDING VERIFICATION,200000,MACHINERY AND EQUIPMENT,44562,Pending verification,Pending verification
54781,UGIFT-054809,Stethoscope,PENDING VERIFICATION,200000,MACHINERY AND EQUIPMENT,44562,Pending verification,Pending verification
54782,UGIFT-054810,Stethoscope,PENDING VERIFICATION,200000,MACHINERY AND EQUIPMENT,44562,Pending verification,Pending verification
54783,UGIFT-054811,Stethoscope,PENDING VERIFICATION,200000,MACHINERY AND EQUIPMENT,44562,Pending verification,Pending verification
54790,UGIFT-054818,"Weighing Scale, Toddler",PENDING VERIFICATION,300000,MACHINERY AND EQUIPMENT,44896,Pending verification,Pending verification
54815,UGIFT-054843,Diagnostic Equipment Set for MCH,PENDING VERIFICATION,200000,MACHINERY AND EQUIPMENT,44562,Pending verification,Pending verification
54816,UGIFT-054844,Diagnostic Equipment Set for MCH,PENDING VERIFICATION,200000,MACHINERY AND EQUIPMENT,44562,Pending verification,Pending verification
54817,UGIFT-054845,Diagnostic Equipment Set for MCH,PENDING VERIFICATION,200000,MACHINERY AND EQUIPMENT,44562,Pending verification,Pending verification
54818,UGIFT-054846,Diagnostic Equipment Set for OPD,PENDING VERIFICATION,560000,MACHINERY AND EQUIPMENT,44562,Pending verification,Pending verification
54819,UGIFT-054847,Diagnostic Equipment Set for OPD,PENDING VERIFICATION,560000,MACHINERY AND EQUIPMENT,44562,Pending verification,Pending verification
54822,UGIFT-054850,"Hollow Ware Set, Treatment",PENDING VERIFICATION,2000000,MACHINERY AND EQUIPMENT,44562,Pending verification,Pending verification
54823,UGIFT-054851,"Hollow Ware Set, Treatment",PENDING VERIFICATION,2000000,MACHINERY AND EQUIPMENT,44562,Pending verification,Pending verification
54824,UGIFT-054852,"Instrument Set, Dressing",PENDING VERIFICATION,360000,MACHINERY AND EQUIPMENT,44562,Pending verification,Pending verification
54825,UGIFT-054853,"Instrument Set, Dressing",PENDING VERIFICATION,360000,MACHINERY AND EQUIPMENT,44562,Pending verification,Pending verification
54826,UGIFT-054854,"Instrument Set, Dressing",PENDING VERIFICATION,360000,MACHINERY AND EQUIPMENT,44562,Pending verification,Pending verification
54827,UGIFT-054855,"Instrument Set, Dressing",PENDING VERIFICATION,360000,MACHINERY AND EQUIPMENT,44562,Pending verification,Pending verification
54828,UGIFT-054856,"Instrument Set, Dressing",PENDING VERIFICATION,360000,MACHINERY AND EQUIPMENT,44562,Pending verification,Pending verification
54829,UGIFT-054857,"Instrument Set, Dressing",PENDING VERIFICATION,360000,MACHINERY AND EQUIPMENT,44562,Pending verification,Pending verification
54830,UGIFT-054858,"Instrument Set, Dressing",PENDING VERIFICATION,360000,MACHINERY AND EQUIPMENT,44562,Pending verification,Pending verification
54831,UGIFT-054859,"Instrument Set, Basic ENT",PENDING VERIFICATION,1224000,MACHINERY AND EQUIPMENT,44562,Pending verification,Pending verification
54832,UGIFT-054860,"Instrument Set, Suture",PENDING VERIFICATION,406350,MACHINERY AND EQUIPMENT,44562,Pending verification,Pending verification
54833,UGIFT-054861,"Instrument Set, Suture",PENDING VERIFICATION,406350,MACHINERY AND EQUIPMENT,44562,Pending verification,Pending verification
54834,UGIFT-054862,"Instrument Set, Suture",PENDING VERIFICATION,406350,MACHINERY AND EQUIPMENT,44562,Pending verification,Pending verification
54835,UGIFT-054863,"Pulse Oximeter, Hand held",PENDING VERIFICATION,350000,MACHINERY AND EQUIPMENT,44562,Pending verification,Pending verification
54836,UGIFT-054864,"Pulse Oximeter, Hand held",PENDING VERIFICATION,350000,MACHINERY AND EQUIPMENT,44562,Pending verification,Pending verification
54861,UGIFT-054889,"Cupboard, Instrument",PENDING VERIFICATION,710000,MACHINERY AND EQUIPMENT,44562,Pending verification,Pending verification
54863,UGIFT-054891,"Oxygen Therapy Apparatus, Mininum 45L cylinder",PENDING VERIFICATION,1400000,MACHINERY AND EQUIPMENT,44562,Pending verification,Pending verification
54864,UGIFT-054892,"Oxygen Therapy Apparatus, Mininum 45L cylinder",PENDING VERIFICATION,1400000,MACHINERY AND EQUIPMENT,44562,Pending verification,Pending verification
54865,UGIFT-054893,"Resuscitator Manual, Infant, with all Mask sizes",PENDING VERIFICATION,0,MACHINERY AND EQUIPMENT,44562,Pending verification,Pending verification
54866,UGIFT-054894,"Resuscitator Manual, Adult, with all mask sizes",PENDING VERIFICATION,0,MACHINERY AND EQUIPMENT,44562,Pending verification,Pending verification
54867,UGIFT-054895,"Suction Apparatus, (Electric)",PENDING VERIFICATION,1344000,MACHINERY AND EQUIPMENT,44562,Pending verification,Pending verification
54868,UGIFT-054896,"Nebulizer, Ultrasonic",PENDING VERIFICATION,720000,MACHINERY AND EQUIPMENT,44562,Pending verification,Pending verification
54869,UGIFT-054897,"Oxygen Concentrator, Duo Flow",PENDING VERIFICATION,6400000,MACHINERY AND EQUIPMENT,44562,Pending verification,Pending verification
54876,UGIFT-054904,Diagnostic Equipment Set for Ward,PENDING VERIFICATION,1088000,BUILDINGS AND STRUCTURES,44562,Pending verification,Pending verification
54877,UGIFT-054905,Diagnostic Equipment Set for Ward,PENDING VERIFICATION,1088000,BUILDINGS AND STRUCTURES,44562,Pending verification,Pending verification
54878,UGIFT-054906,"Hollow Ware Set, Ward",PENDING VERIFICATION,1160000,MACHINERY AND EQUIPMENT,44562,Pending verification,Pending verification
54879,UGIFT-054907,"Hollow Ware Set, Ward",PENDING VERIFICATION,1160000,MACHINERY AND EQUIPMENT,44562,Pending verification,Pending verification
54880,UGIFT-054908,"Instrument Set, Delivery",PENDING VERIFICATION,1173900,MACHINERY AND EQUIPMENT,44562,Pending verification,Pending verification
54881,UGIFT-054909,"Instrument Set, Delivery",PENDING VERIFICATION,1173900,MACHINERY AND EQUIPMENT,44562,Pending verification,Pending verification
54882,UGIFT-054910,"Instrument Set, Delivery",PENDING VERIFICATION,1173900,MACHINERY AND EQUIPMENT,44562,Pending verification,Pending verification
54883,UGIFT-054911,"Instrument Set, Delivery",PENDING VERIFICATION,1173900,MACHINERY AND EQUIPMENT,44562,Pending verification,Pending verification
54884,UGIFT-054912,"Instrument Set, Delivery",PENDING VERIFICATION,1173900,MACHINERY AND EQUIPMENT,44562,Pending verification,Pending verification
54885,UGIFT-054913,"Instrument Set, Stitch Removing",PENDING VERIFICATION,553934,MACHINERY AND EQUIPMENT,44562,Pending verification,Pending verification
54886,UGIFT-054914,"Instrument Set, Stitch Removing",PENDING VERIFICATION,553934,MACHINERY AND EQUIPMENT,44562,Pending verification,Pending verification
54887,UGIFT-054915,"Instrument Set, Stitch Removing",PENDING VERIFICATION,553934,MACHINERY AND EQUIPMENT,44562,Pending verification,Pending verification
54888,UGIFT-054916,"Instrument Set, Stitch Removing",PENDING VERIFICATION,553934,MACHINERY AND EQUIPMENT,44562,Pending verification,Pending verification
54889,UGIFT-054917,"Instrument Set, Stitch Removing",PENDING VERIFICATION,553934,MACHINERY AND EQUIPMENT,44562,Pending verification,Pending verification
54902,UGIFT-054930,Centrifuge (Electric),PENDING VERIFICATION,380000,MACHINERY AND EQUIPMENT,44562,Pending verification,Pending verification
54903,UGIFT-054931,"Haemoglobin Meter, Sahli",PENDING VERIFICATION,825710,MACHINERY AND EQUIPMENT,44562,Pending verification,Pending verification
54904,UGIFT-054932,"Haemoglobin Meter, Sahli",PENDING VERIFICATION,825710,MACHINERY AND EQUIPMENT,44562,Pending verification,Pending verification
54906,UGIFT-054934,Examination light,PENDING VERIFICATION,1904000,MACHINERY AND EQUIPMENT,44562,Pending verification,Pending verification
54907,UGIFT-054935,Examination light,PENDING VERIFICATION,1904000,MACHINERY AND EQUIPMENT,44562,Pending verification,Pending verification
54908,UGIFT-054936,Examination light,PENDING VERIFICATION,1904000,MACHINERY AND EQUIPMENT,44562,Pending verification,Pending verification
54909,UGIFT-054937,"Bag Valve mask (Ambu Bag), Neonatal",PENDING VERIFICATION,0,MACHINERY AND EQUIPMENT,44562,Pending verification,Pending verification
54910,UGIFT-054938,"Bag Valve mask (Ambu Bag), Neonatal",PENDING VERIFICATION,0,MACHINERY AND EQUIPMENT,44562,Pending verification,Pending verification
54911,UGIFT-054939,"Bag Valve mask (Ambu Bag), Neonatal",PENDING VERIFICATION,0,MACHINERY AND EQUIPMENT,44562,Pending verification,Pending verification
54912,UGIFT-054940,"Bag Valve mask (Ambu Bag), Neonatal",PENDING VERIFICATION,0,MACHINERY AND EQUIPMENT,44562,Pending verification,Pending verification
54913,UGIFT-054941,"Bag Valve mask (Ambu Bag), Neonatal",PENDING VERIFICATION,0,MACHINERY AND EQUIPMENT,44562,Pending verification,Pending verification
54914,UGIFT-054942,"Bag Valve mask (Ambu Bag), Neonatal",PENDING VERIFICATION,0,MACHINERY AND EQUIPMENT,44562,Pending verification,Pending verification
54915,UGIFT-054943,"Bag Valve mask (Ambu Bag), Neonatal",PENDING VERIFICATION,0,MACHINERY AND EQUIPMENT,44562,Pending verification,Pending verification
54916,UGIFT-054944,"Bag Valve mask (Ambu Bag), Neonatal",PENDING VERIFICATION,0,MACHINERY AND EQUIPMENT,44562,Pending verification,Pending verification
54917,UGIFT-054945,"Bag Valve mask (Ambu Bag), Neonatal",PENDING VERIFICATION,0,MACHINERY AND EQUIPMENT,44562,Pending verification,Pending verification
54918,UGIFT-054946,"Bag Valve mask (Ambu Bag), Neonatal",PENDING VERIFICATION,0,MACHINERY AND EQUIPMENT,44562,Pending verification,Pending verification
54919,UGIFT-054947,"Bag Valve mask (Ambu Bag), Neonatal",PENDING VERIFICATION,0,MACHINERY AND EQUIPMENT,44562,Pending verification,Pending verification
54920,UGIFT-054948,"Bag Valve mask (Ambu Bag), Neonatal",PENDING VERIFICATION,0,MACHINERY AND EQUIPMENT,44562,Pending verification,Pending verification
54921,UGIFT-054949,"Bag Valve mask (Ambu Bag), Neonatal",PENDING VERIFICATION,0,MACHINERY AND EQUIPMENT,44562,Pending verification,Pending verification
54922,UGIFT-054950,"Bag Valve mask (Ambu Bag), Neonatal",PENDING VERIFICATION,0,MACHINERY AND EQUIPMENT,44562,Pending verification,Pending verification
54923,UGIFT-054951,"Bag Valve mask (Ambu Bag), Neonatal",PENDING VERIFICATION,0,MACHINERY AND EQUIPMENT,44562,Pending verification,Pending verification
54969,UGIFT-054997,Stethoscope,PENDING VERIFICATION,200000,MACHINERY AND EQUIPMENT,44914,Pending verification,Pending verification
54970,UGIFT-054998,Stethoscope,PENDING VERIFICATION,200000,MACHINERY AND EQUIPMENT,44914,Pending verification,Pending verification
54971,UGIFT-054999,Stethoscope,PENDING VERIFICATION,200000,MACHINERY AND EQUIPMENT,44914,Pending verification,Pending verification
54972,UGIFT-055000,Stethoscope,PENDING VERIFICATION,200000,MACHINERY AND EQUIPMENT,44914,Pending verification,Pending verification
54973,UGIFT-055001,Stethoscope,PENDING VERIFICATION,200000,MACHINERY AND EQUIPMENT,44914,Pending verification,Pending verification
54974,UGIFT-055002,Stethoscope,PENDING VERIFICATION,200000,MACHINERY AND EQUIPMENT,44914,Pending verification,Pending verification
54975,UGIFT-055003,Stethoscope,PENDING VERIFICATION,200000,MACHINERY AND EQUIPMENT,44914,Pending verification,Pending verification
54976,UGIFT-055004,Stethoscope,PENDING VERIFICATION,200000,MACHINERY AND EQUIPMENT,44914,Pending verification,Pending verification
54978,UGIFT-055006,"Weighing Scale, Toddler",PENDING VERIFICATION,960000,MACHINERY AND EQUIPMENT,44914,Pending verification,Pending verification
54985,UGIFT-055013,Diagnostic Equipment Set for MCH,PENDING VERIFICATION,200000,MACHINERY AND EQUIPMENT,44914,Pending verification,Pending verification
54986,UGIFT-055014,Diagnostic Equipment Set for MCH,PENDING VERIFICATION,200000,MACHINERY AND EQUIPMENT,44914,Pending verification,Pending verification
54994,UGIFT-055022,"Oxygen Therapy Apparatus, Mininum 45L cylinder",PENDING VERIFICATION,1400000,MACHINERY AND EQUIPMENT,44914,Pending verification,Pending verification
54995,UGIFT-055023,"Oxygen Therapy Apparatus, Mininum 45L cylinder",PENDING VERIFICATION,1400000,MACHINERY AND EQUIPMENT,44914,Pending verification,Pending verification
54997,UGIFT-055025,"Nebulizer, Ultrasonic",PENDING VERIFICATION,720000,MACHINERY AND EQUIPMENT,44914,Pending verification,Pending verification
54998,UGIFT-055026,"Oxygen Concentrator, Duo Flow",PENDING VERIFICATION,6400000,MACHINERY AND EQUIPMENT,44914,Pending verification,Pending verification
55024,UGIFT-055052,"Instrument set, ENT Basic for HCIII",PENDING VERIFICATION,2016000,MACHINERY AND EQUIPMENT,44914,Pending verification,Pending verification
55042,UGIFT-055070,Counting chamber Neubauer- Improved,PENDING VERIFICATION,162540,MACHINERY AND EQUIPMENT,44914,Pending verification,Pending verification
55043,UGIFT-055071,Counting chamber Neubauer- Improved,PENDING VERIFICATION,162540,MACHINERY AND EQUIPMENT,44914,Pending verification,Pending verification
55044,UGIFT-055072,Drip Stand,PENDING VERIFICATION,200000,MACHINERY AND EQUIPMENT,44914,Pending verification,Pending verification
55045,UGIFT-055073,Drip Stand,PENDING VERIFICATION,200000,MACHINERY AND EQUIPMENT,44914,Pending verification,Pending verification
55046,UGIFT-055074,Drip Stand,PENDING VERIFICATION,200000,MACHINERY AND EQUIPMENT,44914,Pending verification,Pending verification
55047,UGIFT-055075,Drip Stand,PENDING VERIFICATION,200000,MACHINERY AND EQUIPMENT,44914,Pending verification,Pending verification
55048,UGIFT-055076,Drip Stand,PENDING VERIFICATION,200000,MACHINERY AND EQUIPMENT,44914,Pending verification,Pending verification
55049,UGIFT-055077,Drip Stand,PENDING VERIFICATION,200000,MACHINERY AND EQUIPMENT,44914,Pending verification,Pending verification
55050,UGIFT-055078,Drip Stand,PENDING VERIFICATION,200000,MACHINERY AND EQUIPMENT,44914,Pending verification,Pending verification
55051,UGIFT-055079,Drip Stand,PENDING VERIFICATION,200000,MACHINERY AND EQUIPMENT,44914,Pending verification,Pending verification
55052,UGIFT-055080,ESR Stand,PENDING VERIFICATION,135080,MACHINERY AND EQUIPMENT,44914,Pending verification,Pending verification
55053,UGIFT-055081,Examination Couch,PENDING VERIFICATION,720000,MACHINERY AND EQUIPMENT,44914,Pending verification,Pending verification
55054,UGIFT-055082,Examination Couch,PENDING VERIFICATION,720000,MACHINERY AND EQUIPMENT,44914,Pending verification,Pending verification
55055,UGIFT-055083,Examination Couch,PENDING VERIFICATION,720000,MACHINERY AND EQUIPMENT,44914,Pending verification,Pending verification
55056,UGIFT-055084,Examination Couch,PENDING VERIFICATION,720000,MACHINERY AND EQUIPMENT,44914,Pending verification,Pending verification
55057,UGIFT-055085,Glucometer,PENDING VERIFICATION,373333,MACHINERY AND EQUIPMENT,44914,Pending verification,Pending verification
55058,UGIFT-055086,Glucometer,PENDING VERIFICATION,373333,MACHINERY AND EQUIPMENT,44914,Pending verification,Pending verification
55060,UGIFT-055088,Microscope Binocular,PENDING VERIFICATION,1520000,MACHINERY AND EQUIPMENT,44914,Pending verification,Pending verification
55061,UGIFT-055089,Otoscope,PENDING VERIFICATION,224480,MACHINERY AND EQUIPMENT,44914,Pending verification,Pending verification
55062,UGIFT-055090,Patient Screen,PENDING VERIFICATION,378000,MACHINERY AND EQUIPMENT,44914,Pending verification,Pending verification
55063,UGIFT-055091,Patient Screen,PENDING VERIFICATION,378000,MACHINERY AND EQUIPMENT,44914,Pending verification,Pending verification
55064,UGIFT-055092,Patient Screen,PENDING VERIFICATION,378000,MACHINERY AND EQUIPMENT,44914,Pending verification,Pending verification
55065,UGIFT-055093,Patient Screen,PENDING VERIFICATION,378000,MACHINERY AND EQUIPMENT,44914,Pending verification,Pending verification
55066,UGIFT-055094,Patient Screen,PENDING VERIFICATION,378000,MACHINERY AND EQUIPMENT,44914,Pending verification,Pending verification
55067,UGIFT-055095,Patient Trolley,PENDING VERIFICATION,1120000,MACHINERY AND EQUIPMENT,44914,Pending verification,Pending verification
55068,UGIFT-055096,"Refrigerator, Basic",PENDING VERIFICATION,1200000,MACHINERY AND EQUIPMENT,44914,Pending verification,Pending verification
55069,UGIFT-055097,"Refrigerator, Basic",PENDING VERIFICATION,1200000,MACHINERY AND EQUIPMENT,44914,Pending verification,Pending verification
55070,UGIFT-055098,Stethoscope,PENDING VERIFICATION,200000,MACHINERY AND EQUIPMENT,44914,Pending verification,Pending verification
55071,UGIFT-055099,Stethoscope,PENDING VERIFICATION,200000,MACHINERY AND EQUIPMENT,44914,Pending verification,Pending verification
55072,UGIFT-055100,Stethoscope,PENDING VERIFICATION,200000,MACHINERY AND EQUIPMENT,44914,Pending verification,Pending verification
55073,UGIFT-055101,Stethoscope,PENDING VERIFICATION,200000,MACHINERY AND EQUIPMENT,44914,Pending verification,Pending verification
55074,UGIFT-055102,Stethoscope,PENDING VERIFICATION,200000,MACHINERY AND EQUIPMENT,44914,Pending verification,Pending verification
55075,UGIFT-055103,Stethoscope,PENDING VERIFICATION,200000,MACHINERY AND EQUIPMENT,44914,Pending verification,Pending verification
55076,UGIFT-055104,Stethoscope,PENDING VERIFICATION,200000,MACHINERY AND EQUIPMENT,44914,Pending verification,Pending verification
55077,UGIFT-055105,Stethoscope,PENDING VERIFICATION,200000,MACHINERY AND EQUIPMENT,44914,Pending verification,Pending verification
55078,UGIFT-055106,Stretcher,PENDING VERIFICATION,2000000,MACHINERY AND EQUIPMENT,44914,Pending verification,Pending verification
55079,UGIFT-055107,"Weighing Scale, Toddler",PENDING VERIFICATION,960000,MACHINERY AND EQUIPMENT,44914,Pending verification,Pending verification
55080,UGIFT-055108,Wheel Chair,PENDING VERIFICATION,338625,MACHINERY AND EQUIPMENT,44914,Pending verification,Pending verification
55081,UGIFT-055109,Wheel Chair,PENDING VERIFICATION,338625,MACHINERY AND EQUIPMENT,44914,Pending verification,Pending verification
55082,UGIFT-055110,Wheel Chair,PENDING VERIFICATION,338625,MACHINERY AND EQUIPMENT,44914,Pending verification,Pending verification
55083,UGIFT-055111,Wheel Chair,PENDING VERIFICATION,338625,MACHINERY AND EQUIPMENT,44914,Pending verification,Pending verification
55086,UGIFT-055114,Diagnostic Equipment Set for MCH,PENDING VERIFICATION,200000,MACHINERY AND EQUIPMENT,44914,Pending verification,Pending verification
55087,UGIFT-055115,Diagnostic Equipment Set for MCH,PENDING VERIFICATION,200000,MACHINERY AND EQUIPMENT,44914,Pending verification,Pending verification
55090,UGIFT-055118,"Hollow Ware Set, Treatment",PENDING VERIFICATION,2000000,MACHINERY AND EQUIPMENT,44914,Pending verification,Pending verification
55091,UGIFT-055119,"Hollow Ware Set, Treatment",PENDING VERIFICATION,2000000,MACHINERY AND EQUIPMENT,44914,Pending verification,Pending verification
55092,UGIFT-055120,"Instrument Set, Dressing",PENDING VERIFICATION,360000,MACHINERY AND EQUIPMENT,44914,Pending verification,Pending verification
55093,UGIFT-055121,"Instrument Set, Dressing",PENDING VERIFICATION,360000,MACHINERY AND EQUIPMENT,44914,Pending verification,Pending verification
55094,UGIFT-055122,"Instrument Set, Dressing",PENDING VERIFICATION,360000,MACHINERY AND EQUIPMENT,44914,Pending verification,Pending verification
55095,UGIFT-055123,"Instrument Set, Dressing",PENDING VERIFICATION,360000,MACHINERY AND EQUIPMENT,44914,Pending verification,Pending verification
55097,UGIFT-055125,"Oxygen Therapy Apparatus, Mininum 45L cylinder",PENDING VERIFICATION,1400000,MACHINERY AND EQUIPMENT,44914,Pending verification,Pending verification
55098,UGIFT-055126,"Oxygen Therapy Apparatus, Mininum 45L cylinder",PENDING VERIFICATION,1400000,MACHINERY AND EQUIPMENT,44914,Pending verification,Pending verification
55099,UGIFT-055127,"Suction Apparatus, (Electric)",PENDING VERIFICATION,1344000,MACHINERY AND EQUIPMENT,44914,Pending verification,Pending verification
55100,UGIFT-055128,"Nebulizer, Ultrasonic",PENDING VERIFICATION,720000,MACHINERY AND EQUIPMENT,44914,Pending verification,Pending verification
55101,UGIFT-055129,"Oxygen Concentrator, Duo Flow",PENDING VERIFICATION,6400000,MACHINERY AND EQUIPMENT,44914,Pending verification,Pending verification
55102,UGIFT-055130,Baby Cot,PENDING VERIFICATION,640000,MACHINERY AND EQUIPMENT,44914,Pending verification,Pending verification
55103,UGIFT-055131,Baby Cot,PENDING VERIFICATION,640000,MACHINERY AND EQUIPMENT,44914,Pending verification,Pending verification
55104,UGIFT-055132,"Hollow Ware Set, Ward",PENDING VERIFICATION,1160000,MACHINERY AND EQUIPMENT,44914,Pending verification,Pending verification
55105,UGIFT-055133,"Hollow Ware Set, Ward",PENDING VERIFICATION,1160000,MACHINERY AND EQUIPMENT,44914,Pending verification,Pending verification
55106,UGIFT-055134,"Instrument Set, Delivery",PENDING VERIFICATION,1173900,MACHINERY AND EQUIPMENT,44914,Pending verification,Pending verification
55107,UGIFT-055135,"Instrument Set, Delivery",PENDING VERIFICATION,1173900,MACHINERY AND EQUIPMENT,44914,Pending verification,Pending verification
55108,UGIFT-055136,MVA Kit,PENDING VERIFICATION,146000,MACHINERY AND EQUIPMENT,44914,Pending verification,Pending verification
55109,UGIFT-055137,MVA Kit,PENDING VERIFICATION,146000,MACHINERY AND EQUIPMENT,44914,Pending verification,Pending verification
55110,UGIFT-055138,MVA Kit,PENDING VERIFICATION,146000,MACHINERY AND EQUIPMENT,44914,Pending verification,Pending verification
55111,UGIFT-055139,MVA Kit,PENDING VERIFICATION,146000,MACHINERY AND EQUIPMENT,44914,Pending verification,Pending verification
55112,UGIFT-055140,MVA Kit,PENDING VERIFICATION,146000,MACHINERY AND EQUIPMENT,44914,Pending verification,Pending verification
55119,UGIFT-055147,"Fetoscope, Dopplar",PENDING VERIFICATION,48000,MACHINERY AND EQUIPMENT,44914,Pending verification,Pending verification
55120,UGIFT-055148,"Fetoscope, Dopplar",PENDING VERIFICATION,48000,MACHINERY AND EQUIPMENT,44914,Pending verification,Pending verification
55121,UGIFT-055149,Centrifuge (Electric),PENDING VERIFICATION,380000,MACHINERY AND EQUIPMENT,44914,Pending verification,Pending verification
55122,UGIFT-055150,Kangaroo Mother Care Chair,PENDING VERIFICATION,1622270,MACHINERY AND EQUIPMENT,44914,Pending verification,Pending verification
55123,UGIFT-055151,"Haemoglobin Meter, Sahli",PENDING VERIFICATION,825710,MACHINERY AND EQUIPMENT,44914,Pending verification,Pending verification
55124,UGIFT-055152,"Haemoglobin Meter, Sahli",PENDING VERIFICATION,825710,MACHINERY AND EQUIPMENT,44914,Pending verification,Pending verification
55125,UGIFT-055153,Delivery Bed,PENDING VERIFICATION,3360000,MACHINERY AND EQUIPMENT,44914,Pending verification,Pending verification
55126,UGIFT-055154,Examination light,PENDING VERIFICATION,1904000,MACHINERY AND EQUIPMENT,44914,Pending verification,Pending verification
55127,UGIFT-055155,Examination light,PENDING VERIFICATION,1904000,MACHINERY AND EQUIPMENT,44914,Pending verification,Pending verification
55128,UGIFT-055156,Examination light,PENDING VERIFICATION,1904000,MACHINERY AND EQUIPMENT,44914,Pending verification,Pending verification
55129,UGIFT-055157,"Instrument set, ENT Basic for HCIII",PENDING VERIFICATION,2016000,MACHINERY AND EQUIPMENT,44914,Pending verification,Pending verification
55151,UGIFT-055179,ESR Stand,PENDING VERIFICATION,150000,MACHINERY AND EQUIPMENT,45818,Pending verification,Pending verification
55172,UGIFT-055200,Stretcher,PENDING VERIFICATION,2240000,MACHINERY AND EQUIPMENT,44896,Pending verification,Pending verification
55208,UGIFT-055236,"Cupboard, Instrument",PENDING VERIFICATION,1267000,MACHINERY AND EQUIPMENT,45818,Pending verification,Pending verification
55312,UGIFT-055340,Examination Couch,PENDING REVIEW,692000,MACHINERY AND EQUIPMENT,45183,Pending calculation,Pending calculation
55313,UGIFT-055341,Examination Couch,PENDING REVIEW,692000,MACHINERY AND EQUIPMENT,45183,Pending calculation,Pending calculation
55314,UGIFT-055342,Examination Couch,PENDING REVIEW,692000,MACHINERY AND EQUIPMENT,45183,Pending calculation,Pending calculation
55315,UGIFT-055343,Examination Couch,PENDING REVIEW,692000,MACHINERY AND EQUIPMENT,45183,Pending calculation,Pending calculation
55316,UGIFT-055344,Examination Couch,PENDING REVIEW,692000,MACHINERY AND EQUIPMENT,45183,Pending calculation,Pending calculation
55317,UGIFT-055345,Examination Couch,PENDING REVIEW,692000,MACHINERY AND EQUIPMENT,45183,Pending calculation,Pending calculation
55318,UGIFT-055346,Examination Couch,PENDING REVIEW,692000,MACHINERY AND EQUIPMENT,45183,Pending calculation,Pending calculation
55319,UGIFT-055347,Examination Couch,PENDING REVIEW,692000,MACHINERY AND EQUIPMENT,45183,Pending calculation,Pending calculation
55320,UGIFT-055348,Examination Couch,PENDING REVIEW,692000,MACHINERY AND EQUIPMENT,45183,Pending calculation,Pending calculation
55321,UGIFT-055349,Examination Couch,PENDING REVIEW,692000,MACHINERY AND EQUIPMENT,45183,Pending calculation,Pending calculation
55322,UGIFT-055350,Examination Couch,PENDING REVIEW,692000,MACHINERY AND EQUIPMENT,45183,Pending calculation,Pending calculation
55323,UGIFT-055351,Examination Couch,PENDING REVIEW,692000,MACHINERY AND EQUIPMENT,45183,Pending calculation,Pending calculation
55324,UGIFT-055352,Examination Couch,PENDING REVIEW,692000,MACHINERY AND EQUIPMENT,45183,Pending calculation,Pending calculation
55325,UGIFT-055353,Examination Couch,PENDING REVIEW,692000,MACHINERY AND EQUIPMENT,45183,Pending calculation,Pending calculation
55424,UGIFT-055452,Office Chair,PENDING REVIEW,490000,MACHINERY AND EQUIPMENT,45183,Pending calculation,Pending calculation
55425,UGIFT-055453,Office Chair,PENDING REVIEW,490000,MACHINERY AND EQUIPMENT,45183,Pending calculation,Pending calculation
55426,UGIFT-055454,Office Chair,PENDING REVIEW,490000,MACHINERY AND EQUIPMENT,45183,Pending calculation,Pending calculation
55427,UGIFT-055455,Office Chair,PENDING REVIEW,490000,MACHINERY AND EQUIPMENT,45183,Pending calculation,Pending calculation
55428,UGIFT-055456,Office Chair,PENDING REVIEW,490000,MACHINERY AND EQUIPMENT,45183,Pending calculation,Pending calculation
55501,UGIFT-055529,"Oxygen Therapy Apparatus, Mininum 45L cylinder",PENDING VERIFICATION,1400000,MACHINERY AND EQUIPMENT,45748,Pending verification,Pending verification
55502,UGIFT-055530,"Suction Apparatus, (Electric)",PENDING VERIFICATION,1344000,MACHINERY AND EQUIPMENT,44910,Pending verification,Pending verification
55503,UGIFT-055531,"Nebulizer, Ultrasonic",PENDING VERIFICATION,720000,MACHINERY AND EQUIPMENT,44910,Pending verification,Pending verification
55504,UGIFT-055532,"Oxygen Concentrator, Duo Flow",PENDING VERIFICATION,6400000,MACHINERY AND EQUIPMENT,44910,Pending verification,Pending verification
55505,UGIFT-055533,Baby Cot,PENDING VERIFICATION,500000,MACHINERY AND EQUIPMENT,45748,Pending verification,Pending verification
55506,UGIFT-055534,Baby Cot,PENDING VERIFICATION,500000,MACHINERY AND EQUIPMENT,45748,Pending verification,Pending verification
55507,UGIFT-055535,Baby Cot,PENDING VERIFICATION,500000,MACHINERY AND EQUIPMENT,45748,Pending verification,Pending verification
55508,UGIFT-055536,Baby Cot,PENDING VERIFICATION,500000,MACHINERY AND EQUIPMENT,45748,Pending verification,Pending verification
55509,UGIFT-055537,Baby Cot,PENDING VERIFICATION,500000,MACHINERY AND EQUIPMENT,45748,Pending verification,Pending verification
55510,UGIFT-055538,MVA Kit,PENDING VERIFICATION,146000,MACHINERY AND EQUIPMENT,44910,Pending verification,Pending verification
55511,UGIFT-055539,MVA Kit,PENDING VERIFICATION,146000,MACHINERY AND EQUIPMENT,44910,Pending verification,Pending verification
55512,UGIFT-055540,MVA Kit,PENDING VERIFICATION,146000,MACHINERY AND EQUIPMENT,44910,Pending verification,Pending verification
55513,UGIFT-055541,"Stool, Laboratory",PENDING VERIFICATION,672000,MACHINERY AND EQUIPMENT,44910,Pending verification,Pending verification
55517,UGIFT-055545,"Fetoscope, Dopplar",PENDING VERIFICATION,48000,MACHINERY AND EQUIPMENT,44910,Pending verification,Pending verification
55518,UGIFT-055546,"Fetoscope, Dopplar",PENDING VERIFICATION,48000,MACHINERY AND EQUIPMENT,44910,Pending verification,Pending verification
55523,UGIFT-055551,"Instrument set, ENT Basic for HCIII",PENDING VERIFICATION,1681680,MACHINERY AND EQUIPMENT,45809,Pending verification,Pending verification
55861,UGIFT-055889,Audio Visual Equipment,PENDING VALUATION,Pending valuation,MACHINERY AND EQUIPMENT,44562,Pending calculation,Pending calculation
57370,UGIFT-057398,Foot ball pitch,PENDING VALUATION,Pending valuation,MACHINERY AND EQUIPMENT,45658,Pending calculation,Pending calculation
57627,UGIFT-057655,Stools,PENDING VERIFICATION,150000,MACHINERY AND EQUIPMENT,44621,Pending verification,Pending verification
57639,UGIFT-057667,Book Shelves,PENDING VERIFICATION,550000,MACHINERY AND EQUIPMENT,45689,Pending verification,Pending verification
57640,UGIFT-057668,ICT Items,PENDING VERIFICATION,Pending valuation,PENDING CLASSIFICATION,44896,Pending verification,Pending verification
58248,UGIFT-058276,Book Shelves,PENDING VERIFICATION,550000,MACHINERY AND EQUIPMENT,45658,Pending verification,Pending verification
58249,UGIFT-058277,Book Shelves,PENDING VERIFICATION,550000,MACHINERY AND EQUIPMENT,45658,Pending verification,Pending verification
58250,UGIFT-058278,Book Shelves,PENDING VERIFICATION,550000,MACHINERY AND EQUIPMENT,45658,Pending verification,Pending verification
58251,UGIFT-058279,Book Shelves,PENDING VERIFICATION,550000,MACHINERY AND EQUIPMENT,45658,Pending verification,Pending verification
58252,UGIFT-058280,Book Shelves,PENDING VERIFICATION,550000,MACHINERY AND EQUIPMENT,45658,Pending verification,Pending verification
58253,UGIFT-058281,Book Shelves,PENDING VERIFICATION,550000,MACHINERY AND EQUIPMENT,45658,Pending verification,Pending verification
58254,UGIFT-058282,Desktop Computer,PENDING VERIFICATION,3000000,MACHINERY AND EQUIPMENT,45810,Pending verification,Pending verification
58255,UGIFT-058283,Desktop Computer,PENDING VERIFICATION,3000000,MACHINERY AND EQUIPMENT,45810,Pending verification,Pending verification
58256,UGIFT-058284,Desktop Computer,PENDING VERIFICATION,3000000,MACHINERY AND EQUIPMENT,45810,Pending verification,Pending verification
58257,UGIFT-058285,Desktop Computer,PENDING VERIFICATION,3000000,MACHINERY AND EQUIPMENT,45810,Pending verification,Pending verification
58258,UGIFT-058286,Desktop Computer,PENDING VERIFICATION,3000000,MACHINERY AND EQUIPMENT,45810,Pending verification,Pending verification
58259,UGIFT-058287,Desktop Computer,PENDING VERIFICATION,3000000,MACHINERY AND EQUIPMENT,45810,Pending verification,Pending verification
58260,UGIFT-058288,Desktop Computer,PENDING VERIFICATION,3000000,MACHINERY AND EQUIPMENT,45810,Pending verification,Pending verification
58261,UGIFT-058289,Desktop Computer,PENDING VERIFICATION,3000000,MACHINERY AND EQUIPMENT,45810,Pending verification,Pending verification
58262,UGIFT-058290,Desktop Computer,PENDING VERIFICATION,3000000,MACHINERY AND EQUIPMENT,45810,Pending verification,Pending verification
58263,UGIFT-058291,Desktop Computer,PENDING VERIFICATION,3000000,MACHINERY AND EQUIPMENT,45810,Pending verification,Pending verification
58264,UGIFT-058292,Desktop Computer,PENDING VERIFICATION,3000000,MACHINERY AND EQUIPMENT,45810,Pending verification,Pending verification
58265,UGIFT-058293,Desktop Computer,PENDING VERIFICATION,3000000,MACHINERY AND EQUIPMENT,45810,Pending verification,Pending verification
58266,UGIFT-058294,Desktop Computer,PENDING VERIFICATION,3000000,MACHINERY AND EQUIPMENT,45810,Pending verification,Pending verification
58267,UGIFT-058295,Desktop Computer,PENDING VERIFICATION,3000000,MACHINERY AND EQUIPMENT,45810,Pending verification,Pending verification
58268,UGIFT-058296,Desktop Computer,PENDING VERIFICATION,3000000,MACHINERY AND EQUIPMENT,45810,Pending verification,Pending verification
58269,UGIFT-058297,Desktop Computer,PENDING VERIFICATION,3000000,MACHINERY AND EQUIPMENT,45810,Pending verification,Pending verification
58273,UGIFT-058301,Desktop Computer,PENDING VERIFICATION,3000000,MACHINERY AND EQUIPMENT,45810,Pending verification,Pending verification
58274,UGIFT-058302,Desktop Computer,PENDING VERIFICATION,3000000,MACHINERY AND EQUIPMENT,45810,Pending verification,Pending verification
58275,UGIFT-058303,Desktop Computer,PENDING VERIFICATION,3000000,MACHINERY AND EQUIPMENT,45810,Pending verification,Pending verification
58276,UGIFT-058304,Desktop Computer,PENDING VERIFICATION,3000000,MACHINERY AND EQUIPMENT,45810,Pending verification,Pending verification
58277,UGIFT-058305,Desktop Computer,PENDING VERIFICATION,3000000,MACHINERY AND EQUIPMENT,45810,Pending verification,Pending verification
58278,UGIFT-058306,Desktop Computer,PENDING VERIFICATION,3000000,MACHINERY AND EQUIPMENT,45810,Pending verification,Pending verification
58279,UGIFT-058307,Desktop Computer,PENDING VERIFICATION,3000000,MACHINERY AND EQUIPMENT,45810,Pending verification,Pending verification
58280,UGIFT-058308,Desktop Computer,PENDING VERIFICATION,3000000,MACHINERY AND EQUIPMENT,45810,Pending verification,Pending verification
58281,UGIFT-058309,Desktop Computer,PENDING VERIFICATION,3000000,MACHINERY AND EQUIPMENT,45810,Pending verification,Pending verification
58282,UGIFT-058310,Desktop Computer,PENDING VERIFICATION,3000000,MACHINERY AND EQUIPMENT,45810,Pending verification,Pending verification
58283,UGIFT-058311,Desktop Computer,PENDING VERIFICATION,3000000,MACHINERY AND EQUIPMENT,45810,Pending verification,Pending verification
58284,UGIFT-058312,Desktop Computer,PENDING VERIFICATION,3000000,MACHINERY AND EQUIPMENT,45810,Pending verification,Pending verification
58285,UGIFT-058313,Desktop Computer,PENDING VERIFICATION,3000000,MACHINERY AND EQUIPMENT,45810,Pending verification,Pending verification
58286,UGIFT-058314,Desktop Computer,PENDING VERIFICATION,3000000,MACHINERY AND EQUIPMENT,45810,Pending verification,Pending verification
58287,UGIFT-058315,Desktop Computer,PENDING VERIFICATION,3000000,MACHINERY AND EQUIPMENT,45810,Pending verification,Pending verification
58288,UGIFT-058316,Desktop Computer,PENDING VERIFICATION,3000000,MACHINERY AND EQUIPMENT,45810,Pending verification,Pending verification
58316,UGIFT-058344,Foot ball pitch,PENDING VALUATION,Pending valuation,MACHINERY AND EQUIPMENT,45658,Pending calculation,Pending calculation
58322,UGIFT-058350,"Bowl, Kick",PENDING VERIFICATION,200000,MACHINERY AND EQUIPMENT,45800,Pending verification,Pending verification
58323,UGIFT-058351,"Bowl, Kick",PENDING VERIFICATION,200000,MACHINERY AND EQUIPMENT,45800,Pending verification,Pending verification
58327,UGIFT-058355,Counting chamber Neubauer- Improved,PENDING VERIFICATION,120000,MACHINERY AND EQUIPMENT,45748,Pending verification,Pending verification
58328,UGIFT-058356,Counting chamber Neubauer- Improved,PENDING VERIFICATION,120000,MACHINERY AND EQUIPMENT,45748,Pending verification,Pending verification
58330,UGIFT-058358,ESR Stand,PENDING VERIFICATION,150000,MACHINERY AND EQUIPMENT,45763,Pending verification,Pending verification
58688,UGIFT-058716,"B.P. Machine, Digital",PENDING VERIFICATION,300000,MACHINERY AND EQUIPMENT,45658,Pending verification,Pending verification
58689,UGIFT-058717,"B.P. Machine, Digital",PENDING VERIFICATION,300000,MACHINERY AND EQUIPMENT,45658,Pending verification,Pending verification
58690,UGIFT-058718,B.P. Machine (Aneroid wall mounted),PENDING VERIFICATION,300000,MACHINERY AND EQUIPMENT,45658,Pending verification,Pending verification
58691,UGIFT-058719,B.P. Machine (Aneroid wall mounted),PENDING VERIFICATION,300000,MACHINERY AND EQUIPMENT,45658,Pending verification,Pending verification
58692,UGIFT-058720,"Autoclave 20 Liters.,Duo Operated",PENDING VERIFICATION,720000,MACHINERY AND EQUIPMENT,44914,Pending verification,Pending verification
58693,UGIFT-058721,Bowl Stand,PENDING VERIFICATION,243999,MACHINERY AND EQUIPMENT,45658,Pending verification,Pending verification
58694,UGIFT-058722,Bowl Stand,PENDING VERIFICATION,243999,MACHINERY AND EQUIPMENT,45658,Pending verification,Pending verification
58695,UGIFT-058723,"Cupboard Steel, Lockable",PENDING VERIFICATION,1267000,MACHINERY AND EQUIPMENT,45658,Pending verification,Pending verification
58696,UGIFT-058724,"Cupboard Steel, Lockable",PENDING VERIFICATION,1267000,MACHINERY AND EQUIPMENT,45658,Pending verification,Pending verification
58697,UGIFT-058725,Drip Stand,PENDING VERIFICATION,56000,MACHINERY AND EQUIPMENT,45658,Pending verification,Pending verification
58698,UGIFT-058726,Drip Stand,PENDING VERIFICATION,56000,MACHINERY AND EQUIPMENT,45658,Pending verification,Pending verification
58699,UGIFT-058727,ESR Stand,PENDING VERIFICATION,150000,MACHINERY AND EQUIPMENT,45658,Pending verification,Pending verification
58700,UGIFT-058728,Examination Couch,PENDING VERIFICATION,600000,MACHINERY AND EQUIPMENT,45658,Pending verification,Pending verification
58701,UGIFT-058729,Examination Couch,PENDING VERIFICATION,600000,MACHINERY AND EQUIPMENT,45658,Pending verification,Pending verification
58702,UGIFT-058730,"Examination light,LED",PENDING VERIFICATION,450000,MACHINERY AND EQUIPMENT,45658,Pending verification,Pending verification
58703,UGIFT-058731,Glucometer,PENDING VERIFICATION,130000,MACHINERY AND EQUIPMENT,45658,Pending verification,Pending verification
58704,UGIFT-058732,Height Meter 01,PENDING VERIFICATION,210197,MACHINERY AND EQUIPMENT,45658,Pending verification,Pending verification
58705,UGIFT-058733,Microscope Binocular,PENDING VERIFICATION,1400000,MACHINERY AND EQUIPMENT,45658,Pending verification,Pending verification
58706,UGIFT-058734,Otoscope,PENDING VERIFICATION,141655,MACHINERY AND EQUIPMENT,45658,Pending verification,Pending verification
58707,UGIFT-058735,Patient Screen,PENDING VERIFICATION,350000,MACHINERY AND EQUIPMENT,45658,Pending verification,Pending verification
58708,UGIFT-058736,Patient Screen,PENDING VERIFICATION,350000,MACHINERY AND EQUIPMENT,45658,Pending verification,Pending verification
58709,UGIFT-058737,Patient Trolley,PENDING VERIFICATION,2423000,MACHINERY AND EQUIPMENT,45658,Pending verification,Pending verification
58710,UGIFT-058738,"Refrigerator, Basic",PENDING VERIFICATION,4000000,MACHINERY AND EQUIPMENT,45658,Pending verification,Pending verification
58711,UGIFT-058739,Stethoscope,PENDING VERIFICATION,200000,MACHINERY AND EQUIPMENT,45658,Pending verification,Pending verification
58712,UGIFT-058740,Stethoscope,PENDING VERIFICATION,200000,MACHINERY AND EQUIPMENT,45658,Pending verification,Pending verification
58713,UGIFT-058741,Stethoscope,PENDING VERIFICATION,200000,MACHINERY AND EQUIPMENT,45658,Pending verification,Pending verification
58715,UGIFT-058743,Stretcher,PENDING VERIFICATION,2240000,MACHINERY AND EQUIPMENT,45658,Pending verification,Pending verification
58716,UGIFT-058744,"Stove, Gas",PENDING VERIFICATION,560000,MACHINERY AND EQUIPMENT,45658,Pending verification,Pending verification
58717,UGIFT-058745,"Weighing Scale with Height Meter, Adult",PENDING VERIFICATION,407040,MACHINERY AND EQUIPMENT,45658,Pending verification,Pending verification
58718,UGIFT-058746,"Weighing Scale, Infant",PENDING VERIFICATION,400000,MACHINERY AND EQUIPMENT,45658,Pending verification,Pending verification
58720,UGIFT-058748,"Weighing Scale, Toddler",PENDING VERIFICATION,300000,MACHINERY AND EQUIPMENT,45658,Pending verification,Pending verification
58721,UGIFT-058749,"Weighing Scale, Toddler",PENDING VERIFICATION,300000,MACHINERY AND EQUIPMENT,45658,Pending verification,Pending verification
58723,UGIFT-058751,Wheel Chair,PENDING VERIFICATION,610000,MACHINERY AND EQUIPMENT,45658,Pending verification,Pending verification
58729,UGIFT-058757,Diagnostic Equipment Set for MCH,PENDING VERIFICATION,560884,MACHINERY AND EQUIPMENT,45658,Pending verification,Pending verification
58730,UGIFT-058758,Diagnostic Equipment Set for MCH,PENDING VERIFICATION,560884,MACHINERY AND EQUIPMENT,45658,Pending verification,Pending verification
58731,UGIFT-058759,Diagnostic Equipment Set for MCH,PENDING VERIFICATION,560884,MACHINERY AND EQUIPMENT,45658,Pending verification,Pending verification
58732,UGIFT-058760,Diagnostic Equipment Set for OPD,PENDING VERIFICATION,700000,MACHINERY AND EQUIPMENT,45658,Pending verification,Pending verification
58733,UGIFT-058761,Diagnostic Equipment Set for OPD,PENDING VERIFICATION,700000,MACHINERY AND EQUIPMENT,45658,Pending verification,Pending verification
58734,UGIFT-058762,Diagnostic Equipment Set for OPD,PENDING VERIFICATION,700000,MACHINERY AND EQUIPMENT,45658,Pending verification,Pending verification
58738,UGIFT-058766,"Hollow Ware Set, Treatment",PENDING VERIFICATION,20533686,MACHINERY AND EQUIPMENT,45658,Pending verification,Pending verification
58739,UGIFT-058767,"Hollow Ware Set, Treatment",PENDING VERIFICATION,20533686,MACHINERY AND EQUIPMENT,45658,Pending verification,Pending verification
58740,UGIFT-058768,"Hollow Ware Set, Treatment",PENDING VERIFICATION,20533686,MACHINERY AND EQUIPMENT,45658,Pending verification,Pending verification
58741,UGIFT-058769,"Instrument Set, Dressing",PENDING VERIFICATION,484000,MACHINERY AND EQUIPMENT,45658,Pending verification,Pending verification
58742,UGIFT-058770,"Instrument Set, Dressing",PENDING VERIFICATION,484000,MACHINERY AND EQUIPMENT,45658,Pending verification,Pending verification
58743,UGIFT-058771,"Instrument Set, Basic ENT",PENDING VERIFICATION,2273928,MACHINERY AND EQUIPMENT,45658,Pending verification,Pending verification
58744,UGIFT-058772,"Instrument Set, Basic ENT",PENDING VERIFICATION,2273928,MACHINERY AND EQUIPMENT,45658,Pending verification,Pending verification
58745,UGIFT-058773,"Instrument Set, Basic ENT",PENDING VERIFICATION,2273928,MACHINERY AND EQUIPMENT,45658,Pending verification,Pending verification
58746,UGIFT-058774,"Instrument Set, Suture",PENDING VERIFICATION,627381,MACHINERY AND EQUIPMENT,45658,Pending verification,Pending verification
58747,UGIFT-058775,"Instrument Set, Suture",PENDING VERIFICATION,627381,MACHINERY AND EQUIPMENT,45658,Pending verification,Pending verification
58748,UGIFT-058776,"Pulse Oximeter, Hand held",PENDING VERIFICATION,375427,MACHINERY AND EQUIPMENT,45658,Pending verification,Pending verification
58749,UGIFT-058777,"Pulse Oximeter, Hand held",PENDING VERIFICATION,375427,MACHINERY AND EQUIPMENT,45658,Pending verification,Pending verification
58750,UGIFT-058778,"Bed, Adult Patient with Mattress",PENDING VERIFICATION,750000,MACHINERY AND EQUIPMENT,45658,Pending verification,Pending verification
58751,UGIFT-058779,"Bed, Adult Patient with Mattress",PENDING VERIFICATION,750000,MACHINERY AND EQUIPMENT,45658,Pending verification,Pending verification
58752,UGIFT-058780,"Bed, Pediatric Patient, With Mattress",PENDING VERIFICATION,1975000,MACHINERY AND EQUIPMENT,45658,Pending verification,Pending verification
58753,UGIFT-058781,"Bed, Pediatric Patient, With Mattress",PENDING VERIFICATION,1975000,MACHINERY AND EQUIPMENT,45658,Pending verification,Pending verification
58754,UGIFT-058782,"Bed, Pediatric Patient, With Mattress",PENDING VERIFICATION,1975000,MACHINERY AND EQUIPMENT,45658,Pending verification,Pending verification
58755,UGIFT-058783,"Bed, Pediatric Patient, With Mattress",PENDING VERIFICATION,1975000,MACHINERY AND EQUIPMENT,45658,Pending verification,Pending verification
58756,UGIFT-058784,"Bed, Pediatric Patient, With Mattress",PENDING VERIFICATION,1975000,MACHINERY AND EQUIPMENT,45658,Pending verification,Pending verification
58757,UGIFT-058785,"Bed, Pediatric Patient, With Mattress",PENDING VERIFICATION,1975000,MACHINERY AND EQUIPMENT,45658,Pending verification,Pending verification
58758,UGIFT-058786,"Bed, Pediatric Patient, With Mattress",PENDING VERIFICATION,1975000,MACHINERY AND EQUIPMENT,45658,Pending verification,Pending verification
58759,UGIFT-058787,"Bed, Pediatric Patient, With Mattress",PENDING VERIFICATION,1975000,MACHINERY AND EQUIPMENT,45658,Pending verification,Pending verification
58760,UGIFT-058788,"Bed, Pediatric Patient, With Mattress",PENDING VERIFICATION,1975000,MACHINERY AND EQUIPMENT,45658,Pending verification,Pending verification
58761,UGIFT-058789,"Bed, Pediatric Patient, With Mattress",PENDING VERIFICATION,1975000,MACHINERY AND EQUIPMENT,45658,Pending verification,Pending verification
58762,UGIFT-058790,Bedside Locker,PENDING VERIFICATION,477201,MACHINERY AND EQUIPMENT,45658,Pending verification,Pending verification
58763,UGIFT-058791,Bedside Locker,PENDING VERIFICATION,477201,MACHINERY AND EQUIPMENT,45658,Pending verification,Pending verification
58764,UGIFT-058792,"Cupboard, Instrument",PENDING VERIFICATION,1267000,MACHINERY AND EQUIPMENT,45658,Pending verification,Pending verification
58765,UGIFT-058793,"Delivery Bed, Hydraulic Manual",PENDING VERIFICATION,0,MACHINERY AND EQUIPMENT,45658,Pending verification,Pending verification
58766,UGIFT-058794,"Oxygen Therapy Apparatus, Mininum 45L cylinder",PENDING VERIFICATION,875000,MACHINERY AND EQUIPMENT,45658,Pending verification,Pending verification
58769,UGIFT-058797,"Oxygen Concentrator, Duo Flow",PENDING VERIFICATION,1900000,MACHINERY AND EQUIPMENT,45658,Pending verification,Pending verification
58776,UGIFT-058804,Baby Cot,PENDING VERIFICATION,749167,MACHINERY AND EQUIPMENT,45658,Pending verification,Pending verification
58777,UGIFT-058805,Baby Cot,PENDING VERIFICATION,749167,MACHINERY AND EQUIPMENT,45658,Pending verification,Pending verification
58778,UGIFT-058806,"Instrument Set, Delivery",PENDING VERIFICATION,768509,MACHINERY AND EQUIPMENT,45658,Pending verification,Pending verification
58779,UGIFT-058807,"Instrument Set, Delivery",PENDING VERIFICATION,768509,MACHINERY AND EQUIPMENT,45658,Pending verification,Pending verification
58780,UGIFT-058808,MVA Kit,PENDING VERIFICATION,100000,MACHINERY AND EQUIPMENT,45658,Pending verification,Pending verification
58781,UGIFT-058809,MVA Kit,PENDING VERIFICATION,100000,MACHINERY AND EQUIPMENT,45658,Pending verification,Pending verification
58782,UGIFT-058810,MVA Kit,PENDING VERIFICATION,100000,MACHINERY AND EQUIPMENT,45658,Pending verification,Pending verification
58783,UGIFT-058811,MVA Kit,PENDING VERIFICATION,100000,MACHINERY AND EQUIPMENT,45658,Pending verification,Pending verification
58784,UGIFT-058812,MVA Kit,PENDING VERIFICATION,100000,MACHINERY AND EQUIPMENT,45658,Pending verification,Pending verification
58785,UGIFT-058813,"Stool, Laboratory",PENDING VERIFICATION,280000,MACHINERY AND EQUIPMENT,45658,Pending verification,Pending verification
58786,UGIFT-058814,"Stool, Laboratory",PENDING VERIFICATION,280000,MACHINERY AND EQUIPMENT,45658,Pending verification,Pending verification
58787,UGIFT-058815,"Stool, Laboratory",PENDING VERIFICATION,280000,MACHINERY AND EQUIPMENT,45658,Pending verification,Pending verification
58791,UGIFT-058819,"Fetoscope, Dopplar",PENDING VERIFICATION,346320,MACHINERY AND EQUIPMENT,45658,Pending verification,Pending verification
58792,UGIFT-058820,"Fetoscope, Dopplar",PENDING VERIFICATION,346320,MACHINERY AND EQUIPMENT,45658,Pending verification,Pending verification
58793,UGIFT-058821,Centrifuge (Electric),PENDING VERIFICATION,2273928,MACHINERY AND EQUIPMENT,45658,Pending verification,Pending verification
58794,UGIFT-058822,Kangaroo Mother Care Chair,PENDING VERIFICATION,450000,MACHINERY AND EQUIPMENT,45658,Pending verification,Pending verification
58796,UGIFT-058824,Delivery Bed,PENDING VERIFICATION,5500000,MACHINERY AND EQUIPMENT,45658,Pending verification,Pending verification
58797,UGIFT-058825,Examination light,PENDING VERIFICATION,600000,MACHINERY AND EQUIPMENT,45658,Pending verification,Pending verification
58798,UGIFT-058826,Examination light,PENDING VERIFICATION,600000,MACHINERY AND EQUIPMENT,45658,Pending verification,Pending verification
58800,UGIFT-058828,Office Chair,PENDING VERIFICATION,150000,MACHINERY AND EQUIPMENT,45658,Pending verification,Pending verification
58801,UGIFT-058829,Office Chair,PENDING VERIFICATION,150000,MACHINERY AND EQUIPMENT,45658,Pending verification,Pending verification
58802,UGIFT-058830,Office Chair,PENDING VERIFICATION,150000,MACHINERY AND EQUIPMENT,45658,Pending verification,Pending verification
58803,UGIFT-058831,Desk,PENDING VERIFICATION,745000,MACHINERY AND EQUIPMENT,45658,Pending verification,Pending verification
58804,UGIFT-058832,Desk,PENDING VERIFICATION,745000,MACHINERY AND EQUIPMENT,45658,Pending verification,Pending verification
58805,UGIFT-058833,Desk,PENDING VERIFICATION,745000,MACHINERY AND EQUIPMENT,45658,Pending verification,Pending verification
58806,UGIFT-058834,Desk,PENDING VERIFICATION,745000,MACHINERY AND EQUIPMENT,45658,Pending verification,Pending verification
58807,UGIFT-058835,Desk,PENDING VERIFICATION,745000,MACHINERY AND EQUIPMENT,45658,Pending verification,Pending verification
58808,UGIFT-058836,Filing Cabinet,PENDING VERIFICATION,1680000,MACHINERY AND EQUIPMENT,45658,Pending verification,Pending verification
58809,UGIFT-058837,Filing Cabinet,PENDING VERIFICATION,1680000,MACHINERY AND EQUIPMENT,45658,Pending verification,Pending verification
58810,UGIFT-058838,Non Residential Buildings,PENDING VERIFICATION,251438720,BUILDINGS AND STRUCTURES,45658,Pending verification,Pending verification
58811,UGIFT-058839,Non Residential Buildings,PENDING VERIFICATION,251438720,BUILDINGS AND STRUCTURES,45658,Pending verification,Pending verification
58812,UGIFT-058840,Non Residential Buildings,PENDING VERIFICATION,251438720,BUILDINGS AND STRUCTURES,45658,Pending verification,Pending verification
58813,UGIFT-058841,Residential Buildings,PENDING VERIFICATION,20236057,BUILDINGS AND STRUCTURES,45658,Pending verification,Pending verification
58814,UGIFT-058842,Residential Buildings,PENDING VERIFICATION,20236057,BUILDINGS AND STRUCTURES,45658,Pending verification,Pending verification
58815,UGIFT-058843,Residential Buildings,PENDING VERIFICATION,20236057,BUILDINGS AND STRUCTURES,45658,Pending verification,Pending verification
58840,UGIFT-058868,Patient,PENDING VALUATION,Pending valuation,PENDING CLASSIFICATION,44896,Pending calculation,Pending calculation
58855,UGIFT-058883,Infant,PENDING VALUATION,Pending valuation,PENDING CLASSIFICATION,44896,Pending calculation,Pending calculation
58856,UGIFT-058884,Infant,PENDING VALUATION,Pending valuation,PENDING CLASSIFICATION,44896,Pending calculation,Pending calculation
58857,UGIFT-058885,Infant,PENDING VALUATION,Pending valuation,PENDING CLASSIFICATION,44896,Pending calculation,Pending calculation
58858,UGIFT-058886,Infant,PENDING VALUATION,Pending valuation,PENDING CLASSIFICATION,44896,Pending calculation,Pending calculation
58859,UGIFT-058887,Weighing,PENDING VALUATION,Pending valuation,PENDING CLASSIFICATION,45292,Pending calculation,Pending calculation
58860,UGIFT-058888,Wheel,PENDING VALUATION,Pending valuation,PENDING CLASSIFICATION,44896,Pending calculation,Pending calculation
58862,UGIFT-058890,Medical,PENDING VALUATION,Pending valuation,PENDING CLASSIFICATION,44896,Pending calculation,Pending calculation
58863,UGIFT-058891,Medical,PENDING VALUATION,Pending valuation,PENDING CLASSIFICATION,44896,Pending calculation,Pending calculation
58864,UGIFT-058892,Medical,PENDING VALUATION,Pending valuation,PENDING CLASSIFICATION,44896,Pending calculation,Pending calculation
58865,UGIFT-058893,Medical,PENDING VALUATION,Pending valuation,PENDING CLASSIFICATION,44896,Pending calculation,Pending calculation
58866,UGIFT-058894,Medical,PENDING VALUATION,Pending valuation,PENDING CLASSIFICATION,44896,Pending calculation,Pending calculation
58867,UGIFT-058895,Medical,PENDING VALUATION,Pending valuation,PENDING CLASSIFICATION,44896,Pending calculation,Pending calculation
58868,UGIFT-058896,Medical,PENDING VALUATION,Pending valuation,PENDING CLASSIFICATION,44896,Pending calculation,Pending calculation
58870,UGIFT-058898,Wall,PENDING VALUATION,Pending valuation,PENDING CLASSIFICATION,45292,Pending calculation,Pending calculation
58877,UGIFT-058905,"Instrume nt Set,",PENDING VALUATION,Pending valuation,PENDING CLASSIFICATION,44896,Pending calculation,Pending calculation
59449,UGIFT-059477,Football pitch,PENDING VALUATION,Pending valuation,MACHINERY AND EQUIPMENT,45658,Pending calculation,Pending calculation
59473,UGIFT-059501,"Instrument Set, Dressing",PENDING VERIFICATION,120000,MACHINERY AND EQUIPMENT,43831,Pending verification,Pending verification
59574,UGIFT-059602,White colour,PENDING VALUATION,Pending valuation,PENDING CLASSIFICATION,45406,Pending calculation,Pending calculation
59575,UGIFT-059603,White colour,PENDING VALUATION,Pending valuation,PENDING CLASSIFICATION,45406,Pending calculation,Pending calculation
59595,UGIFT-059623,White colour,PENDING VALUATION,Pending valuation,PENDING CLASSIFICATION,45406,Pending calculation,Pending calculation
59596,UGIFT-059624,White colour,PENDING VALUATION,Pending valuation,PENDING CLASSIFICATION,45406,Pending calculation,Pending calculation
59599,UGIFT-059627,White colour,PENDING VALUATION,Pending valuation,PENDING CLASSIFICATION,45406,Pending calculation,Pending calculation
59600,UGIFT-059628,White colour,PENDING VALUATION,Pending valuation,PENDING CLASSIFICATION,45406,Pending calculation,Pending calculation
59751,UGIFT-059779,Audio Visual Equipment,PENDING VALUATION,Pending valuation,MACHINERY AND EQUIPMENT,44562,Pending calculation,Pending calculation
60177,UGIFT-060205,Audio Visual Equipment,PENDING VALUATION,Pending valuation,MACHINERY AND EQUIPMENT,45748,Pending calculation,Pending calculation
60178,UGIFT-060206,Audio Visual Equipment,PENDING VALUATION,Pending valuation,MACHINERY AND EQUIPMENT,45748,Pending calculation,Pending calculation
60345,UGIFT-060373,Low resolution power lens,PENDING VALUATION,Pending valuation,PENDING CLASSIFICATION,44621,Pending calculation,Pending calculation
60371,UGIFT-060399,Audio Visual Equipment,PENDING VALUATION,Pending valuation,MACHINERY AND EQUIPMENT,44621,Pending calculation,Pending calculation
60568,UGIFT-060596,Audio Visual Equipment,PENDING VALUATION,Pending valuation,MACHINERY AND EQUIPMENT,44562,Pending calculation,Pending calculation
60718,UGIFT-060746,ESR,PENDING VALUATION,Pending valuation,PENDING CLASSIFICATION,45689,Pending calculation,Pending calculation
60768,UGIFT-060796,Diagnostic Equipment Set for OPD,PENDING VERIFICATION,1100000,MACHINERY AND EQUIPMENT,45748,Pending verification,Pending verification
60773,SL304,"Instrument Set, Dressing",PENDING VERIFICATION,474150,MACHINERY AND EQUIPMENT,45748,Pending verification,Pending verification
60775,UGIFT-060803,"Instrument Set, Basic ENT",PENDING VERIFICATION,2016000,MACHINERY AND EQUIPMENT,45748,Pending verification,Pending verification
60776,UGIFT-060804,"Instrument Set, Basic ENT",PENDING VERIFICATION,2016000,MACHINERY AND EQUIPMENT,45748,Pending verification,Pending verification
60803,UGIFT-060831,"Resuscitator Manual, Adult, with all mask sizes",PENDING VERIFICATION,0,MACHINERY AND EQUIPMENT,45689,Pending verification,Pending verification
60806,UGIFT-060834,"Nebulizer, Ultrasonic",PENDING VERIFICATION,650000,MACHINERY AND EQUIPMENT,44621,Pending verification,Pending verification
60807,UGIFT-060835,"Oxygen Concentrator, Duo Flow",PENDING VERIFICATION,2750000,MACHINERY AND EQUIPMENT,45748,Pending verification,Pending verification
60808,UGIFT-060836,"Oxygen Concentrator, Duo Flow",PENDING VERIFICATION,2750000,MACHINERY AND EQUIPMENT,45748,Pending verification,Pending verification
60809,UGIFT-060837,"Oxygen Concentrator, Duo Flow",PENDING VERIFICATION,2750000,MACHINERY AND EQUIPMENT,45748,Pending verification,Pending verification
60810,UGIFT-060838,"Oxygen Concentrator, Duo Flow",PENDING VERIFICATION,2750000,MACHINERY AND EQUIPMENT,45748,Pending verification,Pending verification
60827,UGIFT-060855,Diagnostic Equipment Set for Ward,PENDING VERIFICATION,735000,BUILDINGS AND STRUCTURES,45761,Pending verification,Pending verification
60828,UGIFT-060856,Diagnostic Equipment Set for Ward,PENDING VERIFICATION,735000,BUILDINGS AND STRUCTURES,45761,Pending verification,Pending verification
60829,UGIFT-060857,"Hollow Ware Set, Ward",PENDING VERIFICATION,1400000,MACHINERY AND EQUIPMENT,45748,Pending verification,Pending verification
60830,UGIFT-060858,"Hollow Ware Set, Ward",PENDING VERIFICATION,1400000,MACHINERY AND EQUIPMENT,45748,Pending verification,Pending verification
60836,UGIFT-060864,MVA Kit,PENDING VERIFICATION,153523,MACHINERY AND EQUIPMENT,44621,Pending verification,Pending verification
60837,UGIFT-060865,MVA Kit,PENDING VERIFICATION,153523,MACHINERY AND EQUIPMENT,44621,Pending verification,Pending verification
60856,UGIFT-060884,"Instrument set, ENT Basic for HCIII",PENDING VERIFICATION,1681680,MACHINERY AND EQUIPMENT,45748,Pending verification,Pending verification
61450,UGIFT-061478,Audio Visual Equipment,NOT RECOGNIZED,Pending valuation,MACHINERY AND EQUIPMENT,Not applicable - not received,0,0
61571,UGIFT-061599,Diagnostic Equipment Set for MCH,PENDING VERIFICATION,525000,MACHINERY AND EQUIPMENT,45448,Pending verification,Pending verification
61610,UGIFT-061638,"Resuscitator Manual, Adult, with all mask sizes",PENDING VERIFICATION,0,MACHINERY AND EQUIPMENT,45448,Pending verification,Pending verification
62663,UGIFT-062691,Net working,PENDING VALUATION,Pending valuation,PENDING CLASSIFICATION,45444,Pending calculation,Pending calculation
63761,UGIFT-063789,laboratory,CAPITALIZED,290408145,PENDING CLASSIFICATION,44287,290408145.0,0.0
64214,UGIFT-064242,Projector,PENDING VERIFICATION,2982270,MACHINERY AND EQUIPMENT,45809,Pending verification,Pending verification
64244,UGIFT-064272,CCTV cameras,PENDING VERIFICATION,2500000,MACHINERY AND EQUIPMENT,45017,Pending verification,Pending verification
64245,UGIFT-064273,CCTV cameras,PENDING VERIFICATION,2500000,MACHINERY AND EQUIPMENT,45017,Pending verification,Pending verification
64255,UGIFT-064283,Mainhall,PENDING VALUATION,Pending valuation,PENDING CLASSIFICATION,45047,Pending calculation,Pending calculation
64985,UGIFT-065013,Projector,PENDING VERIFICATION,2982270,MACHINERY AND EQUIPMENT,45809,Pending verification,Pending verification
64986,UGIFT-065014,Projector,PENDING VERIFICATION,2982270,MACHINERY AND EQUIPMENT,45809,Pending verification,Pending verification
64988,UGIFT-065016,Cameras,PENDING VERIFICATION,5800000,MACHINERY AND EQUIPMENT,44621,Pending verification,Pending verification
64989,UGIFT-065017,Cameras,PENDING VERIFICATION,5800000,MACHINERY AND EQUIPMENT,44621,Pending verification,Pending verification
64990,UGIFT-065018,Cameras,PENDING VERIFICATION,5800000,MACHINERY AND EQUIPMENT,44621,Pending verification,Pending verification
64991,UGIFT-065019,Cameras,PENDING VERIFICATION,5800000,MACHINERY AND EQUIPMENT,44621,Pending verification,Pending verification
64992,UGIFT-065020,Cameras,PENDING VERIFICATION,5800000,MACHINERY AND EQUIPMENT,44621,Pending verification,Pending verification
64993,UGIFT-065021,Cameras,PENDING VERIFICATION,5800000,MACHINERY AND EQUIPMENT,44621,Pending verification,Pending verification
64994,UGIFT-065022,Cameras,PENDING VERIFICATION,5800000,MACHINERY AND EQUIPMENT,44621,Pending verification,Pending verification
64995,UGIFT-065023,Cameras,PENDING VERIFICATION,5800000,MACHINERY AND EQUIPMENT,44621,Pending verification,Pending verification
65000,UGIFT-065028,Science laboratory,CAPITALIZED,185078565,PENDING CLASSIFICATION,43497,185078565.0,0.0
65554,UGIFT-065582,Science laboratory,CAPITALIZED,185078565,PENDING CLASSIFICATION,43497,185078565.0,0.0
65806,UGIFT-065834,1111111111111111FGFG1115/06/2024,PENDING VALUATION,Pending valuation,PENDING CLASSIFICATION,45444,Pending calculation,Pending calculation
65812,UGIFT-065840,5/06/2024,NOT CAPITALIZED,0,PENDING CLASSIFICATION,45448,0,0
65814,UGIFT-065842,5/06/2024,NOT CAPITALIZED,0,PENDING CLASSIFICATION,45448,0,0
65825,UGIFT-065853,5/06/2024,NOT CAPITALIZED,0,PENDING CLASSIFICATION,45444,0,0
65826,UGIFT-065854,5/06/2024,NOT CAPITALIZED,0,PENDING CLASSIFICATION,45444,0,0
65827,UGIFT-065855,5/06/2024,NOT CAPITALIZED,0,PENDING CLASSIFICATION,45444,0,0
65828,UGIFT-065856,5/06/2024,NOT CAPITALIZED,0,PENDING CLASSIFICATION,45444,0,0
65829,UGIFT-065857,5/06/2024,NOT CAPITALIZED,0,PENDING CLASSIFICATION,45444,0,0
67010,UGIFT-067038,Projector,PENDING VERIFICATION,2982270,MACHINERY AND EQUIPMENT,45809,Pending verification,Pending verification
67038,UGIFT-067066,CCTV cameras,PENDING VERIFICATION,2500000,MACHINERY AND EQUIPMENT,45017,Pending verification,Pending verification
67039,UGIFT-067067,CCTV cameras,PENDING VERIFICATION,2500000,MACHINERY AND EQUIPMENT,45017,Pending verification,Pending verification
67042,UGIFT-067070,Boys and girls,PENDING VALUATION,Pending valuation,PENDING CLASSIFICATION,45748,Pending calculation,Pending calculation
67932,UGIFT-067960,Net working,PENDING VALUATION,Pending valuation,PENDING CLASSIFICATION,45689,Pending calculation,Pending calculation
68883,UGIFT-068911,Network swich port.,PENDING VALUATION,Pending valuation,PENDING CLASSIFICATION,45689,Pending calculation,Pending calculation
70311,UGIFT-070339,Sophoos Xgs 108 Security Appliances,PENDING VALUATION,Pending valuation,PENDING CLASSIFICATION,45756,Pending calculation,Pending calculation
70316,UGIFT-070344,Floor Trunking.,PENDING VALUATION,Pending valuation,PENDING CLASSIFICATION,45756,Pending calculation,Pending calculation
70328,UGIFT-070356,"4, and 6 for children.",PENDING VALUATION,Pending valuation,PENDING CLASSIFICATION,45748,Pending calculation,Pending calculation
71006,UGIFT-071034,Audio Visual Equipment,PENDING VALUATION,Pending valuation,MACHINERY AND EQUIPMENT,44593,Pending calculation,Pending calculation
71345,UGIFT-071373,Name Of LG: Alebtong District Local Government.,PENDING VALUATION,Pending valuation,PENDING CLASSIFICATION,44866,Pending calculation,Pending calculation
71416,UGIFT-071444,Audio Visual Equipment,PENDING VALUATION,Pending valuation,MACHINERY AND EQUIPMENT,45566,Pending calculation,Pending calculation
71577,UGIFT-071605,Name Of LG Otuke District Local Government.,PENDING VALUATION,Pending valuation,PENDING CLASSIFICATION,45566,Pending calculation,Pending calculation
71853,UGIFT-071881,Audio Visual Equipment,PENDING VALUATION,Pending valuation,MACHINERY AND EQUIPMENT,45566,Pending calculation,Pending calculation
72133,UGIFT-072161,Name Of LG: Dokolo District Local Governmrnt,PENDING VALUATION,Pending valuation,PENDING CLASSIFICATION,45931,Pending calculation,Pending calculation
72304,UGIFT-072332,Manual,NOT CAPITALIZED,0,PENDING CLASSIFICATION,45914,0,0
72305,UGIFT-072333,Manual,NOT CAPITALIZED,0,PENDING CLASSIFICATION,45914,0,0
72306,UGIFT-072334,Manual,NOT CAPITALIZED,0,PENDING CLASSIFICATION,45914,0,0
72339,UGIFT-072367,Plastic,PENDING VALUATION,Pending valuation,MACHINERY AND EQUIPMENT,45914,Pending calculation,Pending calculation
72353,UGIFT-072381,Metallic,PENDING VALUATION,Pending valuation,MACHINERY AND EQUIPMENT,45914,Pending calculation,Pending calculation
72354,UGIFT-072382,Metallic,PENDING VALUATION,Pending valuation,MACHINERY AND EQUIPMENT,44539,Pending calculation,Pending calculation
72366,UGIFT-072394,Metallic,PENDING VALUATION,Pending valuation,MACHINERY AND EQUIPMENT,45914,Pending calculation,Pending calculation
72396,DOKOLO,Name Of Health Facility:,PENDING VALUATION,Pending valuation,PENDING CLASSIFICATION,45901,Pending calculation,Pending calculation
72566,DOKOLO,Name Of LG:,PENDING VALUATION,Pending valuation,PENDING CLASSIFICATION,45809,Pending calculation,Pending calculation
72800,UGIFT-072828,Name Of LG,PENDING VALUATION,Pending valuation,PENDING CLASSIFICATION,45748,Pending calculation,Pending calculation
72939,ALEBTONG,Name Of LG:,PENDING VALUATION,Pending valuation,PENDING CLASSIFICATION,45231,Pending calculation,Pending calculation
73177,OTUKE,Name Of LG:,PENDING VALUATION,Pending valuation,PENDING CLASSIFICATION,45748,Pending calculation,Pending calculation
73311,UGIFT-073339,Name Of LG:,PENDING VALUATION,Pending valuation,PENDING CLASSIFICATION,45962,Pending calculation,Pending calculation
73534,UGIFT-073562,Audio Visual Equipment,PENDING VALUATION,Pending valuation,MACHINERY AND EQUIPMENT,45914,Pending calculation,Pending calculation
74405,UGIFT-074433,Floor Trunking.,PENDING VALUATION,Pending valuation,PENDING CLASSIFICATION,45756,Pending calculation,Pending calculation
74471,UGIFT-074499,Audio Visual Equipment,NOT RECOGNIZED,Pending valuation,MACHINERY AND EQUIPMENT,Not applicable - not received,0,0
74517,UGIFT-074545,"Apparatus, Mininum 45L cylinder",PENDING VALUATION,Pending valuation,PENDING CLASSIFICATION,45658,Pending calculation,Pending calculation
74518,UGIFT-074546,"Apparatus, Mininum 45L cylinder",PENDING VALUATION,Pending valuation,PENDING CLASSIFICATION,45658,Pending calculation,Pending calculation
74653,UGIFT-074681,Audio Visual Equipment,NOT RECOGNIZED,Pending valuation,MACHINERY AND EQUIPMENT,Not applicable - not received,0,0
74699,UGIFT-074727,"Apparatus, Mininum 45L cylinder",PENDING VALUATION,Pending valuation,PENDING CLASSIFICATION,45017,Pending calculation,Pending calculation
74700,UGIFT-074728,"Apparatus, Mininum 45L cylinder",PENDING VALUATION,Pending valuation,PENDING CLASSIFICATION,45017,Pending calculation,Pending calculation
74804,UGIFT-074832,Glucometer,PENDING VERIFICATION,448000,MACHINERY AND EQUIPMENT,45036,Pending verification,Pending verification
74839,UGIFT-074867,Audio Visual Equipment,NOT RECOGNIZED,Pending valuation,MACHINERY AND EQUIPMENT,Not applicable - not received,0,0
75100,UGIFT-075128,Audio Visual Equipment,NOT RECOGNIZED,Pending valuation,MACHINERY AND EQUIPMENT,Not applicable - not received,0,0
75249,UGIFT-075277,1 3000L,PENDING VALUATION,Pending valuation,PENDING CLASSIFICATION,45658,Pending calculation,Pending calculation
75250,UGIFT-075278,1 3000L,PENDING VALUATION,Pending valuation,PENDING CLASSIFICATION,45658,Pending calculation,Pending calculation
75251,UGIFT-075279,1 3000L,PENDING VALUATION,Pending valuation,PENDING CLASSIFICATION,45658,Pending calculation,Pending calculation
75252,UGIFT-075280,1 3000L,PENDING VALUATION,Pending valuation,PENDING CLASSIFICATION,45658,Pending calculation,Pending calculation
75253,UGIFT-075281,1 3000L,PENDING VALUATION,Pending valuation,PENDING CLASSIFICATION,45658,Pending calculation,Pending calculation
75320,UGIFT-075348,Audio Visual Equipment,NOT RECOGNIZED,Pending valuation,MACHINERY AND EQUIPMENT,Not applicable - not received,0,0
75439,UGIFT-075467,Lab extension,PENDING VALUATION,Pending valuation,PENDING CLASSIFICATION,45323,Pending calculation,Pending calculation
75571,UGIFT-075599,Audio Visual Equipment,PENDING VALUATION,Pending valuation,MACHINERY AND EQUIPMENT,45658,Pending calculation,Pending calculation
75572,UGIFT-075600,Audio Visual Equipment,PENDING VALUATION,Pending valuation,MACHINERY AND EQUIPMENT,45658,Pending calculation,Pending calculation
75757,UGIFT-075785,Bubble CPAP,PENDING VERIFICATION,5058800,MACHINERY AND EQUIPMENT,45901,Pending verification,Pending verification
75856,UGIFT-075884,Audio Visual Equipment,NOT RECOGNIZED,Pending valuation,MACHINERY AND EQUIPMENT,Not applicable - not received,0,0
75907,UGIFT-075935,45L cylinder,PENDING VALUATION,Pending valuation,PENDING CLASSIFICATION,44317,Pending calculation,Pending calculation
75908,UGIFT-075936,45L cylinder,PENDING VALUATION,Pending valuation,PENDING CLASSIFICATION,44317,Pending calculation,Pending calculation
75968,UGIFT-075996,B.P. Machine (Aneroid wall mounted),PENDING VERIFICATION,300000,MACHINERY AND EQUIPMENT,45658,Pending verification,Pending verification
75969,UGIFT-075997,B.P. Machine (Aneroid wall mounted),PENDING VERIFICATION,300000,MACHINERY AND EQUIPMENT,45658,Pending verification,Pending verification
76030,UGIFT-076058,Audio Visual Equipment,NOT RECOGNIZED,Pending valuation,MACHINERY AND EQUIPMENT,Not applicable - not received,0,0
76167,UGIFT-076195,10000L,PENDING VALUATION,Pending valuation,PENDING CLASSIFICATION,45658,Pending calculation,Pending calculation
76168,UGIFT-076196,10000L,PENDING VALUATION,Pending valuation,PENDING CLASSIFICATION,45658,Pending calculation,Pending calculation
76169,UGIFT-076197,10000L,PENDING VALUATION,Pending valuation,PENDING CLASSIFICATION,45658,Pending calculation,Pending calculation
76170,UGIFT-076198,10000L,PENDING VALUATION,Pending valuation,PENDING CLASSIFICATION,45658,Pending calculation,Pending calculation
76171,UGIFT-076199,10000L,PENDING VALUATION,Pending valuation,PENDING CLASSIFICATION,45658,Pending calculation,Pending calculation
76172,UGIFT-076200,10000L,PENDING VALUATION,Pending valuation,PENDING CLASSIFICATION,45658,Pending calculation,Pending calculation
76173,UGIFT-076201,10000L,PENDING VALUATION,Pending valuation,PENDING CLASSIFICATION,45658,Pending calculation,Pending calculation
76174,UGIFT-076202,10000L,PENDING VALUATION,Pending valuation,PENDING CLASSIFICATION,45658,Pending calculation,Pending calculation
76249,UGIFT-076277,Audio Visual Equipment,PENDING VALUATION,Pending valuation,MACHINERY AND EQUIPMENT,45350,Pending calculation,Pending calculation
76494,UGIFT-076522,Audio Visual Equipment,PENDING VALUATION,Pending valuation,MACHINERY AND EQUIPMENT,44317,Pending calculation,Pending calculation
76649,UGIFT-076677,10000L,PENDING VALUATION,Pending valuation,PENDING CLASSIFICATION,44317,Pending calculation,Pending calculation
76650,UGIFT-076678,10000L,PENDING VALUATION,Pending valuation,PENDING CLASSIFICATION,44317,Pending calculation,Pending calculation
76714,UGIFT-076742,Audio Visual Equipment,NOT RECOGNIZED,Pending valuation,MACHINERY AND EQUIPMENT,Not applicable - not received,0,0
76916,UGIFT-076944,Audio Visual Equipment,PENDING VALUATION,Pending valuation,MACHINERY AND EQUIPMENT,45818,Pending calculation,Pending calculation
77001,UGIFT-077029,"ator, Duo Flow",PENDING VALUATION,Pending valuation,PENDING CLASSIFICATION,45809,Pending calculation,Pending calculation
77002,UGIFT-077030,"ator, Duo Flow",PENDING VALUATION,Pending valuation,PENDING CLASSIFICATION,45809,Pending calculation,Pending calculation
77003,UGIFT-077031,"ator, Duo Flow",PENDING VALUATION,Pending valuation,PENDING CLASSIFICATION,45809,Pending calculation,Pending calculation
77004,UGIFT-077032,"ator, Duo Flow",PENDING VALUATION,Pending valuation,PENDING CLASSIFICATION,45809,Pending calculation,Pending calculation
77562,UGIFT-077590,Network link,PENDING VALUATION,Pending valuation,PENDING CLASSIFICATION,44317,Pending calculation,Pending calculation
78686,UGIFT-078714,Monitors,PENDING VERIFICATION,8000000,MACHINERY AND EQUIPMENT,44640,Pending verification,Pending verification
78687,UGIFT-078715,Monitors,PENDING VERIFICATION,8000000,MACHINERY AND EQUIPMENT,44640,Pending verification,Pending verification
78688,UGIFT-078716,Monitors,PENDING VERIFICATION,8000000,MACHINERY AND EQUIPMENT,44640,Pending verification,Pending verification
78689,UGIFT-078717,Monitors,PENDING VERIFICATION,8000000,MACHINERY AND EQUIPMENT,44640,Pending verification,Pending verification
79658,UGIFT-079686,Monitors,PENDING VERIFICATION,8000000,MACHINERY AND EQUIPMENT,45261,Pending verification,Pending verification
79659,UGIFT-079687,Monitors,PENDING VERIFICATION,8000000,MACHINERY AND EQUIPMENT,45261,Pending verification,Pending verification
79673,UGIFT-079701,Network Switch 24 Port,PENDING VERIFICATION,2850000,MACHINERY AND EQUIPMENT,44927,Pending verification,Pending verification
79690,UGIFT-079718,set,PENDING VALUATION,Pending valuation,MACHINERY AND EQUIPMENT,45261,Pending calculation,Pending calculation
79734,UGIFT-079762,staff VIP,PENDING VALUATION,Pending valuation,PENDING CLASSIFICATION,44197,Pending calculation,Pending calculation
79968,UGIFT-079996,A.C,PENDING VALUATION,Pending valuation,PENDING CLASSIFICATION,46200,Pending calculation,Pending calculation
80427,UGIFT-080455,2 in each class,PENDING VALUATION,Pending valuation,PENDING CLASSIFICATION,44317,Pending calculation,Pending calculation
80453,UGIFT-080481,Pas,PENDING VALUATION,Pending valuation,PENDING CLASSIFICATION,45778,Pending calculation,Pending calculation
80454,UGIFT-080482,Aic,PENDING VALUATION,Pending valuation,PENDING CLASSIFICATION,45778,Pending calculation,Pending calculation
80964,UGIFT-080992,Laboratories,CAPITALIZED,237743355,PENDING CLASSIFICATION,44318,237743355.0,0.0
80978,UGIFT-081006,Laboratories,CAPITALIZED,237743355,PENDING CLASSIFICATION,44318,237743355.0,0.0
80996,UGIFT-081024,Laboratories,CAPITALIZED,237743355,PENDING CLASSIFICATION,44318,237743355.0,0.0
81064,UGIFT-081092,Audio Visual Equipment,NOT RECOGNIZED,Pending valuation,MACHINERY AND EQUIPMENT,Not applicable - not received,0,0
81458,UGIFT-081486,Audio Visual Equipment,PENDING VALUATION,Pending valuation,MACHINERY AND EQUIPMENT,45350,Pending calculation,Pending calculation
81593,UGIFT-081621,Incubator0,NOT RECOGNIZED,Pending valuation,PENDING CLASSIFICATION,Not applicable - not received,0,0
81677,UGIFT-081705,Lab extension,PENDING VALUATION,Pending valuation,PENDING CLASSIFICATION,45323,Pending calculation,Pending calculation
83220,UGIFT-083248,Chemicals,PENDING VALUATION,Pending valuation,PENDING CLASSIFICATION,44640,Pending calculation,Pending calculation
83304,UGIFT-083332,Hand tube stripper,PENDING VALUATION,Pending valuation,PENDING CLASSIFICATION,44621,Pending calculation,Pending calculation
83305,UGIFT-083333,Hand tube stripper,PENDING VALUATION,Pending valuation,PENDING CLASSIFICATION,44621,Pending calculation,Pending calculation
83336,UGIFT-083364,Cool box,PENDING VALUATION,Pending valuation,PENDING CLASSIFICATION,44621,Pending calculation,Pending calculation
83337,UGIFT-083365,Cool box,PENDING VALUATION,Pending valuation,PENDING CLASSIFICATION,44621,Pending calculation,Pending calculation
83338,UGIFT-083366,Cool box,PENDING VALUATION,Pending valuation,PENDING CLASSIFICATION,44621,Pending calculation,Pending calculation
83339,UGIFT-083367,Cool box,PENDING VALUATION,Pending valuation,PENDING CLASSIFICATION,44621,Pending calculation,Pending calculation
83410,UGIFT-083438,Heavy Duty washing machine,PENDING VALUATION,Pending valuation,PENDING CLASSIFICATION,44621,Pending calculation,Pending calculation
83411,UGIFT-083439,Water deionizer (reverse osmosis machine),PENDING VALUATION,Pending valuation,PENDING CLASSIFICATION,44621,Pending calculation,Pending calculation
83746,UGIFT-083774,Name Of LG: Bukedea District Local Government.,PENDING VALUATION,Pending valuation,PENDING CLASSIFICATION,45901,Pending calculation,Pending calculation
83766,NAME OF HEALTH FACILITY: NALUGAI HEALTH CENTRE III,Name Of LG: Bukedea District Local Government,PENDING VALUATION,Pending valuation,PENDING CLASSIFICATION,44287,Pending calculation,Pending calculation
83947,NAME OF HEALTH FACILITY: NALUGAI HEALTH CENTRE III,Name Of LG: Bukedea District Local Government,PENDING VALUATION,Pending valuation,PENDING CLASSIFICATION,45047,Pending calculation,Pending calculation
84309,UGIFT-084337,Bubble CPAP,PENDING VERIFICATION,24000000,MACHINERY AND EQUIPMENT,44576,Pending verification,Pending verification
84312,UGIFT-084340,Radiant Infant Warmer,PENDING VERIFICATION,16800000,MACHINERY AND EQUIPMENT,45901,Pending verification,Pending verification
84313,UGIFT-084341,"Haemoglobin Meter, Sahli",PENDING VERIFICATION,825710,MACHINERY AND EQUIPMENT,44576,Pending verification,Pending verification
84314,UGIFT-084342,"Haemoglobin Meter, Sahli",PENDING VERIFICATION,825710,MACHINERY AND EQUIPMENT,44576,Pending verification,Pending verification
84315,UGIFT-084343,"Haemoglobin Meter, Sahli",PENDING VERIFICATION,825710,MACHINERY AND EQUIPMENT,44576,Pending verification,Pending verification
84468,UGIFT-084496,Kangaroo Mother Care Chaire,PENDING VALUATION,Pending valuation,PENDING CLASSIFICATION,45916,Pending calculation,Pending calculation
85043,UGIFT-085071,Chats Digestive Sysytem,PENDING VALUATION,Pending valuation,PENDING CLASSIFICATION,44316,Pending calculation,Pending calculation
85044,UGIFT-085072,Charts Human Ear,PENDING VALUATION,Pending valuation,PENDING CLASSIFICATION,44316,Pending calculation,Pending calculation
85045,UGIFT-085073,Charts Human Nervous System,PENDING VALUATION,Pending valuation,PENDING CLASSIFICATION,44316,Pending calculation,Pending calculation
85046,UGIFT-085074,Charts Human Teeth,PENDING VALUATION,Pending valuation,PENDING CLASSIFICATION,44316,Pending calculation,Pending calculation
85047,UGIFT-085075,Charts Reproductive Female,PENDING VALUATION,Pending valuation,PENDING CLASSIFICATION,44316,Pending calculation,Pending calculation
85048,UGIFT-085076,Charts Reproductive Male,PENDING VALUATION,Pending valuation,PENDING CLASSIFICATION,44316,Pending calculation,Pending calculation
85049,UGIFT-085077,Chats Skeleton,PENDING VALUATION,Pending valuation,PENDING CLASSIFICATION,44316,Pending calculation,Pending calculation
85050,UGIFT-085078,Model Human Brain (01),PENDING VALUATION,Pending valuation,PENDING CLASSIFICATION,44316,Pending calculation,Pending calculation
85051,UGIFT-085079,Model Human Digestiv System (01),PENDING VALUATION,Pending valuation,PENDING CLASSIFICATION,44316,Pending calculation,Pending calculation
85052,UGIFT-085080,Model Human Ear (01),PENDING VALUATION,Pending valuation,PENDING CLASSIFICATION,44316,Pending calculation,Pending calculation
85053,UGIFT-085081,Model Human Eye (01),PENDING VALUATION,Pending valuation,PENDING CLASSIFICATION,44316,Pending calculation,Pending calculation
85054,UGIFT-085082,Model Human Nervous System (01),PENDING VALUATION,Pending valuation,PENDING CLASSIFICATION,44316,Pending calculation,Pending calculation
85055,UGIFT-085083,Model Human Teeth (01),PENDING VALUATION,Pending valuation,PENDING CLASSIFICATION,44316,Pending calculation,Pending calculation
85056,UGIFT-085084,Model Human Heart (01),PENDING VALUATION,Pending valuation,PENDING CLASSIFICATION,44316,Pending calculation,Pending calculation
85057,UGIFT-085085,Model Nervous Human Size (01),PENDING VALUATION,Pending valuation,PENDING CLASSIFICATION,44316,Pending calculation,Pending calculation
85058,UGIFT-085086,Model Skeleton Full Size with stand (01),PENDING VALUATION,Pending valuation,PENDING CLASSIFICATION,44316,Pending calculation,Pending calculation
85104,UGIFT-085132,Boiling tubs 25*150MM GLASS PK OF 50 (pyrex) (50pcsx2),PENDING VALUATION,Pending valuation,PENDING CLASSIFICATION,44316,Pending calculation,Pending calculation
86021,UGIFT-086049,Monitors,PENDING VERIFICATION,8000000,MACHINERY AND EQUIPMENT,45231,Pending verification,Pending verification
86022,UGIFT-086050,Monitors,PENDING VERIFICATION,8000000,MACHINERY AND EQUIPMENT,45231,Pending verification,Pending verification
86023,UGIFT-086051,Monitors,PENDING VERIFICATION,8000000,MACHINERY AND EQUIPMENT,45231,Pending verification,Pending verification
86024,UGIFT-086052,Monitors,PENDING VERIFICATION,8000000,MACHINERY AND EQUIPMENT,45231,Pending verification,Pending verification
86025,UGIFT-086053,Monitors,PENDING VERIFICATION,8000000,MACHINERY AND EQUIPMENT,45231,Pending verification,Pending verification
86026,UGIFT-086054,Monitors,PENDING VERIFICATION,8000000,MACHINERY AND EQUIPMENT,45231,Pending verification,Pending verification
86027,UGIFT-086055,Monitors,PENDING VERIFICATION,8000000,MACHINERY AND EQUIPMENT,45231,Pending verification,Pending verification
86028,UGIFT-086056,Monitors,PENDING VERIFICATION,8000000,MACHINERY AND EQUIPMENT,45231,Pending verification,Pending verification
86029,UGIFT-086057,Monitors,PENDING VERIFICATION,8000000,MACHINERY AND EQUIPMENT,45231,Pending verification,Pending verification
86030,UGIFT-086058,Monitors,PENDING VERIFICATION,8000000,MACHINERY AND EQUIPMENT,45231,Pending verification,Pending verification
86031,UGIFT-086059,Monitors,PENDING VERIFICATION,8000000,MACHINERY AND EQUIPMENT,45231,Pending verification,Pending verification
86032,UGIFT-086060,Monitors,PENDING VERIFICATION,8000000,MACHINERY AND EQUIPMENT,45231,Pending verification,Pending verification
86033,UGIFT-086061,Monitors,PENDING VERIFICATION,8000000,MACHINERY AND EQUIPMENT,45231,Pending verification,Pending verification
86034,UGIFT-086062,Monitors,PENDING VERIFICATION,8000000,MACHINERY AND EQUIPMENT,45231,Pending verification,Pending verification
86035,UGIFT-086063,Monitors,PENDING VERIFICATION,8000000,MACHINERY AND EQUIPMENT,45231,Pending verification,Pending verification
86036,UGIFT-086064,Monitors,PENDING VERIFICATION,8000000,MACHINERY AND EQUIPMENT,45231,Pending verification,Pending verification
86037,UGIFT-086065,Monitors,PENDING VERIFICATION,8000000,MACHINERY AND EQUIPMENT,45231,Pending verification,Pending verification
86038,UGIFT-086066,Monitors,PENDING VERIFICATION,8000000,MACHINERY AND EQUIPMENT,45231,Pending verification,Pending verification
86039,UGIFT-086067,Monitors,PENDING VERIFICATION,8000000,MACHINERY AND EQUIPMENT,45231,Pending verification,Pending verification
86040,UGIFT-086068,Monitors,PENDING VERIFICATION,8000000,MACHINERY AND EQUIPMENT,45231,Pending verification,Pending verification
86041,UGIFT-086069,Monitors,PENDING VERIFICATION,8000000,MACHINERY AND EQUIPMENT,45231,Pending verification,Pending verification
86042,UGIFT-086070,Monitors,PENDING VERIFICATION,8000000,MACHINERY AND EQUIPMENT,45231,Pending verification,Pending verification
86043,UGIFT-086071,Monitors,PENDING VERIFICATION,8000000,MACHINERY AND EQUIPMENT,45231,Pending verification,Pending verification
86044,UGIFT-086072,Monitors,PENDING VERIFICATION,8000000,MACHINERY AND EQUIPMENT,45231,Pending verification,Pending verification
86045,UGIFT-086073,Monitors,PENDING VERIFICATION,8000000,MACHINERY AND EQUIPMENT,45231,Pending verification,Pending verification
86046,UGIFT-086074,Monitors,PENDING VERIFICATION,8000000,MACHINERY AND EQUIPMENT,45231,Pending verification,Pending verification
86047,UGIFT-086075,Monitors,PENDING VERIFICATION,8000000,MACHINERY AND EQUIPMENT,45231,Pending verification,Pending verification
86048,UGIFT-086076,Monitors,PENDING VERIFICATION,8000000,MACHINERY AND EQUIPMENT,45231,Pending verification,Pending verification
86049,UGIFT-086077,Monitors,PENDING VERIFICATION,8000000,MACHINERY AND EQUIPMENT,45231,Pending verification,Pending verification
87040,UGIFT-087068,Sodium metabisulpahte,PENDING VALUATION,Pending valuation,PENDING CLASSIFICATION,46023,Pending calculation,Pending calculation
87041,UGIFT-087069,Sodium metabisulpahte,PENDING VALUATION,Pending valuation,PENDING CLASSIFICATION,46023,Pending calculation,Pending calculation
87042,UGIFT-087070,Sulphur powder,PENDING VALUATION,Pending valuation,PENDING CLASSIFICATION,46023,Pending calculation,Pending calculation
87043,UGIFT-087071,Sulphur powder,PENDING VALUATION,Pending valuation,PENDING CLASSIFICATION,46023,Pending calculation,Pending calculation
87044,UGIFT-087072,Zinc ulpahtepentahydrate,PENDING VALUATION,Pending valuation,PENDING CLASSIFICATION,46023,Pending calculation,Pending calculation
87115,UGIFT-087143,Motor and pestle,PENDING VALUATION,Pending valuation,PENDING CLASSIFICATION,46023,Pending calculation,Pending calculation
87118,UGIFT-087146,Separatory funnel,PENDING VALUATION,Pending valuation,PENDING CLASSIFICATION,46023,Pending calculation,Pending calculation
87119,UGIFT-087147,Separatory funnel,PENDING VALUATION,Pending valuation,PENDING CLASSIFICATION,46023,Pending calculation,Pending calculation
87120,UGIFT-087148,Separatory funnel,PENDING VALUATION,Pending valuation,PENDING CLASSIFICATION,46023,Pending calculation,Pending calculation
87121,UGIFT-087149,Separatory funnel,PENDING VALUATION,Pending valuation,PENDING CLASSIFICATION,46023,Pending calculation,Pending calculation
87122,UGIFT-087150,Liebig condenser,PENDING VALUATION,Pending valuation,PENDING CLASSIFICATION,46023,Pending calculation,Pending calculation
87123,UGIFT-087151,Liebig condenser,PENDING VALUATION,Pending valuation,PENDING CLASSIFICATION,46023,Pending calculation,Pending calculation
87124,UGIFT-087152,Liebig condenser,PENDING VALUATION,Pending valuation,PENDING CLASSIFICATION,46023,Pending calculation,Pending calculation
87125,UGIFT-087153,Liebig condenser,PENDING VALUATION,Pending valuation,PENDING CLASSIFICATION,46023,Pending calculation,Pending calculation
87126,UGIFT-087154,Fractioning column,PENDING VALUATION,Pending valuation,PENDING CLASSIFICATION,46023,Pending calculation,Pending calculation
87127,UGIFT-087155,Fractioning column,PENDING VALUATION,Pending valuation,PENDING CLASSIFICATION,46023,Pending calculation,Pending calculation
87130,UGIFT-087158,Strip cup,PENDING VALUATION,Pending valuation,PENDING CLASSIFICATION,46023,Pending calculation,Pending calculation
87131,UGIFT-087159,Strip cup,PENDING VALUATION,Pending valuation,PENDING CLASSIFICATION,46023,Pending calculation,Pending calculation
87132,UGIFT-087160,Study charts,PENDING VALUATION,Pending valuation,PENDING CLASSIFICATION,46023,Pending calculation,Pending calculation
87133,UGIFT-087161,Study charts,PENDING VALUATION,Pending valuation,PENDING CLASSIFICATION,46023,Pending calculation,Pending calculation
87134,UGIFT-087162,Study charts,PENDING VALUATION,Pending valuation,PENDING CLASSIFICATION,46023,Pending calculation,Pending calculation
87135,UGIFT-087163,Study charts,PENDING VALUATION,Pending valuation,PENDING CLASSIFICATION,46023,Pending calculation,Pending calculation
87136,UGIFT-087164,Study charts,PENDING VALUATION,Pending valuation,PENDING CLASSIFICATION,46023,Pending calculation,Pending calculation
87137,UGIFT-087165,Study charts,PENDING VALUATION,Pending valuation,PENDING CLASSIFICATION,46023,Pending calculation,Pending calculation
87138,UGIFT-087166,Study charts,PENDING VALUATION,Pending valuation,PENDING CLASSIFICATION,46023,Pending calculation,Pending calculation
87347,UGIFT-087375,Clips,PENDING VALUATION,Pending valuation,PENDING CLASSIFICATION,46023,Pending calculation,Pending calculation
87348,UGIFT-087376,Clips,PENDING VALUATION,Pending valuation,PENDING CLASSIFICATION,46023,Pending calculation,Pending calculation
87349,UGIFT-087377,Clips,PENDING VALUATION,Pending valuation,PENDING CLASSIFICATION,46023,Pending calculation,Pending calculation
87350,UGIFT-087378,Clips,PENDING VALUATION,Pending valuation,PENDING CLASSIFICATION,46023,Pending calculation,Pending calculation
87351,UGIFT-087379,Clips,PENDING VALUATION,Pending valuation,PENDING CLASSIFICATION,46023,Pending calculation,Pending calculation
87352,UGIFT-087380,Clips,PENDING VALUATION,Pending valuation,PENDING CLASSIFICATION,46023,Pending calculation,Pending calculation
87353,UGIFT-087381,Clips,PENDING VALUATION,Pending valuation,PENDING CLASSIFICATION,46023,Pending calculation,Pending calculation
87354,UGIFT-087382,Clips,PENDING VALUATION,Pending valuation,PENDING CLASSIFICATION,46023,Pending calculation,Pending calculation
87355,UGIFT-087383,Clips,PENDING VALUATION,Pending valuation,PENDING CLASSIFICATION,46023,Pending calculation,Pending calculation
87386,,ICT Lab,PENDING VALUATION,Pending valuation,PENDING CLASSIFICATION,44317,Pending calculation,Pending calculation
87403,,Staff pit latrine blocks,PENDING REVIEW,0,BUILDINGS AND STRUCTURES,Commissioning status unresolved,Pending calculation,Pending calculation
87404,,Staff pit latrine blocks,PENDING REVIEW,0,BUILDINGS AND STRUCTURES,Commissioning status unresolved,Pending calculation,Pending calculation
88234,UGIFT-088262,Blocks,PENDING VALUATION,Pending valuation,BUILDINGS AND STRUCTURES,44621,Pending calculation,Pending calculation
88235,UGIFT-088263,Blocks,PENDING VALUATION,Pending valuation,BUILDINGS AND STRUCTURES,44621,Pending calculation,Pending calculation
88236,UGIFT-088264,Blocks,PENDING VALUATION,Pending valuation,BUILDINGS AND STRUCTURES,44621,Pending calculation,Pending calculation
89070,UGIFT-089098,wooden,PENDING VALUATION,Pending valuation,PENDING CLASSIFICATION,45901,Pending calculation,Pending calculation
89650,UGIFT-089678,Girls,PENDING VALUATION,Pending valuation,PENDING CLASSIFICATION,45017,Pending calculation,Pending calculation
89651,UGIFT-089679,Girls,PENDING VALUATION,Pending valuation,PENDING CLASSIFICATION,45017,Pending calculation,Pending calculation
90618,UGIFT-090646,Girls,PENDING VALUATION,Pending valuation,PENDING CLASSIFICATION,45017,Pending calculation,Pending calculation
91566,UGIFT-091594,Human digestive system,PENDING VALUATION,Pending valuation,PENDING CLASSIFICATION,45017,Pending calculation,Pending calculation
91567,UGIFT-091595,Human pre-molar teeth,PENDING VALUATION,Pending valuation,PENDING CLASSIFICATION,45017,Pending calculation,Pending calculation
91568,UGIFT-091596,Human molar teeth,PENDING VALUATION,Pending valuation,PENDING CLASSIFICATION,45017,Pending calculation,Pending calculation
91569,UGIFT-091597,Human incisor teeth,PENDING VALUATION,Pending valuation,PENDING CLASSIFICATION,45017,Pending calculation,Pending calculation
91570,UGIFT-091598,Human ear,PENDING VALUATION,Pending valuation,PENDING CLASSIFICATION,45017,Pending calculation,Pending calculation
91571,UGIFT-091599,Human Nero System,PENDING VALUATION,Pending valuation,PENDING CLASSIFICATION,45017,Pending calculation,Pending calculation
91572,UGIFT-091600,Human brain,PENDING VALUATION,Pending valuation,PENDING CLASSIFICATION,45017,Pending calculation,Pending calculation
91728,UGIFT-091756,Girls,PENDING VALUATION,Pending valuation,PENDING CLASSIFICATION,45017,Pending calculation,Pending calculation
92319,UGIFT-092347,Multipurpose,CAPITALIZED,5000000,PENDING CLASSIFICATION,45748,1500000.0,250000.0
92321,UGIFT-092349,Wireless,CAPITALIZED,550000,PENDING CLASSIFICATION,45748,165000.0,27500.0
92329,UGIFT-092357,Protector,PENDING VALUATION,Pending valuation,PENDING CLASSIFICATION,45748,Pending calculation,Pending calculation
92330,UGIFT-092358,Protector,PENDING VALUATION,Pending valuation,PENDING CLASSIFICATION,45748,Pending calculation,Pending calculation
92331,UGIFT-092359,Protector,PENDING VALUATION,Pending valuation,PENDING CLASSIFICATION,45748,Pending calculation,Pending calculation
92332,UGIFT-092360,Protector,PENDING VALUATION,Pending valuation,PENDING CLASSIFICATION,45748,Pending calculation,Pending calculation
92333,UGIFT-092361,Protector,PENDING VALUATION,Pending valuation,PENDING CLASSIFICATION,45748,Pending calculation,Pending calculation
92334,UGIFT-092362,Protector,PENDING VALUATION,Pending valuation,PENDING CLASSIFICATION,45748,Pending calculation,Pending calculation
92335,UGIFT-092363,Protector,PENDING VALUATION,Pending valuation,PENDING CLASSIFICATION,45748,Pending calculation,Pending calculation
92336,UGIFT-092364,Protector,PENDING VALUATION,Pending valuation,PENDING CLASSIFICATION,45748,Pending calculation,Pending calculation
92337,UGIFT-092365,Protector,PENDING VALUATION,Pending valuation,PENDING CLASSIFICATION,45748,Pending calculation,Pending calculation
92338,UGIFT-092366,Protector,PENDING VALUATION,Pending valuation,PENDING CLASSIFICATION,45748,Pending calculation,Pending calculation
92341,UGIFT-092369,Network,CAPITALIZED,1200000,PENDING CLASSIFICATION,45748,360000.0,60000.0
92342,UGIFT-092370,Video,PENDING VALUATION,Pending valuation,PENDING CLASSIFICATION,45748,Pending calculation,Pending calculation
92344,UGIFT-092372,Air,PENDING REVIEW,5500000,PENDING CLASSIFICATION,45748,1650000.0,275000.0
92345,UGIFT-092373,Conditioner,PENDING VALUATION,Pending valuation,PENDING CLASSIFICATION,45748,Pending calculation,Pending calculation
92346,UGIFT-092374,Conditioner,PENDING VALUATION,Pending valuation,PENDING CLASSIFICATION,45748,Pending calculation,Pending calculation
92348,UGIFT-092376,(o1),PENDING VALUATION,Pending valuation,PENDING CLASSIFICATION,45748,Pending calculation,Pending calculation
92370,UGIFT-092398,2-unit Teacher’s,NOT CAPITALIZED,0,PENDING CLASSIFICATION,45748,0,0
92371,UGIFT-092399,2-unit Teacher’s,NOT CAPITALIZED,0,PENDING CLASSIFICATION,45748,0,0
92372,UGIFT-092400,2-unit Teacher’s,NOT CAPITALIZED,0,PENDING CLASSIFICATION,45748,0,0
93716,UGIFT-093744,Girls,PENDING VALUATION,Pending valuation,PENDING CLASSIFICATION,45017,Pending calculation,Pending calculation
94335,UGIFT-094363,Model Human Torso (02),PENDING VALUATION,Pending valuation,PENDING CLASSIFICATION,44316,Pending calculation,Pending calculation
94800,UGIFT-094828,Audio Visual Equipment,PENDING VALUATION,Pending valuation,MACHINERY AND EQUIPMENT,44287,Pending calculation,Pending calculation
95346,UGIFT-095374,"Volumetric flas 500ml-1,250ml-1",PENDING VALUATION,Pending valuation,PENDING CLASSIFICATION,46023,Pending calculation,Pending calculation
95347,UGIFT-095375,Separatory funnel 04pcs,PENDING VALUATION,Pending valuation,PENDING CLASSIFICATION,46023,Pending calculation,Pending calculation
95348,UGIFT-095376,Separatory funnel 04pcs,PENDING VALUATION,Pending valuation,PENDING CLASSIFICATION,46023,Pending calculation,Pending calculation
95349,UGIFT-095377,Separatory funnel 04pcs,PENDING VALUATION,Pending valuation,PENDING CLASSIFICATION,46023,Pending calculation,Pending calculation
95350,UGIFT-095378,Separatory funnel 04pcs,PENDING VALUATION,Pending valuation,PENDING CLASSIFICATION,46023,Pending calculation,Pending calculation
95351,UGIFT-095379,Fractioning column 02pcs,PENDING VALUATION,Pending valuation,PENDING CLASSIFICATION,46023,Pending calculation,Pending calculation
95352,UGIFT-095380,Fractioning column 02pcs,PENDING VALUATION,Pending valuation,PENDING CLASSIFICATION,46023,Pending calculation,Pending calculation
95380,UGIFT-095408,Electric Bell 1pc,PENDING VALUATION,Pending valuation,PENDING CLASSIFICATION,46023,Pending calculation,Pending calculation
95405,UGIFT-095433,Clips09,PENDING VALUATION,Pending valuation,PENDING CLASSIFICATION,46023,Pending calculation,Pending calculation
95420,01,ICT Lab,PENDING VALUATION,Pending valuation,PENDING CLASSIFICATION,44317,Pending calculation,Pending calculation
96150,UGIFT-096178,Dvrecorder,PENDING VALUATION,Pending valuation,PENDING CLASSIFICATION,44621,Pending calculation,Pending calculation
96269,UGIFT-096297,power GUADS,PENDING VALUATION,Pending valuation,PENDING CLASSIFICATION,44621,Pending calculation,Pending calculation
96283,UGIFT-096311,1-Bromomethyl blue,PENDING VALUATION,Pending valuation,PENDING CLASSIFICATION,44621,Pending calculation,Pending calculation
96284,UGIFT-096312,Acetaldehyde (Ethanal),PENDING VALUATION,Pending valuation,PENDING CLASSIFICATION,44621,Pending calculation,Pending calculation
96285,UGIFT-096313,Acetic acid (ethanoic acid),PENDING VALUATION,Pending valuation,PENDING CLASSIFICATION,44621,Pending calculation,Pending calculation
96286,UGIFT-096314,Acetone (propanone),PENDING VALUATION,Pending valuation,PENDING CLASSIFICATION,44621,Pending calculation,Pending calculation
96287,UGIFT-096315,Albumen egg powder,PENDING VALUATION,Pending valuation,PENDING CLASSIFICATION,44621,Pending calculation,Pending calculation
96288,UGIFT-096316,Aluminium carbonate,PENDING VALUATION,Pending valuation,PENDING CLASSIFICATION,44621,Pending calculation,Pending calculation
96289,UGIFT-096317,Aluminium chloride,PENDING VALUATION,Pending valuation,PENDING CLASSIFICATION,44621,Pending calculation,Pending calculation
96290,UGIFT-096318,Aluminium chloride,PENDING VALUATION,Pending valuation,PENDING CLASSIFICATION,44621,Pending calculation,Pending calculation
96291,UGIFT-096319,Aluminium nitrate,PENDING VALUATION,Pending valuation,PENDING CLASSIFICATION,44621,Pending calculation,Pending calculation
96292,UGIFT-096320,Aluminium oxide,PENDING VALUATION,Pending valuation,PENDING CLASSIFICATION,44621,Pending calculation,Pending calculation
96293,UGIFT-096321,Aluminium sulphate,PENDING VALUATION,Pending valuation,PENDING CLASSIFICATION,44621,Pending calculation,Pending calculation
96294,UGIFT-096322,Ammonia solution,PENDING VALUATION,Pending valuation,PENDING CLASSIFICATION,44621,Pending calculation,Pending calculation
96295,UGIFT-096323,Ammonium ferric sulphate,PENDING VALUATION,Pending valuation,PENDING CLASSIFICATION,44621,Pending calculation,Pending calculation
96296,UGIFT-096324,Ammonium ferrous sulphate,PENDING VALUATION,Pending valuation,PENDING CLASSIFICATION,44621,Pending calculation,Pending calculation
96297,UGIFT-096325,Ammonium nitrate,PENDING VALUATION,Pending valuation,PENDING CLASSIFICATION,44621,Pending calculation,Pending calculation
96298,UGIFT-096326,Ammonium oxalate,PENDING VALUATION,Pending valuation,PENDING CLASSIFICATION,44621,Pending calculation,Pending calculation
96299,UGIFT-096327,Ammonium sulphate,PENDING VALUATION,Pending valuation,PENDING CLASSIFICATION,44621,Pending calculation,Pending calculation
96300,UGIFT-096328,Ammonium thiocyanate,PENDING VALUATION,Pending valuation,PENDING CLASSIFICATION,44621,Pending calculation,Pending calculation
96301,UGIFT-096329,Amylase,PENDING VALUATION,Pending valuation,PENDING CLASSIFICATION,44621,Pending calculation,Pending calculation
96302,UGIFT-096330,Ascorbic acid,PENDING VALUATION,Pending valuation,PENDING CLASSIFICATION,44621,Pending calculation,Pending calculation
96303,UGIFT-096331,Barium carbonate,PENDING VALUATION,Pending valuation,PENDING CLASSIFICATION,44621,Pending calculation,Pending calculation
96304,UGIFT-096332,Barium chloride,PENDING VALUATION,Pending valuation,PENDING CLASSIFICATION,44621,Pending calculation,Pending calculation
96305,UGIFT-096333,Barium nitrate,PENDING VALUATION,Pending valuation,PENDING CLASSIFICATION,44621,Pending calculation,Pending calculation
96306,UGIFT-096334,Barium sulphate,PENDING VALUATION,Pending valuation,PENDING CLASSIFICATION,44621,Pending calculation,Pending calculation
96307,UGIFT-096335,Benedicts solution,PENDING VALUATION,Pending valuation,PENDING CLASSIFICATION,44621,Pending calculation,Pending calculation
96308,UGIFT-096336,Benzaldehyde,PENDING VALUATION,Pending valuation,PENDING CLASSIFICATION,44621,Pending calculation,Pending calculation
96309,UGIFT-096337,Bicarbonate indicator,PENDING VALUATION,Pending valuation,PENDING CLASSIFICATION,44621,Pending calculation,Pending calculation
96310,UGIFT-096338,Borax,PENDING VALUATION,Pending valuation,PENDING CLASSIFICATION,44621,Pending calculation,Pending calculation
96312,UGIFT-096340,Bromine water,PENDING VALUATION,Pending valuation,PENDING CLASSIFICATION,44621,Pending calculation,Pending calculation
96313,UGIFT-096341,Butan-1-ol,PENDING VALUATION,Pending valuation,PENDING CLASSIFICATION,44621,Pending calculation,Pending calculation
96314,UGIFT-096342,Butan-2-ol,PENDING VALUATION,Pending valuation,PENDING CLASSIFICATION,44621,Pending calculation,Pending calculation
96315,UGIFT-096343,Calcium carbonate,PENDING VALUATION,Pending valuation,PENDING CLASSIFICATION,44621,Pending calculation,Pending calculation
96316,UGIFT-096344,Calcium hydroxide,PENDING VALUATION,Pending valuation,PENDING CLASSIFICATION,44621,Pending calculation,Pending calculation
96317,UGIFT-096345,Calcium metal,PENDING VALUATION,Pending valuation,PENDING CLASSIFICATION,44621,Pending calculation,Pending calculation
96318,UGIFT-096346,Chloroform (trichloro methane),PENDING VALUATION,Pending valuation,PENDING CLASSIFICATION,44621,Pending calculation,Pending calculation
96319,UGIFT-096347,Chromium (iii) sulphate,PENDING VALUATION,Pending valuation,PENDING CLASSIFICATION,44621,Pending calculation,Pending calculation
96320,UGIFT-096348,Cobalt carbonate,PENDING VALUATION,Pending valuation,PENDING CLASSIFICATION,44621,Pending calculation,Pending calculation
96321,UGIFT-096349,Cobalt chloride,PENDING VALUATION,Pending valuation,PENDING CLASSIFICATION,44621,Pending calculation,Pending calculation
96322,UGIFT-096350,Copper carbonate,PENDING VALUATION,Pending valuation,PENDING CLASSIFICATION,44621,Pending calculation,Pending calculation
96323,UGIFT-096351,Copper chloride,PENDING VALUATION,Pending valuation,PENDING CLASSIFICATION,44621,Pending calculation,Pending calculation
96324,UGIFT-096352,Copper sulphate anhydrous,PENDING VALUATION,Pending valuation,PENDING CLASSIFICATION,44621,Pending calculation,Pending calculation
96325,UGIFT-096353,Copper sulphate pentahydrate,PENDING VALUATION,Pending valuation,PENDING CLASSIFICATION,44621,Pending calculation,Pending calculation
96326,UGIFT-096354,Dcpip,PENDING VALUATION,Pending valuation,PENDING CLASSIFICATION,44621,Pending calculation,Pending calculation
96327,UGIFT-096355,Diastase,PENDING VALUATION,Pending valuation,PENDING CLASSIFICATION,44621,Pending calculation,Pending calculation
96328,UGIFT-096356,Dimethyl glyoxime,PENDING VALUATION,Pending valuation,PENDING CLASSIFICATION,44621,Pending calculation,Pending calculation
96329,UGIFT-096357,Disodium hydrogen orthophosphate,PENDING VALUATION,Pending valuation,PENDING CLASSIFICATION,44621,Pending calculation,Pending calculation
96330,UGIFT-096358,Enzymase (invertase),PENDING VALUATION,Pending valuation,PENDING CLASSIFICATION,44621,Pending calculation,Pending calculation
96331,UGIFT-096359,Eosine solution,PENDING VALUATION,Pending valuation,PENDING CLASSIFICATION,44621,Pending calculation,Pending calculation
96332,UGIFT-096360,Ethanol Absolute,PENDING VALUATION,Pending valuation,PENDING CLASSIFICATION,44621,Pending calculation,Pending calculation
96333,UGIFT-096361,Fehlings No 1,PENDING VALUATION,Pending valuation,PENDING CLASSIFICATION,44621,Pending calculation,Pending calculation
96334,UGIFT-096362,Fehlings No 2 (B),PENDING VALUATION,Pending valuation,PENDING CLASSIFICATION,44621,Pending calculation,Pending calculation
96335,UGIFT-096363,Ferric sulphate,PENDING VALUATION,Pending valuation,PENDING CLASSIFICATION,44621,Pending calculation,Pending calculation
96336,UGIFT-096364,Ferrous sulphate,PENDING VALUATION,Pending valuation,PENDING CLASSIFICATION,44621,Pending calculation,Pending calculation
96337,UGIFT-096365,Formaldehyde,PENDING VALUATION,Pending valuation,PENDING CLASSIFICATION,44621,Pending calculation,Pending calculation
96338,UGIFT-096366,Formic acid,PENDING VALUATION,Pending valuation,PENDING CLASSIFICATION,44621,Pending calculation,Pending calculation
96339,UGIFT-096367,Fructose,PENDING VALUATION,Pending valuation,PENDING CLASSIFICATION,44621,Pending calculation,Pending calculation
96340,UGIFT-096368,Glucose,PENDING VALUATION,Pending valuation,PENDING CLASSIFICATION,44621,Pending calculation,Pending calculation
96341,UGIFT-096369,Hydrochloric acid (1ltr),PENDING VALUATION,Pending valuation,PENDING CLASSIFICATION,44621,Pending calculation,Pending calculation
96342,UGIFT-096370,Hydrogen peroxide (100 vol),PENDING VALUATION,Pending valuation,PENDING CLASSIFICATION,44621,Pending calculation,Pending calculation
96343,UGIFT-096371,Hydrogen peroxide (50 v0l),PENDING VALUATION,Pending valuation,PENDING CLASSIFICATION,44621,Pending calculation,Pending calculation
96344,UGIFT-096372,Iodine crystals (100gm),PENDING VALUATION,Pending valuation,PENDING CLASSIFICATION,44621,Pending calculation,Pending calculation
96345,UGIFT-096373,Iodine solution,PENDING VALUATION,Pending valuation,PENDING CLASSIFICATION,44621,Pending calculation,Pending calculation
96347,UGIFT-096375,Iron iii chloride,PENDING VALUATION,Pending valuation,PENDING CLASSIFICATION,44621,Pending calculation,Pending calculation
96348,UGIFT-096376,Isopropyl alcohol,PENDING VALUATION,Pending valuation,PENDING CLASSIFICATION,44621,Pending calculation,Pending calculation
96349,UGIFT-096377,Lead acetate,PENDING VALUATION,Pending valuation,PENDING CLASSIFICATION,44621,Pending calculation,Pending calculation
96350,UGIFT-096378,Lead ii carbonate,PENDING VALUATION,Pending valuation,PENDING CLASSIFICATION,44621,Pending calculation,Pending calculation
96351,UGIFT-096379,Lead ii chloride,PENDING VALUATION,Pending valuation,PENDING CLASSIFICATION,44621,Pending calculation,Pending calculation
96352,UGIFT-096380,Lead ii nitrate,PENDING VALUATION,Pending valuation,PENDING CLASSIFICATION,44621,Pending calculation,Pending calculation
96353,UGIFT-096381,Lead ii sulphate,PENDING VALUATION,Pending valuation,PENDING CLASSIFICATION,44621,Pending calculation,Pending calculation
96354,UGIFT-096382,Lead iv oxide,PENDING VALUATION,Pending valuation,PENDING CLASSIFICATION,44621,Pending calculation,Pending calculation
96355,UGIFT-096383,Lead monoxide,PENDING VALUATION,Pending valuation,PENDING CLASSIFICATION,44621,Pending calculation,Pending calculation
96356,UGIFT-096384,Leishman’s stain solution,PENDING VALUATION,Pending valuation,PENDING CLASSIFICATION,44621,Pending calculation,Pending calculation
96357,UGIFT-096385,Lime water,PENDING VALUATION,Pending valuation,PENDING CLASSIFICATION,44621,Pending calculation,Pending calculation
96363,UGIFT-096391,Magnesium carbonate,PENDING VALUATION,Pending valuation,PENDING CLASSIFICATION,44621,Pending calculation,Pending calculation
96364,UGIFT-096392,Magnesium chloride,PENDING VALUATION,Pending valuation,PENDING CLASSIFICATION,44621,Pending calculation,Pending calculation
96365,UGIFT-096393,Magnesium nitrate,PENDING VALUATION,Pending valuation,PENDING CLASSIFICATION,44621,Pending calculation,Pending calculation
96366,UGIFT-096394,Magnesium ribbon,PENDING VALUATION,Pending valuation,PENDING CLASSIFICATION,44621,Pending calculation,Pending calculation
96367,UGIFT-096395,Magnesium sulphate,PENDING VALUATION,Pending valuation,PENDING CLASSIFICATION,44621,Pending calculation,Pending calculation
96368,UGIFT-096396,Manganese chloride,PENDING VALUATION,Pending valuation,PENDING CLASSIFICATION,44621,Pending calculation,Pending calculation
96369,UGIFT-096397,Manganese iv oxide,PENDING VALUATION,Pending valuation,PENDING CLASSIFICATION,44621,Pending calculation,Pending calculation
96370,UGIFT-096398,Marble chips,PENDING VALUATION,Pending valuation,PENDING CLASSIFICATION,44621,Pending calculation,Pending calculation
96371,UGIFT-096399,Methanol,PENDING VALUATION,Pending valuation,PENDING CLASSIFICATION,44621,Pending calculation,Pending calculation
96372,UGIFT-096400,Methyl orange indicator,PENDING VALUATION,Pending valuation,PENDING CLASSIFICATION,44621,Pending calculation,Pending calculation
96374,UGIFT-096402,N- propyl alcohol,PENDING VALUATION,Pending valuation,PENDING CLASSIFICATION,44621,Pending calculation,Pending calculation
96375,UGIFT-096403,Nickel ii carbonate,PENDING VALUATION,Pending valuation,PENDING CLASSIFICATION,44621,Pending calculation,Pending calculation
96376,UGIFT-096404,Nickel ii chloride,PENDING VALUATION,Pending valuation,PENDING CLASSIFICATION,44621,Pending calculation,Pending calculation
96377,UGIFT-096405,Nickel nitrate,PENDING VALUATION,Pending valuation,PENDING CLASSIFICATION,44621,Pending calculation,Pending calculation
96378,UGIFT-096406,Nickel sulphate,PENDING VALUATION,Pending valuation,PENDING CLASSIFICATION,44621,Pending calculation,Pending calculation
96379,UGIFT-096407,Nitric acid,PENDING VALUATION,Pending valuation,PENDING CLASSIFICATION,44621,Pending calculation,Pending calculation
96380,UGIFT-096408,Oxalic acid,PENDING VALUATION,Pending valuation,PENDING CLASSIFICATION,44621,Pending calculation,Pending calculation
96381,UGIFT-096409,Pepsin,PENDING VALUATION,Pending valuation,PENDING CLASSIFICATION,44621,Pending calculation,Pending calculation
96382,UGIFT-096410,Phelphthalein indicator,PENDING VALUATION,Pending valuation,PENDING CLASSIFICATION,44621,Pending calculation,Pending calculation
96383,UGIFT-096411,Phenol crystals,PENDING VALUATION,Pending valuation,PENDING CLASSIFICATION,44621,Pending calculation,Pending calculation
96384,UGIFT-096412,Plasticin,PENDING VALUATION,Pending valuation,PENDING CLASSIFICATION,44621,Pending calculation,Pending calculation
96385,UGIFT-096413,Potassium iodate,PENDING VALUATION,Pending valuation,PENDING CLASSIFICATION,44621,Pending calculation,Pending calculation
96386,UGIFT-096414,Potassium bromide,PENDING VALUATION,Pending valuation,PENDING CLASSIFICATION,44621,Pending calculation,Pending calculation
96387,UGIFT-096415,Potassium chlorate,PENDING VALUATION,Pending valuation,PENDING CLASSIFICATION,44621,Pending calculation,Pending calculation
96388,UGIFT-096416,Potassium chromate,PENDING VALUATION,Pending valuation,PENDING CLASSIFICATION,44621,Pending calculation,Pending calculation
96389,UGIFT-096417,Potassium dichromate,PENDING VALUATION,Pending valuation,PENDING CLASSIFICATION,44621,Pending calculation,Pending calculation
96390,UGIFT-096418,Potassium ferricyanide,PENDING VALUATION,Pending valuation,PENDING CLASSIFICATION,44621,Pending calculation,Pending calculation
96391,UGIFT-096419,Potassium ferrocyanide,PENDING VALUATION,Pending valuation,PENDING CLASSIFICATION,44621,Pending calculation,Pending calculation
96659,UGIFT-096687,Motar And Pestle,PENDING VALUATION,Pending valuation,PENDING CLASSIFICATION,44621,Pending calculation,Pending calculation
96698,UGIFT-096726,Lactometer,PENDING VALUATION,Pending valuation,PENDING CLASSIFICATION,44621,Pending calculation,Pending calculation
96825,UGIFT-096853,Fractionating Column,PENDING VALUATION,Pending valuation,PENDING CLASSIFICATION,44621,Pending calculation,Pending calculation
96826,UGIFT-096854,Fractionating Column,PENDING VALUATION,Pending valuation,PENDING CLASSIFICATION,44621,Pending calculation,Pending calculation
96827,UGIFT-096855,Plastic Funnel,PENDING VALUATION,Pending valuation,PENDING CLASSIFICATION,44621,Pending calculation,Pending calculation
96828,UGIFT-096856,Plastic Funnel,PENDING VALUATION,Pending valuation,PENDING CLASSIFICATION,44621,Pending calculation,Pending calculation
96829,UGIFT-096857,Plastic Funnel,PENDING VALUATION,Pending valuation,PENDING CLASSIFICATION,44621,Pending calculation,Pending calculation
96830,UGIFT-096858,Plastic Funnel,PENDING VALUATION,Pending valuation,PENDING CLASSIFICATION,44621,Pending calculation,Pending calculation
96831,UGIFT-096859,Plastic Funnel,PENDING VALUATION,Pending valuation,PENDING CLASSIFICATION,44621,Pending calculation,Pending calculation
96832,UGIFT-096860,Leibig Condensor,PENDING VALUATION,Pending valuation,PENDING CLASSIFICATION,44621,Pending calculation,Pending calculation
96855,UGIFT-096883,Glass Cylinder 50ML,PENDING VALUATION,Pending valuation,PENDING CLASSIFICATION,44621,Pending calculation,Pending calculation
96856,UGIFT-096884,Glass Cylinder 50ML,PENDING VALUATION,Pending valuation,PENDING CLASSIFICATION,44621,Pending calculation,Pending calculation
96857,UGIFT-096885,Glass Cylinder 500ML,PENDING VALUATION,Pending valuation,PENDING CLASSIFICATION,44621,Pending calculation,Pending calculation
96858,UGIFT-096886,Glass Cylinder 500ML,PENDING VALUATION,Pending valuation,PENDING CLASSIFICATION,44621,Pending calculation,Pending calculation
96859,UGIFT-096887,Glass Cylinder 100ML,PENDING VALUATION,Pending valuation,PENDING CLASSIFICATION,44621,Pending calculation,Pending calculation
96860,UGIFT-096888,Glass Cylinder 100ML,PENDING VALUATION,Pending valuation,PENDING CLASSIFICATION,44621,Pending calculation,Pending calculation
98514,UGIFT-098542,Density Bottle Glass,PENDING VALUATION,Pending valuation,PENDING CLASSIFICATION,45777,Pending calculation,Pending calculation
98515,UGIFT-098543,Density Bottle Glass,PENDING VALUATION,Pending valuation,PENDING CLASSIFICATION,45777,Pending calculation,Pending calculation
98516,UGIFT-098544,Mesuring Cylinder Plastic,PENDING VALUATION,Pending valuation,PENDING CLASSIFICATION,45777,Pending calculation,Pending calculation
98517,UGIFT-098545,Mesuring Cylinder Plastic,PENDING VALUATION,Pending valuation,PENDING CLASSIFICATION,45777,Pending calculation,Pending calculation
98518,UGIFT-098546,Mesuring Cylinder Plastic,PENDING VALUATION,Pending valuation,PENDING CLASSIFICATION,45777,Pending calculation,Pending calculation
98519,UGIFT-098547,Mesuring Cylinder Plastic,PENDING VALUATION,Pending valuation,PENDING CLASSIFICATION,45777,Pending calculation,Pending calculation
98520,UGIFT-098548,Mesuring Cylinder Plastic,PENDING VALUATION,Pending valuation,PENDING CLASSIFICATION,45777,Pending calculation,Pending calculation
98521,UGIFT-098549,Mesuring Cylinder Plastic,PENDING VALUATION,Pending valuation,PENDING CLASSIFICATION,45777,Pending calculation,Pending calculation
98706,UGIFT-098734,Tapes,PENDING VALUATION,Pending valuation,PENDING CLASSIFICATION,45777,Pending calculation,Pending calculation
98707,UGIFT-098735,Tapes,PENDING VALUATION,Pending valuation,PENDING CLASSIFICATION,45777,Pending calculation,Pending calculation
98708,UGIFT-098736,Tapes,PENDING VALUATION,Pending valuation,PENDING CLASSIFICATION,45777,Pending calculation,Pending calculation
98709,UGIFT-098737,Tapes,PENDING VALUATION,Pending valuation,PENDING CLASSIFICATION,45777,Pending calculation,Pending calculation
98710,UGIFT-098738,Tapes,PENDING VALUATION,Pending valuation,PENDING CLASSIFICATION,45777,Pending calculation,Pending calculation
98827,UGIFT-098855,Leibig Condenser,PENDING VALUATION,Pending valuation,PENDING CLASSIFICATION,45777,Pending calculation,Pending calculation
98828,UGIFT-098856,Leibig Condenser,PENDING VALUATION,Pending valuation,PENDING CLASSIFICATION,45777,Pending calculation,Pending calculation
98829,UGIFT-098857,Leibig Condenser,PENDING VALUATION,Pending valuation,PENDING CLASSIFICATION,45777,Pending calculation,Pending calculation
98830,UGIFT-098858,Leibig Condenser,PENDING VALUATION,Pending valuation,PENDING CLASSIFICATION,45777,Pending calculation,Pending calculation
99224,UGIFT-099252,Franchonalising Column,PENDING VALUATION,Pending valuation,PENDING CLASSIFICATION,45777,Pending calculation,Pending calculation
99225,UGIFT-099253,Franchonalising Column,PENDING VALUATION,Pending valuation,PENDING CLASSIFICATION,45777,Pending calculation,Pending calculation
99287,UGIFT-099315,Storage Box,PENDING VALUATION,Pending valuation,PENDING CLASSIFICATION,45777,Pending calculation,Pending calculation
99712,UGIFT-099740,Density Bottle Glass,PENDING VALUATION,Pending valuation,PENDING CLASSIFICATION,45748,Pending calculation,Pending calculation
99713,UGIFT-099741,Density Bottle Glass,PENDING VALUATION,Pending valuation,PENDING CLASSIFICATION,45748,Pending calculation,Pending calculation
99714,UGIFT-099742,Mesuring Cylinder Plastic,PENDING VALUATION,Pending valuation,PENDING CLASSIFICATION,45748,Pending calculation,Pending calculation
99715,UGIFT-099743,Mesuring Cylinder Plastic,PENDING VALUATION,Pending valuation,PENDING CLASSIFICATION,45748,Pending calculation,Pending calculation
99716,UGIFT-099744,Mesuring Cylinder Plastic,PENDING VALUATION,Pending valuation,PENDING CLASSIFICATION,45748,Pending calculation,Pending calculation
99717,UGIFT-099745,Mesuring Cylinder Plastic,PENDING VALUATION,Pending valuation,PENDING CLASSIFICATION,45748,Pending calculation,Pending calculation
99718,UGIFT-099746,Mesuring Cylinder Plastic,PENDING VALUATION,Pending valuation,PENDING CLASSIFICATION,45748,Pending calculation,Pending calculation
99719,UGIFT-099747,Mesuring Cylinder Plastic,PENDING VALUATION,Pending valuation,PENDING CLASSIFICATION,45748,Pending calculation,Pending calculation
99904,UGIFT-099932,Tapes,PENDING VALUATION,Pending valuation,PENDING CLASSIFICATION,45748,Pending calculation,Pending calculation
99905,UGIFT-099933,Tapes,PENDING VALUATION,Pending valuation,PENDING CLASSIFICATION,45748,Pending calculation,Pending calculation
99906,UGIFT-099934,Tapes,PENDING VALUATION,Pending valuation,PENDING CLASSIFICATION,45748,Pending calculation,Pending calculation
99907,UGIFT-099935,Tapes,PENDING VALUATION,Pending valuation,PENDING CLASSIFICATION,45748,Pending calculation,Pending calculation
99908,UGIFT-099936,Tapes,PENDING VALUATION,Pending valuation,PENDING CLASSIFICATION,45748,Pending calculation,Pending calculation
100025,UGIFT-100053,Leibig Condenser,PENDING VALUATION,Pending valuation,PENDING CLASSIFICATION,45748,Pending calculation,Pending calculation
100026,UGIFT-100054,Leibig Condenser,PENDING VALUATION,Pending valuation,PENDING CLASSIFICATION,45748,Pending calculation,Pending calculation
100027,UGIFT-100055,Leibig Condenser,PENDING VALUATION,Pending valuation,PENDING CLASSIFICATION,45748,Pending calculation,Pending calculation
100028,UGIFT-100056,Leibig Condenser,PENDING VALUATION,Pending valuation,PENDING CLASSIFICATION,45748,Pending calculation,Pending calculation
100422,UGIFT-100450,Franchonalising Column,PENDING VALUATION,Pending valuation,PENDING CLASSIFICATION,45748,Pending calculation,Pending calculation
100423,UGIFT-100451,Franchonalising Column,PENDING VALUATION,Pending valuation,PENDING CLASSIFICATION,45748,Pending calculation,Pending calculation
100485,UGIFT-100513,Storage Box,PENDING VALUATION,Pending valuation,PENDING CLASSIFICATION,45748,Pending calculation,Pending calculation
100491,UGIFT-100519,ICT Lab/ Lib,CAPITALIZED,300881800,PENDING CLASSIFICATION,45748,90264540.0,15044090.0
100499,UGIFT-100527,ICT Lab/lib,CAPITALIZED,246077000,PENDING CLASSIFICATION,45017,172253900.0,12303850.0
101998,UGIFT-102026,Network Video,CAPITALIZED,1200000,PENDING CLASSIFICATION,45783,340000.0,60000.0
102418,UGIFT-102446,Wheelbarrow,PENDING VALUATION,Pending valuation,PENDING CLASSIFICATION,44348,Pending calculation,Pending calculation
102421,UGIFT-102449,Bell,PENDING VALUATION,Pending valuation,PENDING CLASSIFICATION,44348,Pending calculation,Pending calculation
102422,UGIFT-102450,Bell,PENDING VALUATION,Pending valuation,PENDING CLASSIFICATION,44348,Pending calculation,Pending calculation
102530,UGIFT-102558,Grain silos,PENDING VALUATION,Pending valuation,PENDING CLASSIFICATION,44348,Pending calculation,Pending calculation
102531,UGIFT-102559,Grain silos,PENDING VALUATION,Pending valuation,PENDING CLASSIFICATION,44348,Pending calculation,Pending calculation
102532,UGIFT-102560,Grain silos,PENDING VALUATION,Pending valuation,PENDING CLASSIFICATION,44348,Pending calculation,Pending calculation
102533,UGIFT-102561,Grain silos,PENDING VALUATION,Pending valuation,PENDING CLASSIFICATION,44348,Pending calculation,Pending calculation
102534,UGIFT-102562,Grain silos,PENDING VALUATION,Pending valuation,PENDING CLASSIFICATION,44348,Pending calculation,Pending calculation
102535,UGIFT-102563,Grain silos,PENDING VALUATION,Pending valuation,PENDING CLASSIFICATION,44348,Pending calculation,Pending calculation
102536,UGIFT-102564,Grain silos,PENDING VALUATION,Pending valuation,PENDING CLASSIFICATION,44348,Pending calculation,Pending calculation
102537,UGIFT-102565,Grain silos,PENDING VALUATION,Pending valuation,PENDING CLASSIFICATION,44348,Pending calculation,Pending calculation
102538,UGIFT-102566,Pallets,PENDING VALUATION,Pending valuation,PENDING CLASSIFICATION,44348,Pending calculation,Pending calculation
102539,UGIFT-102567,Pallets,PENDING VALUATION,Pending valuation,PENDING CLASSIFICATION,44348,Pending calculation,Pending calculation
102540,UGIFT-102568,Pallets,PENDING VALUATION,Pending valuation,PENDING CLASSIFICATION,44348,Pending calculation,Pending calculation
102541,UGIFT-102569,Pallets,PENDING VALUATION,Pending valuation,PENDING CLASSIFICATION,44348,Pending calculation,Pending calculation
102542,UGIFT-102570,Pallets,PENDING VALUATION,Pending valuation,PENDING CLASSIFICATION,44348,Pending calculation,Pending calculation
102543,UGIFT-102571,Pallets,PENDING VALUATION,Pending valuation,PENDING CLASSIFICATION,44348,Pending calculation,Pending calculation
102544,UGIFT-102572,Pallets,PENDING VALUATION,Pending valuation,PENDING CLASSIFICATION,44348,Pending calculation,Pending calculation
102545,UGIFT-102573,Pallets,PENDING VALUATION,Pending valuation,PENDING CLASSIFICATION,44348,Pending calculation,Pending calculation
102624,UGIFT-102652,Extensions,PENDING VALUATION,Pending valuation,PENDING CLASSIFICATION,44621,Pending calculation,Pending calculation
102625,UGIFT-102653,Extensions,PENDING VALUATION,Pending valuation,PENDING CLASSIFICATION,44621,Pending calculation,Pending calculation
102626,UGIFT-102654,Extensions,PENDING VALUATION,Pending valuation,PENDING CLASSIFICATION,44621,Pending calculation,Pending calculation
102627,UGIFT-102655,Extensions,PENDING VALUATION,Pending valuation,PENDING CLASSIFICATION,44621,Pending calculation,Pending calculation
102628,UGIFT-102656,Extensions,PENDING VALUATION,Pending valuation,PENDING CLASSIFICATION,44621,Pending calculation,Pending calculation
102629,UGIFT-102657,Extensions,PENDING VALUATION,Pending valuation,PENDING CLASSIFICATION,44621,Pending calculation,Pending calculation
102630,UGIFT-102658,Extensions,PENDING VALUATION,Pending valuation,PENDING CLASSIFICATION,44621,Pending calculation,Pending calculation
102631,UGIFT-102659,Extensions,PENDING VALUATION,Pending valuation,PENDING CLASSIFICATION,44621,Pending calculation,Pending calculation
102632,UGIFT-102660,Extensions,PENDING VALUATION,Pending valuation,PENDING CLASSIFICATION,44621,Pending calculation,Pending calculation
102634,UGIFT-102662,Headsets,PENDING VALUATION,Pending valuation,PENDING CLASSIFICATION,44621,Pending calculation,Pending calculation
102635,UGIFT-102663,Headsets,PENDING VALUATION,Pending valuation,PENDING CLASSIFICATION,44621,Pending calculation,Pending calculation
102636,UGIFT-102664,Headsets,PENDING VALUATION,Pending valuation,PENDING CLASSIFICATION,44621,Pending calculation,Pending calculation
102697,UGIFT-102725,Screen,PENDING VALUATION,Pending valuation,PENDING CLASSIFICATION,44621,Pending calculation,Pending calculation
102740,UGIFT-102768,Goal post,PENDING VALUATION,Pending valuation,MACHINERY AND EQUIPMENT,44348,Pending calculation,Pending calculation
102741,UGIFT-102769,Goal post,PENDING VALUATION,Pending valuation,MACHINERY AND EQUIPMENT,44348,Pending calculation,Pending calculation
102742,UGIFT-102770,Goal post,PENDING VALUATION,Pending valuation,MACHINERY AND EQUIPMENT,44348,Pending calculation,Pending calculation
102743,UGIFT-102771,Goal post,PENDING VALUATION,Pending valuation,MACHINERY AND EQUIPMENT,44348,Pending calculation,Pending calculation
102744,UGIFT-102772,Goal post,PENDING VALUATION,Pending valuation,MACHINERY AND EQUIPMENT,44348,Pending calculation,Pending calculation
102745,UGIFT-102773,Goal post,PENDING VALUATION,Pending valuation,MACHINERY AND EQUIPMENT,44348,Pending calculation,Pending calculation
102934,UGIFT-102962,Science laboratory,CAPITALIZED,61692855,PENDING CLASSIFICATION,46054,8225714.0,3084643.0
103032,UGIFT-103060,"Pulse Oximeter, Hand held",PENDING VERIFICATION,590000,MACHINERY AND EQUIPMENT,45809,Pending verification,Pending verification
103033,UGIFT-103061,"Pulse Oximeter, Hand held",PENDING VERIFICATION,590000,MACHINERY AND EQUIPMENT,45809,Pending verification,Pending verification
103034,UGIFT-103062,"Pulse Oximeter, Hand held",PENDING VERIFICATION,590000,MACHINERY AND EQUIPMENT,45809,Pending verification,Pending verification
103035,UGIFT-103063,"Pulse Oximeter, Hand held",PENDING VERIFICATION,590000,MACHINERY AND EQUIPMENT,45809,Pending verification,Pending verification
104088,UGIFT-104116,Science laboratory,CAPITALIZED,61692855,PENDING CLASSIFICATION,44593,61692855.0,0.0
104132,UGIFT-104160,Chain link,PENDING VALUATION,Pending valuation,PENDING CLASSIFICATION,46204,Pending calculation,Pending calculation
104533,UGIFT-104561,Lockable science kit boards,PENDING VALUATION,Pending valuation,PENDING CLASSIFICATION,45139,Pending calculation,Pending calculation
104534,UGIFT-104562,Lockable science kit boards,PENDING VALUATION,Pending valuation,PENDING CLASSIFICATION,45139,Pending calculation,Pending calculation
104535,UGIFT-104563,Lockable science kit boards,PENDING VALUATION,Pending valuation,PENDING CLASSIFICATION,45139,Pending calculation,Pending calculation
104536,UGIFT-104564,Lockable science kit boards,PENDING VALUATION,Pending valuation,PENDING CLASSIFICATION,45139,Pending calculation,Pending calculation
104537,UGIFT-104565,Lockable science kit boards,PENDING VALUATION,Pending valuation,PENDING CLASSIFICATION,45139,Pending calculation,Pending calculation
104538,UGIFT-104566,Lockable science kit boards,PENDING VALUATION,Pending valuation,PENDING CLASSIFICATION,45139,Pending calculation,Pending calculation
104539,UGIFT-104567,Lockable science kit boards,PENDING VALUATION,Pending valuation,PENDING CLASSIFICATION,45139,Pending calculation,Pending calculation
104540,UGIFT-104568,Lockable science kit boards,PENDING VALUATION,Pending valuation,PENDING CLASSIFICATION,45139,Pending calculation,Pending calculation
104541,UGIFT-104569,Lockable science kit boards,PENDING VALUATION,Pending valuation,PENDING CLASSIFICATION,45139,Pending calculation,Pending calculation
104542,UGIFT-104570,Lockable science kit boards,PENDING VALUATION,Pending valuation,PENDING CLASSIFICATION,45139,Pending calculation,Pending calculation
104543,UGIFT-104571,Lockable science kit boards,PENDING VALUATION,Pending valuation,PENDING CLASSIFICATION,45139,Pending calculation,Pending calculation
104544,UGIFT-104572,Lockable science kit boards,PENDING VALUATION,Pending valuation,PENDING CLASSIFICATION,45139,Pending calculation,Pending calculation
104545,UGIFT-104573,Lockable science kit boards,PENDING VALUATION,Pending valuation,PENDING CLASSIFICATION,45139,Pending calculation,Pending calculation
104546,UGIFT-104574,Lockable science kit boards,PENDING VALUATION,Pending valuation,PENDING CLASSIFICATION,45139,Pending calculation,Pending calculation
104547,UGIFT-104575,Lockable science kit boards,PENDING VALUATION,Pending valuation,PENDING CLASSIFICATION,45139,Pending calculation,Pending calculation
104558,UGIFT-104586,Head teacher's twin house,PENDING VALUATION,Pending valuation,PENDING CLASSIFICATION,44927,Pending calculation,Pending calculation
104571,UGIFT-104599,Twin science laboratory,PENDING VALUATION,Pending valuation,PENDING CLASSIFICATION,44927,Pending calculation,Pending calculation
105516,UGIFT-105544,Battery,PENDING VALUATION,Pending valuation,PENDING CLASSIFICATION,44621,Pending calculation,Pending calculation
105974,UGIFT-106002,Constantan SWG 26,PENDING VALUATION,Pending valuation,PENDING CLASSIFICATION,44621,Pending calculation,Pending calculation
106061,UGIFT-106089,Handlers plastic handle,PENDING VALUATION,Pending valuation,PENDING CLASSIFICATION,44621,Pending calculation,Pending calculation
106062,UGIFT-106090,Handlers plastic handle,PENDING VALUATION,Pending valuation,PENDING CLASSIFICATION,44621,Pending calculation,Pending calculation
106063,UGIFT-106091,Handlers plastic handle,PENDING VALUATION,Pending valuation,PENDING CLASSIFICATION,44621,Pending calculation,Pending calculation
106064,UGIFT-106092,Handlers plastic handle,PENDING VALUATION,Pending valuation,PENDING CLASSIFICATION,44621,Pending calculation,Pending calculation
106065,UGIFT-106093,Handlers plastic handle,PENDING VALUATION,Pending valuation,PENDING CLASSIFICATION,44621,Pending calculation,Pending calculation
106066,UGIFT-106094,Handlers plastic handle,PENDING VALUATION,Pending valuation,PENDING CLASSIFICATION,44621,Pending calculation,Pending calculation
106067,UGIFT-106095,Handlers plastic handle,PENDING VALUATION,Pending valuation,PENDING CLASSIFICATION,44621,Pending calculation,Pending calculation
106068,UGIFT-106096,Handlers plastic handle,PENDING VALUATION,Pending valuation,PENDING CLASSIFICATION,44621,Pending calculation,Pending calculation
106069,UGIFT-106097,Handlers plastic handle,PENDING VALUATION,Pending valuation,PENDING CLASSIFICATION,44621,Pending calculation,Pending calculation
106070,UGIFT-106098,Handlers plastic handle,PENDING VALUATION,Pending valuation,PENDING CLASSIFICATION,44621,Pending calculation,Pending calculation
106071,UGIFT-106099,Handlers plastic handle,PENDING VALUATION,Pending valuation,PENDING CLASSIFICATION,44621,Pending calculation,Pending calculation
106072,UGIFT-106100,Handlers plastic handle,PENDING VALUATION,Pending valuation,PENDING CLASSIFICATION,44621,Pending calculation,Pending calculation
106073,UGIFT-106101,Handlers plastic handle,PENDING VALUATION,Pending valuation,PENDING CLASSIFICATION,44621,Pending calculation,Pending calculation
106074,UGIFT-106102,Handlers plastic handle,PENDING VALUATION,Pending valuation,PENDING CLASSIFICATION,44621,Pending calculation,Pending calculation
106075,UGIFT-106103,Handlers plastic handle,PENDING VALUATION,Pending valuation,PENDING CLASSIFICATION,44621,Pending calculation,Pending calculation
106076,UGIFT-106104,Handlers plastic handle,PENDING VALUATION,Pending valuation,PENDING CLASSIFICATION,44621,Pending calculation,Pending calculation
106077,UGIFT-106105,Handlers plastic handle,PENDING VALUATION,Pending valuation,PENDING CLASSIFICATION,44621,Pending calculation,Pending calculation
106078,UGIFT-106106,Handlers plastic handle,PENDING VALUATION,Pending valuation,PENDING CLASSIFICATION,44621,Pending calculation,Pending calculation
106079,UGIFT-106107,Handlers plastic handle,PENDING VALUATION,Pending valuation,PENDING CLASSIFICATION,44621,Pending calculation,Pending calculation
106080,UGIFT-106108,Handlers plastic handle,PENDING VALUATION,Pending valuation,PENDING CLASSIFICATION,44621,Pending calculation,Pending calculation
106081,UGIFT-106109,Model Human nervous system (1),PENDING VALUATION,Pending valuation,PENDING CLASSIFICATION,44621,Pending calculation,Pending calculation
106082,UGIFT-106110,Model Human teeth (1),PENDING VALUATION,Pending valuation,PENDING CLASSIFICATION,44621,Pending calculation,Pending calculation
106083,UGIFT-106111,Model Human heart (1),PENDING VALUATION,Pending valuation,PENDING CLASSIFICATION,44621,Pending calculation,Pending calculation
106084,UGIFT-106112,Model Human ear (1),PENDING VALUATION,Pending valuation,PENDING CLASSIFICATION,44621,Pending calculation,Pending calculation
106085,UGIFT-106113,Model Human skeleton with stand (1),PENDING VALUATION,Pending valuation,PENDING CLASSIFICATION,44621,Pending calculation,Pending calculation
106086,UGIFT-106114,Model Human torso (1),PENDING VALUATION,Pending valuation,PENDING CLASSIFICATION,44621,Pending calculation,Pending calculation
106087,UGIFT-106115,Model Human digestive system (1),PENDING VALUATION,Pending valuation,PENDING CLASSIFICATION,44621,Pending calculation,Pending calculation
106088,UGIFT-106116,Urinary system chart,PENDING VALUATION,Pending valuation,PENDING CLASSIFICATION,44621,Pending calculation,Pending calculation
106089,UGIFT-106117,Human ear chart,PENDING VALUATION,Pending valuation,PENDING CLASSIFICATION,44621,Pending calculation,Pending calculation
106090,UGIFT-106118,Human female reproductive system chart,PENDING VALUATION,Pending valuation,PENDING CLASSIFICATION,44621,Pending calculation,Pending calculation
106091,UGIFT-106119,Human male reproductive system chart,PENDING VALUATION,Pending valuation,PENDING CLASSIFICATION,44621,Pending calculation,Pending calculation
106169,UGIFT-106197,Microscopes,PENDING VERIFICATION,900000,MACHINERY AND EQUIPMENT,43009,Pending verification,Pending verification
106170,UGIFT-106198,Microscopes,PENDING VERIFICATION,900000,MACHINERY AND EQUIPMENT,43009,Pending verification,Pending verification
106171,UGIFT-106199,Microscopes,PENDING VERIFICATION,900000,MACHINERY AND EQUIPMENT,43009,Pending verification,Pending verification
106172,UGIFT-106200,Microscopes,PENDING VERIFICATION,900000,MACHINERY AND EQUIPMENT,43009,Pending verification,Pending verification
106173,UGIFT-106201,Microscopes,PENDING VERIFICATION,900000,MACHINERY AND EQUIPMENT,43009,Pending verification,Pending verification
106546,UGIFT-106574,Digital scale,PENDING VALUATION,Pending valuation,PENDING CLASSIFICATION,44621,Pending calculation,Pending calculation
107496,UGIFT-107524,"Charge controller 20A, 30A, 40A, 85A Victron",PENDING VALUATION,Pending valuation,PENDING CLASSIFICATION,44621,Pending calculation,Pending calculation
107498,UGIFT-107526,"VRLA sealed batteries 12V, 200AH RIesh",PENDING VALUATION,Pending valuation,PENDING CLASSIFICATION,44621,Pending calculation,Pending calculation
107499,UGIFT-107527,Wiring and accessories,PENDING VALUATION,Pending valuation,PENDING CLASSIFICATION,44621,Pending calculation,Pending calculation
107500,UGIFT-107528,Earthing system,PENDING VALUATION,Pending valuation,PENDING CLASSIFICATION,44621,Pending calculation,Pending calculation
107501,UGIFT-107529,Lightning protection system,PENDING VALUATION,Pending valuation,PENDING CLASSIFICATION,44621,Pending calculation,Pending calculation
107502,UGIFT-107530,LED lights,PENDING VALUATION,Pending valuation,PENDING CLASSIFICATION,44621,Pending calculation,Pending calculation
107506,UGIFT-107534,Irrigation system,PENDING VALUATION,Pending valuation,PENDING CLASSIFICATION,44621,Pending calculation,Pending calculation
107527,UGIFT-107555,AC,PENDING VALUATION,Pending valuation,PENDING CLASSIFICATION,44621,Pending calculation,Pending calculation
107528,UGIFT-107556,AC,PENDING VALUATION,Pending valuation,PENDING CLASSIFICATION,44621,Pending calculation,Pending calculation
107529,UGIFT-107557,AC,PENDING VALUATION,Pending valuation,PENDING CLASSIFICATION,44621,Pending calculation,Pending calculation
107530,UGIFT-107558,AC,PENDING VALUATION,Pending valuation,PENDING CLASSIFICATION,44621,Pending calculation,Pending calculation
107534,UGIFT-107562,Network engineering,PENDING VALUATION,Pending valuation,PENDING CLASSIFICATION,44621,Pending calculation,Pending calculation
107559,UGIFT-107587,Power controller (8),PENDING VALUATION,Pending valuation,PENDING CLASSIFICATION,44621,Pending calculation,Pending calculation
107565,UGIFT-107593,Sciences,PENDING VALUATION,Pending valuation,PENDING CLASSIFICATION,44621,Pending calculation,Pending calculation
107566,UGIFT-107594,Sciences,PENDING VALUATION,Pending valuation,PENDING CLASSIFICATION,44621,Pending calculation,Pending calculation
107567,UGIFT-107595,Sciences,PENDING VALUATION,Pending valuation,PENDING CLASSIFICATION,44621,Pending calculation,Pending calculation
107568,UGIFT-107596,Sciences,PENDING VALUATION,Pending valuation,PENDING CLASSIFICATION,44621,Pending calculation,Pending calculation
107569,UGIFT-107597,ICT,PENDING VALUATION,Pending valuation,PENDING CLASSIFICATION,44621,Pending calculation,Pending calculation
107592,UGIFT-107620,Field,PENDING VALUATION,Pending valuation,PENDING CLASSIFICATION,44621,Pending calculation,Pending calculation
108005,UGIFT-108033,Auto Clean Tubo cleaning,PENDING VALUATION,Pending valuation,PENDING CLASSIFICATION,45923,Pending calculation,Pending calculation
108009,UGIFT-108037,Assorted materials,PENDING VALUATION,Pending valuation,PENDING CLASSIFICATION,45923,Pending calculation,Pending calculation
108010,UGIFT-108038,Nuha PBC trunking 100x50,PENDING VALUATION,Pending valuation,PENDING CLASSIFICATION,45923,Pending calculation,Pending calculation
108011,UGIFT-108039,Nuha PBC trunking 100x50,PENDING VALUATION,Pending valuation,PENDING CLASSIFICATION,45923,Pending calculation,Pending calculation
108012,UGIFT-108040,Nuha PBC trunking 100x50,PENDING VALUATION,Pending valuation,PENDING CLASSIFICATION,45923,Pending calculation,Pending calculation
108013,UGIFT-108041,Nuha PBC trunking 100x50,PENDING VALUATION,Pending valuation,PENDING CLASSIFICATION,45923,Pending calculation,Pending calculation
108014,UGIFT-108042,Nuha PBC trunking 100x50,PENDING VALUATION,Pending valuation,PENDING CLASSIFICATION,45923,Pending calculation,Pending calculation
108015,UGIFT-108043,Nuha PBC trunking 100x50,PENDING VALUATION,Pending valuation,PENDING CLASSIFICATION,45923,Pending calculation,Pending calculation
108016,UGIFT-108044,Nuha PBC trunking 100x50,PENDING VALUATION,Pending valuation,PENDING CLASSIFICATION,45923,Pending calculation,Pending calculation
108017,UGIFT-108045,Nuha PBC trunking 100x50,PENDING VALUATION,Pending valuation,PENDING CLASSIFICATION,45923,Pending calculation,Pending calculation
108018,UGIFT-108046,Nuha PBC trunking 100x50,PENDING VALUATION,Pending valuation,PENDING CLASSIFICATION,45923,Pending calculation,Pending calculation
108019,UGIFT-108047,Nuha PBC trunking 100x50,PENDING VALUATION,Pending valuation,PENDING CLASSIFICATION,45923,Pending calculation,Pending calculation
108020,UGIFT-108048,Nuha PBC trunking 100x50,PENDING VALUATION,Pending valuation,PENDING CLASSIFICATION,45923,Pending calculation,Pending calculation
108021,UGIFT-108049,Atel Flow PBC trunking F/TIKIU,PENDING VALUATION,Pending valuation,PENDING CLASSIFICATION,45923,Pending calculation,Pending calculation
108022,UGIFT-108050,Atel Flow PBC trunking F/TIKIU,PENDING VALUATION,Pending valuation,PENDING CLASSIFICATION,45923,Pending calculation,Pending calculation
108023,UGIFT-108051,Atel Flow PBC trunking F/TIKIU,PENDING VALUATION,Pending valuation,PENDING CLASSIFICATION,45923,Pending calculation,Pending calculation
108113,UGIFT-108141,Pitch with goal posts,PENDING VALUATION,Pending valuation,MACHINERY AND EQUIPMENT,44621,Pending calculation,Pending calculation
110502,UGIFT-110530,Network 24 port,PENDING VALUATION,Pending valuation,PENDING CLASSIFICATION,45809,Pending calculation,Pending calculation
110555,UGIFT-110583,Audio Visual Equipment,PENDING VALUATION,Pending valuation,MACHINERY AND EQUIPMENT,45809,Pending calculation,Pending calculation
111272,UGIFT-111300,Air Conditioner,PENDING VERIFICATION,5000000,MACHINERY AND EQUIPMENT,46174,Pending verification,Pending verification
111276,UGIFT-111304,Classroom Block,PENDING REVIEW,0,BUILDINGS AND STRUCTURES,Commissioning status unresolved,Pending calculation,Pending calculation
111277,UGIFT-111305,Classroom Block,PENDING REVIEW,0,BUILDINGS AND STRUCTURES,Commissioning status unresolved,Pending calculation,Pending calculation
111278,UGIFT-111306,Classroom Block,PENDING REVIEW,0,BUILDINGS AND STRUCTURES,Commissioning status unresolved,Pending calculation,Pending calculation
111290,UGIFT-111318,School pitch/field,PENDING VALUATION,Pending valuation,MACHINERY AND EQUIPMENT,46204,Pending calculation,Pending calculation
112176,UGIFT-112204,Hand Washing Equipment,PENDING REVIEW,100000,PENDING CLASSIFICATION,40360,100000.0,0.0
112205,UGIFT-112233,Ambo Bag,CAPITALIZED,250000,PENDING CLASSIFICATION,40360,250000.0,0.0
112236,UGIFT-112264,Kasasira Primary School,PENDING REVIEW,90000000,PENDING CLASSIFICATION,40360,90000000.0,0.0
112237,UGIFT-112265,Kasasira Primary School,PENDING REVIEW,140000000,PENDING CLASSIFICATION,40360,140000000.0,0.0
112238,UGIFT-112266,Kabweri Primary School,PENDING REVIEW,120000000,PENDING CLASSIFICATION,40360,120000000.0,0.0
112239,UGIFT-112267,Kabweri Primary School,PENDING REVIEW,5000000,PENDING CLASSIFICATION,40360,5000000.0,0.0
112240,UGIFT-112268,Kabweri Primary School,PENDING REVIEW,70000000,PENDING CLASSIFICATION,40360,70000000.0,0.0
112241,UGIFT-112269,Kabweri Primary School,PENDING REVIEW,10000000,PENDING CLASSIFICATION,40360,10000000.0,0.0
112242,UGIFT-112270,Nalubembe Hciii,CAPITALIZED,50000000,PENDING CLASSIFICATION,40360,50000000.0,0.0
112243,UGIFT-112271,Nalubembe Hciii,CAPITALIZED,100000000,PENDING CLASSIFICATION,40360,100000000.0,0.0
112244,UGIFT-112272,Nalubembe Hciii,CAPITALIZED,120000000,PENDING CLASSIFICATION,40360,120000000.0,0.0
112245,UGIFT-112273,Nalubembe Hciii,CAPITALIZED,100000000,PENDING CLASSIFICATION,40360,100000000.0,0.0
112246,UGIFT-112274,Nalubembe Hciii,CAPITALIZED,5000000,PENDING CLASSIFICATION,40360,5000000.0,0.0
113339,UGIFT-113367,Desktops / monitors,PENDING VERIFICATION,3500000,MACHINERY AND EQUIPMENT,45778,Pending verification,Pending verification
113340,UGIFT-113368,Desktops / monitors,PENDING VERIFICATION,3500000,MACHINERY AND EQUIPMENT,45778,Pending verification,Pending verification
113341,UGIFT-113369,Desktops / monitors,PENDING VERIFICATION,3500000,MACHINERY AND EQUIPMENT,45778,Pending verification,Pending verification
113342,UGIFT-113370,Desktops / monitors,PENDING VERIFICATION,3500000,MACHINERY AND EQUIPMENT,45778,Pending verification,Pending verification
113343,UGIFT-113371,Desktops / monitors,PENDING VERIFICATION,3500000,MACHINERY AND EQUIPMENT,45778,Pending verification,Pending verification
113344,UGIFT-113372,Desktops / monitors,PENDING VERIFICATION,3500000,MACHINERY AND EQUIPMENT,45778,Pending verification,Pending verification
113345,UGIFT-113373,Desktops / monitors,PENDING VERIFICATION,3500000,MACHINERY AND EQUIPMENT,45778,Pending verification,Pending verification
113346,UGIFT-113374,Desktops / monitors,PENDING VERIFICATION,3500000,MACHINERY AND EQUIPMENT,45778,Pending verification,Pending verification
113870,UGIFT-113898,Desktop computers (CPUs),PENDING VERIFICATION,101429,MACHINERY AND EQUIPMENT,45806,Pending verification,Pending verification
113871,UGIFT-113899,Desktop computers (CPUs),PENDING VERIFICATION,101429,MACHINERY AND EQUIPMENT,45806,Pending verification,Pending verification
113872,UGIFT-113900,Desktop computers (CPUs),PENDING VERIFICATION,101429,MACHINERY AND EQUIPMENT,45806,Pending verification,Pending verification
113873,UGIFT-113901,Desktop computers (CPUs),PENDING VERIFICATION,101429,MACHINERY AND EQUIPMENT,45806,Pending verification,Pending verification
113874,UGIFT-113902,Desktop computers (CPUs),PENDING VERIFICATION,101429,MACHINERY AND EQUIPMENT,45806,Pending verification,Pending verification
113875,UGIFT-113903,Desktop computers (CPUs),PENDING VERIFICATION,101429,MACHINERY AND EQUIPMENT,45806,Pending verification,Pending verification
113876,UGIFT-113904,Desktop computers (CPUs),PENDING VERIFICATION,101429,MACHINERY AND EQUIPMENT,45806,Pending verification,Pending verification
113877,UGIFT-113905,Desktop computers (CPUs),PENDING VERIFICATION,101429,MACHINERY AND EQUIPMENT,45806,Pending verification,Pending verification
113878,UGIFT-113906,Desktop computers (CPUs),PENDING VERIFICATION,101429,MACHINERY AND EQUIPMENT,45806,Pending verification,Pending verification
113879,UGIFT-113907,Desktop computers (CPUs),PENDING VERIFICATION,101429,MACHINERY AND EQUIPMENT,45806,Pending verification,Pending verification
113880,UGIFT-113908,Desktop computers (CPUs),PENDING VERIFICATION,101429,MACHINERY AND EQUIPMENT,45806,Pending verification,Pending verification
113881,UGIFT-113909,Desktop computers (CPUs),PENDING VERIFICATION,101429,MACHINERY AND EQUIPMENT,45806,Pending verification,Pending verification
113882,UGIFT-113910,Desktop computers (CPUs),PENDING VERIFICATION,101429,MACHINERY AND EQUIPMENT,45806,Pending verification,Pending verification
113883,UGIFT-113911,Desktop computers (CPUs),PENDING VERIFICATION,101429,MACHINERY AND EQUIPMENT,45806,Pending verification,Pending verification
113884,UGIFT-113912,Desktop computers (CPUs),PENDING VERIFICATION,101429,MACHINERY AND EQUIPMENT,45806,Pending verification,Pending verification
113885,UGIFT-113913,Desktop computers (CPUs),PENDING VERIFICATION,101429,MACHINERY AND EQUIPMENT,45806,Pending verification,Pending verification
113886,UGIFT-113914,Desktop computers (CPUs),PENDING VERIFICATION,101429,MACHINERY AND EQUIPMENT,45806,Pending verification,Pending verification
113887,UGIFT-113915,Desktop computers (CPUs),PENDING VERIFICATION,101429,MACHINERY AND EQUIPMENT,45806,Pending verification,Pending verification
113888,UGIFT-113916,Desktop computers (CPUs),PENDING VERIFICATION,101429,MACHINERY AND EQUIPMENT,45806,Pending verification,Pending verification
113889,UGIFT-113917,Desktop computers (CPUs),PENDING VERIFICATION,101429,MACHINERY AND EQUIPMENT,45806,Pending verification,Pending verification
113895,UGIFT-113923,Internet WAN Link,PENDING VALUATION,Pending valuation,PENDING CLASSIFICATION,45806,Pending calculation,Pending calculation
113915,UGIFT-113943,Ice- Liner,NOT CAPITALIZED,0,PENDING CLASSIFICATION,40192,0,0
113916,UGIFT-113944,Electrolux,CAPITALIZED,2500000,PENDING CLASSIFICATION,40192,2500000.0,0.0
113917,UGIFT-113945,Vls,NOT CAPITALIZED,0,PENDING CLASSIFICATION,40192,0,0
113918,UGIFT-113946,Electrolux,CAPITALIZED,2500000,PENDING CLASSIFICATION,40192,2500000.0,0.0
113920,UGIFT-113948,Electrolux,CAPITALIZED,2500000,PENDING CLASSIFICATION,40192,2500000.0,0.0
113921,UGIFT-113949,Electrolux,CAPITALIZED,2500000,PENDING CLASSIFICATION,40192,2500000.0,0.0
113922,UGIFT-113950,Dometic,NOT CAPITALIZED,0,PENDING CLASSIFICATION,40192,0,0
113923,UGIFT-113951,Dometic,NOT CAPITALIZED,0,PENDING CLASSIFICATION,40192,0,0
113988,UGIFT-114016,Image runner canon copier,CAPITALIZED,3500000,PENDING CLASSIFICATION,43831,3500000.0,0.0
113989,UGIFT-114017,Mower,CAPITALIZED,500000,PENDING CLASSIFICATION,43837,500000.0,0.0
113990,UGIFT-114018,OUT PATIENT DEPT (OPD)-Old,CAPITALIZED,60000000,PENDING CLASSIFICATION,40185,60000000.0,0.0
114539,UGIFT-114567,B.P. Machine (Aneroid wall mounted),PENDING VERIFICATION,300000,MACHINERY AND EQUIPMENT,45809,Pending verification,Pending verification
114612,UGIFT-114640,Audio Visual Equipment,PENDING VALUATION,Pending valuation,MACHINERY AND EQUIPMENT,40179,Pending calculation,Pending calculation
114613,UGIFT-114641,Audio Visual Equipment,PENDING VALUATION,Pending valuation,MACHINERY AND EQUIPMENT,40179,Pending calculation,Pending calculation
114614,UGIFT-114642,Audio Visual Equipment,PENDING VALUATION,Pending valuation,MACHINERY AND EQUIPMENT,40179,Pending calculation,Pending calculation
114615,UGIFT-114643,Audio Visual Equipment,PENDING VALUATION,Pending valuation,MACHINERY AND EQUIPMENT,40179,Pending calculation,Pending calculation
114616,UGIFT-114644,Audio Visual Equipment,PENDING VALUATION,Pending valuation,MACHINERY AND EQUIPMENT,40179,Pending calculation,Pending calculation
114699,UGIFT-114727,MVA Kit,PENDING VERIFICATION,153523,MACHINERY AND EQUIPMENT,45901,Pending verification,Pending verification
114783,UGIFT-114811,"Stove, Gas",PENDING VERIFICATION,504000,MACHINERY AND EQUIPMENT,45809,Pending verification,Pending verification
114788,UGIFT-114816,"Weighing Scale, Toddler",PENDING VERIFICATION,300000,MACHINERY AND EQUIPMENT,45901,Pending verification,Pending verification
114789,UGIFT-114817,Wheel Chair,PENDING VERIFICATION,375000,MACHINERY AND EQUIPMENT,44866,Pending verification,Pending verification
114790,UGIFT-114818,Wheel Chair,PENDING VERIFICATION,375000,MACHINERY AND EQUIPMENT,44866,Pending verification,Pending verification
114791,UGIFT-114819,Audio Visual Equipment,PENDING VERIFICATION,Pending valuation,MACHINERY AND EQUIPMENT,40179,Pending verification,Pending verification
114874,UGIFT-114902,"Instrument set, ENT Basic for HCIII",PENDING VERIFICATION,1681680,MACHINERY AND EQUIPMENT,45809,Pending verification,Pending verification
114908,UGIFT-114936,ESR Stand,PENDING VERIFICATION,150000,MACHINERY AND EQUIPMENT,45962,Pending verification,Pending verification
114912,UGIFT-114940,Glucometer,PENDING VERIFICATION,150000,MACHINERY AND EQUIPMENT,45809,Pending verification,Pending verification
114913,UGIFT-114941,"Haemoglobin Meter, Digital",PENDING VERIFICATION,752720,MACHINERY AND EQUIPMENT,45809,Pending verification,Pending verification
114918,UGIFT-114946,Otoscope,PENDING VERIFICATION,284480,MACHINERY AND EQUIPMENT,45901,Pending verification,Pending verification
114935,UGIFT-114963,Audio Visual Equipment,PENDING VALUATION,Pending valuation,MACHINERY AND EQUIPMENT,40179,Pending calculation,Pending calculation
115018,UGIFT-115046,Bubble CPAP,PENDING VERIFICATION,5058800,MACHINERY AND EQUIPMENT,45901,Pending verification,Pending verification
115021,UGIFT-115049,"Haemoglobin Meter, Sahli",PENDING VERIFICATION,825710,MACHINERY AND EQUIPMENT,45901,Pending verification,Pending verification
115022,UGIFT-115050,Delivery Bed,PENDING VERIFICATION,500000,MACHINERY AND EQUIPMENT,42370,Pending verification,Pending verification
115026,UGIFT-115054,"Instrument set, ENT Basic for HCIII",PENDING VERIFICATION,1681680,MACHINERY AND EQUIPMENT,45809,Pending verification,Pending verification
115098,UGIFT-115126,Audio Visual Equipment,PENDING VALUATION,Pending valuation,MACHINERY AND EQUIPMENT,40179,Pending calculation,Pending calculation
115099,UGIFT-115127,Audio Visual Equipment,PENDING VALUATION,Pending valuation,MACHINERY AND EQUIPMENT,40179,Pending calculation,Pending calculation
115150,UGIFT-115178,"Resuscitator Manual, Infant, with all Mask sizes",PENDING VERIFICATION,0,MACHINERY AND EQUIPMENT,40179,Pending verification,Pending verification
115151,UGIFT-115179,"Suction Apparatus, (Electric) (02 delivered; 01 given out to Masafu)",PENDING VALUATION,Pending valuation,PENDING CLASSIFICATION,40179,Pending calculation,Pending calculation
115190,UGIFT-115218,Radiant Infant Warmer,PENDING VERIFICATION,16800000,MACHINERY AND EQUIPMENT,45901,Pending verification,Pending verification
115253,UGIFT-115281,Stretcher,PENDING VERIFICATION,2240000,MACHINERY AND EQUIPMENT,45901,Pending verification,Pending verification
115286,Lot 1221/1/906,"Hollow Ware Set, Treatment",PENDING VERIFICATION,2255101,MACHINERY AND EQUIPMENT,45962,Pending verification,Pending verification
115341,UGIFT-115369,"Haemoglobin Meter, Sahli",PENDING VERIFICATION,825710,MACHINERY AND EQUIPMENT,45901,Pending verification,Pending verification
115345,UGIFT-115373,Incubator (None),PENDING VERIFICATION,500000,MACHINERY AND EQUIPMENT,43831,Pending verification,Pending verification
115626,UGIFT-115654,Patient Trolley,PENDING VERIFICATION,2493423,MACHINERY AND EQUIPMENT,45901,Pending verification,Pending verification
115637,UGIFT-115665,"Weighing Scale, Infant",PENDING VERIFICATION,250000,MACHINERY AND EQUIPMENT,45901,Pending verification,Pending verification
115638,UGIFT-115666,"Weighing Scale, Infant",PENDING VERIFICATION,250000,MACHINERY AND EQUIPMENT,45901,Pending verification,Pending verification
115642,UGIFT-115670,Audio Visual Equipment,NOT RECOGNIZED,Pending valuation,MACHINERY AND EQUIPMENT,Not applicable - not received,0,0
115650,UGIFT-115678,Diagnostic Equipment Set for MCH (2 sets),PENDING VERIFICATION,357903,MACHINERY AND EQUIPMENT,45658,Pending verification,Pending verification
115651,UGIFT-115679,Diagnostic Equipment Set for MCH (2 sets),PENDING VERIFICATION,357903,MACHINERY AND EQUIPMENT,45658,Pending verification,Pending verification
115658,UGIFT-115686,"Instrument Set, Basic ENT",PENDING VERIFICATION,2016000,MACHINERY AND EQUIPMENT,45809,Pending verification,Pending verification
115659,UGIFT-115687,"Instrument Set, Basic ENT",PENDING VERIFICATION,2016000,MACHINERY AND EQUIPMENT,45809,Pending verification,Pending verification
115660,UGIFT-115688,"Instrument Set, Basic ENT",PENDING VERIFICATION,2016000,MACHINERY AND EQUIPMENT,45809,Pending verification,Pending verification
115687,UGIFT-115715,"Suction Apparatus, (Electric)",PENDING VERIFICATION,1096680,MACHINERY AND EQUIPMENT,45901,Pending verification,Pending verification
115688,UGIFT-115716,"Suction Apparatus, (Electric)",PENDING VERIFICATION,1096680,MACHINERY AND EQUIPMENT,45901,Pending verification,Pending verification
115689,UGIFT-115717,"Nebulizer, Ultrasonic",PENDING VERIFICATION,392000,MACHINERY AND EQUIPMENT,45901,Pending verification,Pending verification
115709,UGIFT-115737,"Instrument Set, Stitch Removing",PENDING VERIFICATION,448000,MACHINERY AND EQUIPMENT,45901,Pending verification,Pending verification
115710,UGIFT-115738,"Instrument Set, Stitch Removing",PENDING VERIFICATION,448000,MACHINERY AND EQUIPMENT,45901,Pending verification,Pending verification
115711,UGIFT-115739,"Instrument Set, Stitch Removing",PENDING VERIFICATION,448000,MACHINERY AND EQUIPMENT,45901,Pending verification,Pending verification
115717,UGIFT-115745,Kangaroo Mother Care Chair,PENDING VERIFICATION,1590788,MACHINERY AND EQUIPMENT,45901,Pending verification,Pending verification
115722,UGIFT-115750,"Instrument set, ENT Basic for HCIII",PENDING VERIFICATION,1681680,MACHINERY AND EQUIPMENT,45809,Pending verification,Pending verification
115723,UGIFT-115751,"Instrument set, ENT Basic for HCIII",PENDING VERIFICATION,1681680,MACHINERY AND EQUIPMENT,45809,Pending verification,Pending verification
115724,UGIFT-115752,"Instrument set, ENT Basic for HCIII",PENDING VERIFICATION,1681680,MACHINERY AND EQUIPMENT,45809,Pending verification,Pending verification
116260,UGIFT-116288,CPU,PENDING VERIFICATION,552000,MACHINERY AND EQUIPMENT,45658,Pending verification,Pending verification
116261,UGIFT-116289,CPU,PENDING VERIFICATION,552000,MACHINERY AND EQUIPMENT,45658,Pending verification,Pending verification
116262,UGIFT-116290,CPU,PENDING VERIFICATION,552000,MACHINERY AND EQUIPMENT,45658,Pending verification,Pending verification
116263,UGIFT-116291,CPU,PENDING VERIFICATION,552000,MACHINERY AND EQUIPMENT,45658,Pending verification,Pending verification
116264,UGIFT-116292,CPU,PENDING VERIFICATION,552000,MACHINERY AND EQUIPMENT,45658,Pending verification,Pending verification
116265,UGIFT-116293,CPU,PENDING VERIFICATION,552000,MACHINERY AND EQUIPMENT,45658,Pending verification,Pending verification
116266,UGIFT-116294,CPU,PENDING VERIFICATION,552000,MACHINERY AND EQUIPMENT,45658,Pending verification,Pending verification
116267,UGIFT-116295,CPU,PENDING VERIFICATION,552000,MACHINERY AND EQUIPMENT,45658,Pending verification,Pending verification
116268,UGIFT-116296,CPU,PENDING VERIFICATION,552000,MACHINERY AND EQUIPMENT,45658,Pending verification,Pending verification
116269,UGIFT-116297,CPU,PENDING VERIFICATION,552000,MACHINERY AND EQUIPMENT,45658,Pending verification,Pending verification
116270,UGIFT-116298,CPU,PENDING VERIFICATION,552000,MACHINERY AND EQUIPMENT,45658,Pending verification,Pending verification
116271,UGIFT-116299,CPU,PENDING VERIFICATION,552000,MACHINERY AND EQUIPMENT,45658,Pending verification,Pending verification
116272,UGIFT-116300,CPU,PENDING VERIFICATION,552000,MACHINERY AND EQUIPMENT,45658,Pending verification,Pending verification
116273,UGIFT-116301,CPU,PENDING VERIFICATION,552000,MACHINERY AND EQUIPMENT,45658,Pending verification,Pending verification
116274,UGIFT-116302,CPU,PENDING VERIFICATION,552000,MACHINERY AND EQUIPMENT,45658,Pending verification,Pending verification
116275,UGIFT-116303,CPU,PENDING VERIFICATION,552000,MACHINERY AND EQUIPMENT,45658,Pending verification,Pending verification
116276,UGIFT-116304,CPU,PENDING VERIFICATION,552000,MACHINERY AND EQUIPMENT,45658,Pending verification,Pending verification
116277,UGIFT-116305,CPU,PENDING VERIFICATION,552000,MACHINERY AND EQUIPMENT,45658,Pending verification,Pending verification
116278,UGIFT-116306,CPU,PENDING VERIFICATION,552000,MACHINERY AND EQUIPMENT,45658,Pending verification,Pending verification
116279,UGIFT-116307,CPU,PENDING VERIFICATION,552000,MACHINERY AND EQUIPMENT,45658,Pending verification,Pending verification
116312,UGIFT-116340,Sc laboratory,PENDING VALUATION,Pending valuation,PENDING CLASSIFICATION,45658,Pending calculation,Pending calculation
116316,UGIFT-116344,Water Tanks,PENDING VERIFICATION,0,BUILDINGS AND STRUCTURES,Service date unconfirmed,Pending verification,Pending verification
116317,UGIFT-116345,Water Tanks,PENDING VERIFICATION,0,BUILDINGS AND STRUCTURES,Service date unconfirmed,Pending verification,Pending verification
116895,UGIFT-116923,Science laboratory,PENDING REVIEW,0,BUILDINGS AND STRUCTURES,Commissioning status unresolved,Pending calculation,Pending calculation
117161,UGIFT-117189,Desktop Computers,PENDING VERIFICATION,3000000,MACHINERY AND EQUIPMENT,45358,Pending verification,Pending verification
117162,UGIFT-117190,Desktop Computers,PENDING VERIFICATION,3000000,MACHINERY AND EQUIPMENT,45358,Pending verification,Pending verification
117163,UGIFT-117191,Desktop Computers,PENDING VERIFICATION,3000000,MACHINERY AND EQUIPMENT,45358,Pending verification,Pending verification
117164,UGIFT-117192,Desktop Computers,PENDING VERIFICATION,3000000,MACHINERY AND EQUIPMENT,45358,Pending verification,Pending verification
117165,UGIFT-117193,Desktop Computers,PENDING VERIFICATION,3000000,MACHINERY AND EQUIPMENT,45358,Pending verification,Pending verification
117166,UGIFT-117194,Desktop Computers,PENDING VERIFICATION,3000000,MACHINERY AND EQUIPMENT,45358,Pending verification,Pending verification
117167,UGIFT-117195,Desktop Computers,PENDING VERIFICATION,3000000,MACHINERY AND EQUIPMENT,45358,Pending verification,Pending verification
117168,UGIFT-117196,Desktop Computers,PENDING VERIFICATION,3000000,MACHINERY AND EQUIPMENT,45358,Pending verification,Pending verification
117169,UGIFT-117197,Desktop Computers,PENDING VERIFICATION,3000000,MACHINERY AND EQUIPMENT,45358,Pending verification,Pending verification
117170,UGIFT-117198,Desktop Computers,PENDING VERIFICATION,3000000,MACHINERY AND EQUIPMENT,45358,Pending verification,Pending verification
117171,UGIFT-117199,Desktop Computers,PENDING VERIFICATION,3000000,MACHINERY AND EQUIPMENT,45358,Pending verification,Pending verification
117172,UGIFT-117200,Desktop Computers,PENDING VERIFICATION,3000000,MACHINERY AND EQUIPMENT,45358,Pending verification,Pending verification
117173,UGIFT-117201,Desktop Computers,PENDING VERIFICATION,3000000,MACHINERY AND EQUIPMENT,45358,Pending verification,Pending verification
117174,UGIFT-117202,Desktop Computers,PENDING VERIFICATION,3000000,MACHINERY AND EQUIPMENT,45358,Pending verification,Pending verification
117175,UGIFT-117203,Desktop Computers,PENDING VERIFICATION,3000000,MACHINERY AND EQUIPMENT,45358,Pending verification,Pending verification
117176,UGIFT-117204,Desktop Computers,PENDING VERIFICATION,3000000,MACHINERY AND EQUIPMENT,45358,Pending verification,Pending verification
117177,UGIFT-117205,Desktop Computers,PENDING VERIFICATION,3000000,MACHINERY AND EQUIPMENT,45358,Pending verification,Pending verification
117178,UGIFT-117206,Desktop Computers,PENDING VERIFICATION,3000000,MACHINERY AND EQUIPMENT,45358,Pending verification,Pending verification
117179,UGIFT-117207,Desktop Computers,PENDING VERIFICATION,3000000,MACHINERY AND EQUIPMENT,45358,Pending verification,Pending verification
117180,UGIFT-117208,Desktop Computers,PENDING VERIFICATION,3000000,MACHINERY AND EQUIPMENT,45358,Pending verification,Pending verification
117181,UGIFT-117209,Desktop Computers,PENDING VERIFICATION,3000000,MACHINERY AND EQUIPMENT,45358,Pending verification,Pending verification
117182,UGIFT-117210,Desktop Computers,PENDING VERIFICATION,3000000,MACHINERY AND EQUIPMENT,45358,Pending verification,Pending verification
117183,UGIFT-117211,Desktop Computers,PENDING VERIFICATION,3000000,MACHINERY AND EQUIPMENT,45358,Pending verification,Pending verification
117184,UGIFT-117212,Desktop Computers,PENDING VERIFICATION,3000000,MACHINERY AND EQUIPMENT,45358,Pending verification,Pending verification
117185,UGIFT-117213,Desktop Computers,PENDING VERIFICATION,3000000,MACHINERY AND EQUIPMENT,45358,Pending verification,Pending verification
117186,UGIFT-117214,Desktop Computers,PENDING VERIFICATION,3000000,MACHINERY AND EQUIPMENT,45358,Pending verification,Pending verification
117187,UGIFT-117215,Desktop Computers,PENDING VERIFICATION,3000000,MACHINERY AND EQUIPMENT,45358,Pending verification,Pending verification
117188,UGIFT-117216,Desktop Computers,PENDING VERIFICATION,3000000,MACHINERY AND EQUIPMENT,45358,Pending verification,Pending verification
117189,UGIFT-117217,Lenovo Computer CPUs,PENDING VERIFICATION,698500,MACHINERY AND EQUIPMENT,45358,Pending verification,Pending verification
117195,UGIFT-117223,Air Conditioner,PENDING VERIFICATION,6784499,MACHINERY AND EQUIPMENT,45658,Pending verification,Pending verification
117196,UGIFT-117224,Server,PENDING VERIFICATION,6850000,MACHINERY AND EQUIPMENT,45444,Pending verification,Pending verification
117197,UGIFT-117225,CCTV,PENDING VERIFICATION,1200000,MACHINERY AND EQUIPMENT,45444,Pending verification,Pending verification
117214,3 blocks; S2 block Incomplete; S1 block Incomplete,Non Residential Building classroom,PENDING REVIEW,0,BUILDINGS AND STRUCTURES,Commissioning status unresolved,Pending calculation,Pending calculation
117217,UGIFT-117245,Science laboratory Incomplete,PENDING REVIEW,0,BUILDINGS AND STRUCTURES,Commissioning status unresolved,Pending calculation,Pending calculation
117220,UGIFT-117248,pit latrines Boys,PENDING REVIEW,0,BUILDINGS AND STRUCTURES,Commissioning status unresolved,Pending calculation,Pending calculation
117221,UGIFT-117249,pit latrines Girls,PENDING REVIEW,0,BUILDINGS AND STRUCTURES,Commissioning status unresolved,Pending calculation,Pending calculation
117902,UGIFT-117930,Water Tanks,PENDING REVIEW,0,BUILDINGS AND STRUCTURES,Commissioning status unresolved,Pending calculation,Pending calculation
117903,UGIFT-117931,stone pitch,PENDING VALUATION,Pending valuation,MACHINERY AND EQUIPMENT,45200,Pending calculation,Pending calculation
118500,UGIFT-118528,Server processor (1),PENDING VERIFICATION,7000000,MACHINERY AND EQUIPMENT,45658,Pending verification,Pending verification
118506,UGIFT-118534,science laboratory.,CAPITALIZED,185078565,PENDING CLASSIFICATION,43497,185078565.0,0.0
118520,UGIFT-118548,Extension,PENDING VALUATION,Pending valuation,PENDING CLASSIFICATION,44621,Pending calculation,Pending calculation
118806,UGIFT-118834,Beam Seating,CAPITALIZED,60000,PENDING CLASSIFICATION,40970,60000.0,0.0
118816,UGIFT-118844,Catlery Metalic Handler,CAPITALIZED,10000,PENDING CLASSIFICATION,40970,10000.0,0.0
118817,UGIFT-118845,Wooden Bid Box,CAPITALIZED,10000,PENDING CLASSIFICATION,40970,10000.0,0.0
118818,UGIFT-118846,Notice Boad Wooden,CAPITALIZED,10000,PENDING CLASSIFICATION,40970,10000.0,0.0
118831,UGIFT-118859,Court Hunger Wooden,CAPITALIZED,10000,PENDING CLASSIFICATION,40970,10000.0,0.0
118845,UGIFT-118873,Court Hunger,CAPITALIZED,10000,PENDING CLASSIFICATION,40970,10000.0,0.0
118949,UGIFT-118977,Notice Biard,CAPITALIZED,10000,PENDING CLASSIFICATION,40970,10000.0,0.0
118952,UGIFT-118980,Wooden Court Handler,NOT CAPITALIZED,0,PENDING CLASSIFICATION,40970,0,0
119110,UGIFT-119138,Malaria Board,PENDING VALUATION,Pending valuation,PENDING CLASSIFICATION,40969,Pending calculation,Pending calculation
119237,UGIFT-119265,Dispensing Tray,PENDING VALUATION,Pending valuation,PENDING CLASSIFICATION,40969,Pending calculation,Pending calculation
119310,UGIFT-119338,Incenerator,CIP,Pending valuation,PENDING CLASSIFICATION,Not yet in service,0,0
119312,UGIFT-119340,Medical Pit,PENDING VALUATION,Pending valuation,PENDING CLASSIFICATION,40969,Pending calculation,Pending calculation
119391,UGIFT-119419,Audio Visual Equipment,PENDING VALUATION,Pending valuation,MACHINERY AND EQUIPMENT,40969,Pending calculation,Pending calculation
119559,9,ICT Lab,PENDING VALUATION,Pending valuation,PENDING CLASSIFICATION,44340,Pending calculation,Pending calculation
119619,23,ICT,PENDING REVIEW,1000000,PENDING CLASSIFICATION,44367,1000000.0,0.0
120077,23,Regulator,PENDING VALUATION,Pending valuation,PENDING CLASSIFICATION,45474,Pending calculation,Pending calculation
120078,24,Manifold,PENDING VALUATION,Pending valuation,PENDING CLASSIFICATION,45474,Pending calculation,Pending calculation
121787,,Shower rose,PENDING VALUATION,Pending valuation,PENDING CLASSIFICATION,45474,Pending calculation,Pending calculation
121788,,Shower rose,PENDING VALUATION,Pending valuation,PENDING CLASSIFICATION,45474,Pending calculation,Pending calculation
121799,,Shower rose,PENDING VALUATION,Pending valuation,PENDING CLASSIFICATION,45474,Pending calculation,Pending calculation
121800,,Shower rose,PENDING VALUATION,Pending valuation,PENDING CLASSIFICATION,45474,Pending calculation,Pending calculation
121811,,Shower rose,PENDING VALUATION,Pending valuation,PENDING CLASSIFICATION,45474,Pending calculation,Pending calculation
121812,,Shower rose,PENDING VALUATION,Pending valuation,PENDING CLASSIFICATION,45474,Pending calculation,Pending calculation
123213,23,Regulator,PENDING VALUATION,Pending valuation,PENDING CLASSIFICATION,45474,Pending calculation,Pending calculation
123214,24,Manifold,PENDING VALUATION,Pending valuation,PENDING CLASSIFICATION,45474,Pending calculation,Pending calculation
124914,,Shower rose,PENDING VALUATION,Pending valuation,PENDING CLASSIFICATION,45474,Pending calculation,Pending calculation
124915,,Shower rose,PENDING VALUATION,Pending valuation,PENDING CLASSIFICATION,45474,Pending calculation,Pending calculation
124926,,Shower rose,PENDING VALUATION,Pending valuation,PENDING CLASSIFICATION,45474,Pending calculation,Pending calculation
124927,,Shower rose,PENDING VALUATION,Pending valuation,PENDING CLASSIFICATION,45474,Pending calculation,Pending calculation
124938,,Shower rose,PENDING VALUATION,Pending valuation,PENDING CLASSIFICATION,45474,Pending calculation,Pending calculation
124939,,Shower rose,PENDING VALUATION,Pending valuation,PENDING CLASSIFICATION,45474,Pending calculation,Pending calculation
126459,UGIFT-126487,Sound system,PENDING VALUATION,Pending valuation,PENDING CLASSIFICATION,46054,Pending calculation,Pending calculation
126574,UGIFT-126602,"Hollow Ware Set, Treatment",PENDING VERIFICATION,2255101,MACHINERY AND EQUIPMENT,45962,Pending verification,Pending verification
126582,UGIFT-126610,"Pulse Oximeter, Hand held",PENDING VERIFICATION,590000,MACHINERY AND EQUIPMENT,46082,Pending verification,Pending verification
126583,UGIFT-126611,"Pulse Oximeter, Hand held",PENDING VERIFICATION,590000,MACHINERY AND EQUIPMENT,46082,Pending verification,Pending verification
126633,UGIFT-126661,"Resuscitator Manual, Infant, with all Mask sizes",PENDING VERIFICATION,0,MACHINERY AND EQUIPMENT,46054,Pending verification,Pending verification
126638,UGIFT-126666,"Suction Apparatus, (Electric)",PENDING VERIFICATION,1096680,MACHINERY AND EQUIPMENT,46082,Pending verification,Pending verification
127587,UGIFT-127615,Multipurpose Printer,PENDING VERIFICATION,1200000,MACHINERY AND EQUIPMENT,46054,Pending verification,Pending verification
127633,UGIFT-127661,Science Laboratory,CAPITALIZED,185078565,PENDING CLASSIFICATION,43497,70946783.0,2313482.0
127649,UGIFT-127677,Counting chamber Neubauer- Improved,PENDING VERIFICATION,120000,MACHINERY AND EQUIPMENT,45809,Pending verification,Pending verification
127650,UGIFT-127678,Counting chamber Neubauer- Improved,PENDING VERIFICATION,120000,MACHINERY AND EQUIPMENT,45809,Pending verification,Pending verification
127700,UGIFT-127728,Audio Visual Equipment,NOT RECOGNIZED,Pending valuation,MACHINERY AND EQUIPMENT,Not applicable - not received,0,0
127711,UGIFT-127739,Diagnostic Equipment Set for OPD,PENDING VERIFICATION,1100000,MACHINERY AND EQUIPMENT,45962,Pending verification,Pending verification
127713,UGIFT-127741,"Hollow Ware Set, Treatment",PENDING VERIFICATION,2255101,MACHINERY AND EQUIPMENT,45962,Pending verification,Pending verification
127872,UGIFT-127900,Stamp/pad,CAPITALIZED,100000,PENDING CLASSIFICATION,43525,100000.0,0.0
127901,UGIFT-127929,HB Machine,PENDING REVIEW,80000,PENDING CLASSIFICATION,44837,64000.0,4000.0
127945,UGIFT-127973,Specimen Carrier,CAPITALIZED,70000,PENDING CLASSIFICATION,45200,42000.0,3500.0
127985,UGIFT-128013,Humidifier Bottle,CAPITALIZED,20000,PENDING CLASSIFICATION,45083,13333.0,1000.0
127986,UGIFT-128014,Humidifier Bottle,CAPITALIZED,20000,PENDING CLASSIFICATION,45083,13333.0,1000.0
127987,UGIFT-128015,Humidifier Bottle,CAPITALIZED,20000,PENDING CLASSIFICATION,45083,13333.0,1000.0
127988,UGIFT-128016,Humidifier Bottle,CAPITALIZED,20000,PENDING CLASSIFICATION,45083,13333.0,1000.0
127989,UGIFT-128017,Humidifier Bottle,CAPITALIZED,20000,PENDING CLASSIFICATION,45083,13333.0,1000.0
127990,UGIFT-128018,Humidifier Bottle,CAPITALIZED,20000,PENDING CLASSIFICATION,45083,13333.0,1000.0
128091,UGIFT-128119,Saction Apparatus,CAPITALIZED,80000,PENDING CLASSIFICATION,45083,53333.0,4000.0
128110,UGIFT-128138,"Lotion Bowel, 150MM, 500 Mls",CAPITALIZED,20000,PENDING CLASSIFICATION,45093,13333.0,1000.0
128111,UGIFT-128139,"Lotion Bowel, 150MM, 500 Mls",CAPITALIZED,20000,PENDING CLASSIFICATION,45093,13333.0,1000.0
128112,UGIFT-128140,"Lotion Bowel, 150MM, 500 Mls",CAPITALIZED,20000,PENDING CLASSIFICATION,45093,13333.0,1000.0
128113,UGIFT-128141,"Lotion Bowel, 150MM, 500 Mls",CAPITALIZED,20000,PENDING CLASSIFICATION,45093,13333.0,1000.0
128114,UGIFT-128142,"Lotion Bowel, 150MM, 500 Mls",CAPITALIZED,20000,PENDING CLASSIFICATION,45093,13333.0,1000.0
128120,UGIFT-128148,"Kidney Lotion Bowel, 4 Litres",CAPITALIZED,30000,PENDING CLASSIFICATION,45093,20000.0,1500.0
128121,UGIFT-128149,"Kidney Lotion Bowel, 4 Litres",CAPITALIZED,30000,PENDING CLASSIFICATION,45093,20000.0,1500.0
128122,UGIFT-128150,"Kidney Lotion Bowel, 4 Litres",CAPITALIZED,30000,PENDING CLASSIFICATION,45093,20000.0,1500.0
128135,UGIFT-128163,Mettalic Urinary Pan,CAPITALIZED,40000,PENDING CLASSIFICATION,45093,26667.0,2000.0
128136,UGIFT-128164,Mettalic Urinary Pan,CAPITALIZED,40000,PENDING CLASSIFICATION,45093,26667.0,2000.0
128137,UGIFT-128165,Mettalic Urinary Pan,CAPITALIZED,40000,PENDING CLASSIFICATION,45093,26667.0,2000.0
128138,UGIFT-128166,Mettalic Urinary Pan,CAPITALIZED,40000,PENDING CLASSIFICATION,45093,26667.0,2000.0
128139,UGIFT-128167,Mettalic Urinary Pan,CAPITALIZED,40000,PENDING CLASSIFICATION,45093,26667.0,2000.0
128145,UGIFT-128173,"Lotion Bowel 100MM, 200 Mls",CAPITALIZED,30000,PENDING CLASSIFICATION,45093,20000.0,1500.0
128146,UGIFT-128174,"Lotion Bowel 100MM, 200 Mls",CAPITALIZED,30000,PENDING CLASSIFICATION,45093,20000.0,1500.0
128147,UGIFT-128175,"Lotion Bowel 100MM, 200 Mls",CAPITALIZED,30000,PENDING CLASSIFICATION,45093,20000.0,1500.0
128148,UGIFT-128176,"Lotion Bowel 100MM, 200 Mls",CAPITALIZED,30000,PENDING CLASSIFICATION,45093,20000.0,1500.0
128149,UGIFT-128177,"Lotion Bowel 100MM, 200 Mls",CAPITALIZED,30000,PENDING CLASSIFICATION,45093,20000.0,1500.0
128150,UGIFT-128178,"Lotion Bowel 100MM, 200 Mls",CAPITALIZED,30000,PENDING CLASSIFICATION,45093,20000.0,1500.0
128151,UGIFT-128179,"Lotion Bowel 100MM, 200 Mls",CAPITALIZED,30000,PENDING CLASSIFICATION,45093,20000.0,1500.0
128152,UGIFT-128180,"Lotion Bowel 100MM, 200 Mls",CAPITALIZED,30000,PENDING CLASSIFICATION,45093,20000.0,1500.0
128170,UGIFT-128198,Digital Thermometer,PENDING VERIFICATION,10000,MACHINERY AND EQUIPMENT,45093,Pending verification,Pending verification
128173,UGIFT-128201,Purcussion Harmmer,CAPITALIZED,30000,PENDING CLASSIFICATION,45093,20000.0,1500.0
128174,UGIFT-128202,Protoscope,CAPITALIZED,50000,PENDING CLASSIFICATION,45093,33333.0,2500.0
128177,UGIFT-128205,Opathalmoscope,CAPITALIZED,70000,PENDING CLASSIFICATION,45093,46667.0,3500.0
128215,UGIFT-128243,Mayo Curved Scirror 150MM,CAPITALIZED,20000,PENDING CLASSIFICATION,45128,13000.0,1000.0
128216,UGIFT-128244,Mayo Curved Scirror 150MM,CAPITALIZED,20000,PENDING CLASSIFICATION,45128,13000.0,1000.0
128217,UGIFT-128245,Mayo Curved Scirror 150MM,CAPITALIZED,20000,PENDING CLASSIFICATION,45128,13000.0,1000.0
128218,UGIFT-128246,Mayo Curved Scirror 150MM,CAPITALIZED,20000,PENDING CLASSIFICATION,45128,13000.0,1000.0
128298,UGIFT-128326,Ers Stand,CAPITALIZED,30000,PENDING CLASSIFICATION,45810,8000.0,1500.0
128311,UGIFT-128339,Autoscope,CAPITALIZED,100000,PENDING CLASSIFICATION,45810,26667.0,5000.0
128363,UGIFT-128391,Baby Coat,CAPITALIZED,100000,PENDING CLASSIFICATION,45810,26667.0,5000.0
128364,UGIFT-128392,Baby Coat,CAPITALIZED,100000,PENDING CLASSIFICATION,45810,26667.0,5000.0
128365,UGIFT-128393,Baby Coat,CAPITALIZED,100000,PENDING CLASSIFICATION,45810,26667.0,5000.0
128366,UGIFT-128394,Baby Coat,CAPITALIZED,100000,PENDING CLASSIFICATION,45810,26667.0,5000.0
128367,UGIFT-128395,Baby Coat,CAPITALIZED,100000,PENDING CLASSIFICATION,45810,26667.0,5000.0
128384,UGIFT-128412,Digital HB Metres,CAPITALIZED,100000,PENDING CLASSIFICATION,45810,26667.0,5000.0
128432,UGIFT-128460,70X300M,CAPITALIZED,20000000,PENDING CLASSIFICATION,45809,5333333.0,1000000.0
128440,UGIFT-128468,4 1 Bedroom Staff Unit,CAPITALIZED,40000000,PENDING CLASSIFICATION,45809,10666667.0,2000000.0
128452,UGIFT-128480,Counting chamber Neubauer- Improved,PENDING VERIFICATION,120000,MACHINERY AND EQUIPMENT,45809,Pending verification,Pending verification
128466,UGIFT-128494,ESR Stand,PENDING VERIFICATION,150000,MACHINERY AND EQUIPMENT,45962,Pending verification,Pending verification
128474,UGIFT-128502,"Haemoglobin Meter, Digital",PENDING VERIFICATION,752720,MACHINERY AND EQUIPMENT,45809,Pending verification,Pending verification
128480,UGIFT-128508,Microscope Binocular,PENDING VERIFICATION,3540000,MACHINERY AND EQUIPMENT,44835,Pending verification,Pending verification
128486,UGIFT-128514,Patient Trolley,PENDING VERIFICATION,2423000,MACHINERY AND EQUIPMENT,45810,Pending verification,Pending verification
128500,UGIFT-128528,Wheel Chair,PENDING VERIFICATION,20000,MACHINERY AND EQUIPMENT,45128,Pending verification,Pending verification
128501,UGIFT-128529,Audio Visual Equipment,PENDING VALUATION,Pending valuation,MACHINERY AND EQUIPMENT,45809,Pending calculation,Pending calculation
128537,UGIFT-128565,"Delivery Bed, Hydraulic Manual",PENDING VERIFICATION,0,MACHINERY AND EQUIPMENT,45809,Pending verification,Pending verification
128573,UGIFT-128601,"Stool, Laboratory",PENDING VERIFICATION,388056,MACHINERY AND EQUIPMENT,45778,Pending verification,Pending verification
128584,UGIFT-128612,"Haemoglobin Meter, Sahli",PENDING VERIFICATION,825710,MACHINERY AND EQUIPMENT,45901,Pending verification,Pending verification
129163,UGIFT-129191,Reception Lounge,PENDING VALUATION,Pending valuation,PENDING CLASSIFICATION,46058,Pending calculation,Pending calculation
129298,UGIFT-129326,Audio Visual Equipment,PENDING VALUATION,Pending valuation,MACHINERY AND EQUIPMENT,43983,Pending calculation,Pending calculation
129814,UGIFT-129842,Audio Visual Equipment,PENDING VALUATION,Pending valuation,MACHINERY AND EQUIPMENT,45292,Pending calculation,Pending calculation
130105,UGIFT-130133,Kangaroo mother care,PENDING VALUATION,Pending valuation,PENDING CLASSIFICATION,43983,Pending calculation,Pending calculation
130295,UGIFT-130323,Office stamp,PENDING VALUATION,Pending valuation,PENDING CLASSIFICATION,43983,Pending calculation,Pending calculation
130296,UGIFT-130324,TV set,PENDING VALUATION,Pending valuation,MACHINERY AND EQUIPMENT,43983,Pending calculation,Pending calculation
130324,UGIFT-130352,Patient trolly,CAPITALIZED,2240000,PENDING CLASSIFICATION,45078,1493333.0,112000.0
130343,UGIFT-130371,Bowels,PENDING VALUATION,Pending valuation,PENDING CLASSIFICATION,43983,Pending calculation,Pending calculation
130344,UGIFT-130372,Bowels,PENDING VALUATION,Pending valuation,PENDING CLASSIFICATION,43983,Pending calculation,Pending calculation
130463,UGIFT-130491,Hollow ware sets,PENDING VALUATION,Pending valuation,MACHINERY AND EQUIPMENT,43983,Pending calculation,Pending calculation
130464,UGIFT-130492,Hollow ware sets,PENDING VALUATION,Pending valuation,MACHINERY AND EQUIPMENT,43983,Pending calculation,Pending calculation
130480,UGIFT-130508,Citotest pen,PENDING VALUATION,Pending valuation,PENDING CLASSIFICATION,43983,Pending calculation,Pending calculation
130481,UGIFT-130509,Regulators,PENDING VALUATION,Pending valuation,PENDING CLASSIFICATION,43983,Pending calculation,Pending calculation
130482,UGIFT-130510,Regulators,PENDING VALUATION,Pending valuation,PENDING CLASSIFICATION,43983,Pending calculation,Pending calculation
130651,UGIFT-130679,Bolw Kick,CAPITALIZED,224000,PENDING CLASSIFICATION,45089,149333.0,11200.0
130669,UGIFT-130697,Heamoglobin,CAPITALIZED,4000000,PENDING CLASSIFICATION,45089,2666667.0,200000.0
130670,UGIFT-130698,Heamoglobin,CAPITALIZED,4000000,PENDING CLASSIFICATION,45089,2666667.0,200000.0
130686,UGIFT-130714,Patient Trolly,CAPITALIZED,2240000,PENDING CLASSIFICATION,45089,1493333.0,112000.0
130723,UGIFT-130751,Hallow Ware,CAPITALIZED,728000,PENDING CLASSIFICATION,45089,485333.0,36400.0
130724,UGIFT-130752,Hallow Ware,CAPITALIZED,728000,PENDING CLASSIFICATION,45089,485333.0,36400.0
130729,UGIFT-130757,Instrument Set,PENDING VALUATION,Pending valuation,MACHINERY AND EQUIPMENT,45089,Pending calculation,Pending calculation
130736,UGIFT-130764,Resuscinator Adult,CAPITALIZED,425600,PENDING CLASSIFICATION,45089,283733.0,21280.0
130737,UGIFT-130765,Resuscinator Infant,CAPITALIZED,448000,PENDING CLASSIFICATION,45089,298667.0,22400.0
130755,UGIFT-130783,Instrumenent Set Stiching,CAPITALIZED,448000,PENDING CLASSIFICATION,45089,298667.0,22400.0
130786,UGIFT-130814,Piguin Sucker,CAPITALIZED,95200,PENDING CLASSIFICATION,45089,63467.0,4760.0
130787,UGIFT-130815,Piguin Sucker,CAPITALIZED,95200,PENDING CLASSIFICATION,45089,63467.0,4760.0
130788,UGIFT-130816,Piguin Sucker,CAPITALIZED,95200,PENDING CLASSIFICATION,45089,63467.0,4760.0
130856,UGIFT-130884,Audio Visual Equipment,PENDING VERIFICATION,Pending valuation,MACHINERY AND EQUIPMENT,45078,Pending verification,Pending verification
130924,UGIFT-130952,"Fetoscope, Dopplar",PENDING VERIFICATION,173160,MACHINERY AND EQUIPMENT,45962,Pending verification,Pending verification
130928,UGIFT-130956,Radiant Infant Warmer,PENDING VERIFICATION,11700000,MACHINERY AND EQUIPMENT,45870,Pending verification,Pending verification
130935,UGIFT-130963,Incubator,PENDING VERIFICATION,469500,MACHINERY AND EQUIPMENT,45323,Pending verification,Pending verification
131515,UGIFT-131543,Human Torso System,PENDING VALUATION,Pending valuation,PENDING CLASSIFICATION,45184,Pending calculation,Pending calculation
131516,UGIFT-131544,Human Torso model (1),PENDING VALUATION,Pending valuation,PENDING CLASSIFICATION,45184,Pending calculation,Pending calculation
131517,UGIFT-131545,Human tooth,PENDING VALUATION,Pending valuation,PENDING CLASSIFICATION,45184,Pending calculation,Pending calculation
131518,UGIFT-131546,Human skull on model (1),PENDING VALUATION,Pending valuation,PENDING CLASSIFICATION,45184,Pending calculation,Pending calculation
131520,UGIFT-131548,Human Reproductive system chart male,PENDING VALUATION,Pending valuation,PENDING CLASSIFICATION,45184,Pending calculation,Pending calculation
131521,UGIFT-131549,H.R. system chart female,PENDING VALUATION,Pending valuation,PENDING CLASSIFICATION,45184,Pending calculation,Pending calculation
131522,UGIFT-131550,Human Nervous System Chart,PENDING VALUATION,Pending valuation,PENDING CLASSIFICATION,45184,Pending calculation,Pending calculation
131523,UGIFT-131551,Human Eye model (1),PENDING VALUATION,Pending valuation,PENDING CLASSIFICATION,45184,Pending calculation,Pending calculation
131524,UGIFT-131552,Human Heart model (1),PENDING VALUATION,Pending valuation,PENDING CLASSIFICATION,45184,Pending calculation,Pending calculation
131525,UGIFT-131553,Human ear model (1),PENDING VALUATION,Pending valuation,PENDING CLASSIFICATION,45184,Pending calculation,Pending calculation
131526,UGIFT-131554,Human Digestive system chart,PENDING VALUATION,Pending valuation,PENDING CLASSIFICATION,45184,Pending calculation,Pending calculation
131527,UGIFT-131555,Dissection,PENDING VALUATION,Pending valuation,PENDING CLASSIFICATION,45184,Pending calculation,Pending calculation
131597,UGIFT-131625,Cylinder,PENDING VALUATION,Pending valuation,PENDING CLASSIFICATION,44012,Pending calculation,Pending calculation
131663,UGIFT-131691,Audio Visual Equipment,PENDING VALUATION,Pending valuation,MACHINERY AND EQUIPMENT,45931,Pending calculation,Pending calculation
131774,UGIFT-131802,Cheatle jar,PENDING VALUATION,Pending valuation,PENDING CLASSIFICATION,45474,Pending calculation,Pending calculation
131775,UGIFT-131803,Cheatle jar,PENDING VALUATION,Pending valuation,PENDING CLASSIFICATION,45474,Pending calculation,Pending calculation
131776,UGIFT-131804,Cheatle jar,PENDING VALUATION,Pending valuation,PENDING CLASSIFICATION,45474,Pending calculation,Pending calculation
131777,UGIFT-131805,Cheatle jar,PENDING VALUATION,Pending valuation,PENDING CLASSIFICATION,45474,Pending calculation,Pending calculation
131854,UGIFT-131882,Marker Tape,PENDING VALUATION,Pending valuation,PENDING CLASSIFICATION,45931,Pending calculation,Pending calculation
131855,UGIFT-131883,Marker Tape,PENDING VALUATION,Pending valuation,PENDING CLASSIFICATION,45931,Pending calculation,Pending calculation
131856,UGIFT-131884,Marker Tape,PENDING VALUATION,Pending valuation,PENDING CLASSIFICATION,45931,Pending calculation,Pending calculation
131875,UGIFT-131903,Counting chamber Neubauer- Improved,PENDING VERIFICATION,162540,MACHINERY AND EQUIPMENT,44952,Pending verification,Pending verification
132008,UGIFT-132036,Centrifuge (Electric),PENDING VERIFICATION,380000,MACHINERY AND EQUIPMENT,44952,Pending verification,Pending verification
132148,UGIFT-132176,Audio Visual Equipment,PENDING VALUATION,Pending valuation,MACHINERY AND EQUIPMENT,45931,Pending calculation,Pending calculation
132356,UGIFT-132384,Audio Visual Equipment,PENDING VALUATION,Pending valuation,MACHINERY AND EQUIPMENT,45931,Pending calculation,Pending calculation
132566,UGIFT-132594,Audio Visual Equipment,PENDING VALUATION,Pending valuation,MACHINERY AND EQUIPMENT,45870,Pending calculation,Pending calculation
133196,UGIFT-133224,Audio Visual Equipment,PENDING VALUATION,Pending valuation,MACHINERY AND EQUIPMENT,44652,Pending calculation,Pending calculation
133656,01,Air Conditi oners,PENDING VALUATION,Pending valuation,PENDING CLASSIFICATION,44679,Pending calculation,Pending calculation
133659,,Science Labs,CAPITALIZED,145242438,PENDING CLASSIFICATION,44679,130718194.0,7262122.0
133716,UGIFT-133744,ESR Stand,PENDING VERIFICATION,150000,MACHINERY AND EQUIPMENT,45078,Pending verification,Pending verification
133758,UGIFT-133786,Audio Visual Equipment,PENDING VALUATION,Pending valuation,MACHINERY AND EQUIPMENT,44562,Pending calculation,Pending calculation
133814,UGIFT-133842,"Resuscitator Manual, Adult, with all mask sizes",PENDING VERIFICATION,0,MACHINERY AND EQUIPMENT,44562,Pending verification,Pending verification
133885,UGIFT-133913,Counting chamber Neubauer- Improved,PENDING VERIFICATION,168000,MACHINERY AND EQUIPMENT,45061,Pending verification,Pending verification
133888,UGIFT-133916,ESR Stand,PENDING VERIFICATION,215000,MACHINERY AND EQUIPMENT,45085,Pending verification,Pending verification
133898,UGIFT-133926,Otoscope,PENDING VERIFICATION,392000,MACHINERY AND EQUIPMENT,45061,Pending verification,Pending verification
133920,UGIFT-133948,Audio Visual Equipment,PENDING VALUATION,Pending valuation,MACHINERY AND EQUIPMENT,45047,Pending calculation,Pending calculation
133963,UGIFT-133991,"Oxygen Therapy Apparatus, Minimum 45L cylinder",PENDING VERIFICATION,1900000,MACHINERY AND EQUIPMENT,45901,Pending verification,Pending verification
133987,UGIFT-134015,Centrifuge (Electric),PENDING VERIFICATION,2200576,MACHINERY AND EQUIPMENT,45901,Pending verification,Pending verification
134002,UGIFT-134030,Incubator,PENDING VERIFICATION,357903,MACHINERY AND EQUIPMENT,45323,Pending verification,Pending verification
134107,UGIFT-134135,Audio Visual Equipment,PENDING VALUATION,Pending valuation,MACHINERY AND EQUIPMENT,44652,Pending calculation,Pending calculation
134258,UGIFT-134286,Guard house,PENDING VALUATION,Pending valuation,PENDING CLASSIFICATION,44652,Pending calculation,Pending calculation
134268,UGIFT-134296,Medical equipment (1 set),PENDING VALUATION,Pending valuation,PENDING CLASSIFICATION,44652,Pending calculation,Pending calculation
134345,UGIFT-134373,Weighing Scale Machines,PENDING VALUATION,Pending valuation,MACHINERY AND EQUIPMENT,44652,Pending calculation,Pending calculation
134346,UGIFT-134374,Weighing Scale Machines,PENDING VALUATION,Pending valuation,MACHINERY AND EQUIPMENT,44652,Pending calculation,Pending calculation
134353,UGIFT-134381,Mt Medic Lights,PENDING VALUATION,Pending valuation,PENDING CLASSIFICATION,44652,Pending calculation,Pending calculation
134354,UGIFT-134382,Mt Medic Lights,PENDING VALUATION,Pending valuation,PENDING CLASSIFICATION,44652,Pending calculation,Pending calculation
134355,UGIFT-134383,Neubulizer,PENDING VALUATION,Pending valuation,PENDING CLASSIFICATION,44652,Pending calculation,Pending calculation
134357,UGIFT-134385,Arm Bags,PENDING VALUATION,Pending valuation,PENDING CLASSIFICATION,44652,Pending calculation,Pending calculation
134358,UGIFT-134386,Arm Bags,PENDING VALUATION,Pending valuation,PENDING CLASSIFICATION,44652,Pending calculation,Pending calculation
134359,UGIFT-134387,Big Bowls,PENDING VALUATION,Pending valuation,PENDING CLASSIFICATION,44652,Pending calculation,Pending calculation
134360,UGIFT-134388,Big Bowls,PENDING VALUATION,Pending valuation,PENDING CLASSIFICATION,44652,Pending calculation,Pending calculation
134361,UGIFT-134389,Screens,PENDING VALUATION,Pending valuation,PENDING CLASSIFICATION,44621,Pending calculation,Pending calculation
134362,UGIFT-134390,Screens,PENDING VALUATION,Pending valuation,PENDING CLASSIFICATION,44621,Pending calculation,Pending calculation
134363,UGIFT-134391,Screens,PENDING VALUATION,Pending valuation,PENDING CLASSIFICATION,44621,Pending calculation,Pending calculation
134883,0,"Haemoglobin Meter, Digital",PENDING VERIFICATION,752720,MACHINERY AND EQUIPMENT,45108,Pending verification,Pending verification
134976,UGIFT-135004,"Nebulizer, Ultrasonic",PENDING VERIFICATION,392000,MACHINERY AND EQUIPMENT,44378,Pending verification,Pending verification
135078,,Audio Visual Equipment,PENDING VALUATION,Pending valuation,MACHINERY AND EQUIPMENT,46204,Pending calculation,Pending calculation
135171,01,Bubble CPAP,PENDING VERIFICATION,5058800,MACHINERY AND EQUIPMENT,44378,Pending verification,Pending verification
135179,00,"Instrument set, ENT Basic for HCIII",PENDING VERIFICATION,1681680,MACHINERY AND EQUIPMENT,44378,Pending verification,Pending verification
135181,00,Incubator,PENDING VERIFICATION,357903,MACHINERY AND EQUIPMENT,45323,Pending verification,Pending verification
135187,00,Desk,PENDING VERIFICATION,120000,MACHINERY AND EQUIPMENT,46023,Pending verification,Pending verification
135229,01,Audio Visual Equipment,PENDING VALUATION,Pending valuation,MACHINERY AND EQUIPMENT,46023,Pending calculation,Pending calculation
135270,02,Baby Cot,PENDING VERIFICATION,500000,MACHINERY AND EQUIPMENT,45839,Pending verification,Pending verification
135272,02,"Hollow Ware Set, Ward",PENDING VERIFICATION,1400000,MACHINERY AND EQUIPMENT,45809,Pending verification,Pending verification
135366,,Audio Visual Equipment,PENDING VALUATION,Pending valuation,MACHINERY AND EQUIPMENT,46023,Pending calculation,Pending calculation
135422,0,Bubble CPAP,PENDING VERIFICATION,5058800,MACHINERY AND EQUIPMENT,44378,Pending verification,Pending verification
135481,01,Glucometer,PENDING VERIFICATION,150000,MACHINERY AND EQUIPMENT,45108,Pending verification,Pending verification
135508,0,Audio Visual Equipment,PENDING VALUATION,Pending valuation,MACHINERY AND EQUIPMENT,46204,Pending calculation,Pending calculation
135599,0,Bubble CPAP,PENDING VERIFICATION,5058800,MACHINERY AND EQUIPMENT,44378,Pending verification,Pending verification
135605,UGIFT-135633,Radiant Infant Warmer,PENDING VERIFICATION,16800000,MACHINERY AND EQUIPMENT,46204,Pending verification,Pending verification
135846,UGIFT-135874,Cheatle jar,PENDING VALUATION,Pending valuation,PENDING CLASSIFICATION,45495,Pending calculation,Pending calculation
135847,UGIFT-135875,Cheatle jar,PENDING VALUATION,Pending valuation,PENDING CLASSIFICATION,45495,Pending calculation,Pending calculation
135884,UGIFT-135912,medical Jam machine (for theatre and labour room),PENDING VALUATION,Pending valuation,PENDING CLASSIFICATION,44399,Pending calculation,Pending calculation
135897,UGIFT-135925,"Examination light,LED",PENDING VERIFICATION,1845706,MACHINERY AND EQUIPMENT,45129,Pending verification,Pending verification
135898,UGIFT-135926,"Examination light,LED",PENDING VERIFICATION,1845706,MACHINERY AND EQUIPMENT,45129,Pending verification,Pending verification
135900,UGIFT-135928,"Haemoglobin Meter, Digital",PENDING VERIFICATION,789215,MACHINERY AND EQUIPMENT,45129,Pending verification,Pending verification
135901,UGIFT-135929,"Haemoglobin Meter, Digital",PENDING VERIFICATION,789215,MACHINERY AND EQUIPMENT,45129,Pending verification,Pending verification
135933,UGIFT-135961,"Stove, Gas",PENDING VERIFICATION,581529,MACHINERY AND EQUIPMENT,45129,Pending verification,Pending verification
135934,UGIFT-135962,"Stove, Gas",PENDING VERIFICATION,581529,MACHINERY AND EQUIPMENT,45129,Pending verification,Pending verification
135952,UGIFT-135980,Audio Visual Equipment,PENDING VALUATION,Pending valuation,MACHINERY AND EQUIPMENT,45108,Pending calculation,Pending calculation
135953,UGIFT-135981,Audio Visual Equipment,PENDING VALUATION,Pending valuation,MACHINERY AND EQUIPMENT,45108,Pending calculation,Pending calculation
135954,UGIFT-135982,Audio Visual Equipment,PENDING VALUATION,Pending valuation,MACHINERY AND EQUIPMENT,45108,Pending calculation,Pending calculation
135955,UGIFT-135983,Audio Visual Equipment,PENDING VALUATION,Pending valuation,MACHINERY AND EQUIPMENT,45108,Pending calculation,Pending calculation
135956,UGIFT-135984,Audio Visual Equipment,PENDING VALUATION,Pending valuation,MACHINERY AND EQUIPMENT,45108,Pending calculation,Pending calculation
135957,UGIFT-135985,Audio Visual Equipment,PENDING VALUATION,Pending valuation,MACHINERY AND EQUIPMENT,45108,Pending calculation,Pending calculation
135958,UGIFT-135986,Audio Visual Equipment,PENDING VALUATION,Pending valuation,MACHINERY AND EQUIPMENT,45108,Pending calculation,Pending calculation
135959,UGIFT-135987,Audio Visual Equipment,PENDING VALUATION,Pending valuation,MACHINERY AND EQUIPMENT,45108,Pending calculation,Pending calculation
135960,UGIFT-135988,Audio Visual Equipment,PENDING VALUATION,Pending valuation,MACHINERY AND EQUIPMENT,45108,Pending calculation,Pending calculation
135961,UGIFT-135989,Audio Visual Equipment,PENDING VALUATION,Pending valuation,MACHINERY AND EQUIPMENT,45108,Pending calculation,Pending calculation
135962,UGIFT-135990,Audio Visual Equipment,PENDING VALUATION,Pending valuation,MACHINERY AND EQUIPMENT,45108,Pending calculation,Pending calculation
135963,UGIFT-135991,Audio Visual Equipment,PENDING VALUATION,Pending valuation,MACHINERY AND EQUIPMENT,45108,Pending calculation,Pending calculation
135964,UGIFT-135992,Audio Visual Equipment,PENDING VALUATION,Pending valuation,MACHINERY AND EQUIPMENT,45108,Pending calculation,Pending calculation
135965,UGIFT-135993,Audio Visual Equipment,PENDING VALUATION,Pending valuation,MACHINERY AND EQUIPMENT,45108,Pending calculation,Pending calculation
136082,UGIFT-136110,"Bag Valve mask (Ambu Bag), Neonatal",PENDING VERIFICATION,0,MACHINERY AND EQUIPMENT,44399,Pending verification,Pending verification
136083,UGIFT-136111,"Bag Valve mask (Ambu Bag), Neonatal",PENDING VERIFICATION,0,MACHINERY AND EQUIPMENT,44399,Pending verification,Pending verification
136103,,Wash Room,PENDING VALUATION,Pending valuation,PENDING CLASSIFICATION,44360,Pending calculation,Pending calculation
136151,UGIFT-136179,Audio Visual Equipment,PENDING VALUATION,Pending valuation,MACHINERY AND EQUIPMENT,45809,Pending calculation,Pending calculation
136703,0,Height Meter,PENDING VERIFICATION,250000,MACHINERY AND EQUIPMENT,46174,Pending verification,Pending verification
136707,01,Otoscope,PENDING VERIFICATION,226366,MACHINERY AND EQUIPMENT,46174,Pending verification,Pending verification
136721,01,"Stove, Gas",PENDING VERIFICATION,581529,MACHINERY AND EQUIPMENT,46174,Pending verification,Pending verification
136727,01,Audio Visual Equipment,PENDING VALUATION,Pending valuation,MACHINERY AND EQUIPMENT,46174,Pending calculation,Pending calculation
136919,0,Audio Visual Equipment,PENDING VALUATION,Pending valuation,MACHINERY AND EQUIPMENT,41061,Pending calculation,Pending calculation
137613,UGIFT-137641,Desktop Computer,PENDING VERIFICATION,3500000,MACHINERY AND EQUIPMENT,44927,Pending verification,Pending verification
137614,UGIFT-137642,Desktop Computer,PENDING VERIFICATION,3500000,MACHINERY AND EQUIPMENT,44927,Pending verification,Pending verification
137615,UGIFT-137643,Desktop Computer,PENDING VERIFICATION,3500000,MACHINERY AND EQUIPMENT,44927,Pending verification,Pending verification
137616,UGIFT-137644,Desktop Computer,PENDING VERIFICATION,3500000,MACHINERY AND EQUIPMENT,44927,Pending verification,Pending verification
137617,UGIFT-137645,Desktop Computer,PENDING VERIFICATION,3500000,MACHINERY AND EQUIPMENT,44927,Pending verification,Pending verification
137618,UGIFT-137646,Desktop Computer,PENDING VERIFICATION,3500000,MACHINERY AND EQUIPMENT,44927,Pending verification,Pending verification
137619,UGIFT-137647,Desktop Computer,PENDING VERIFICATION,3500000,MACHINERY AND EQUIPMENT,44927,Pending verification,Pending verification
137620,UGIFT-137648,Desktop Computer,PENDING VERIFICATION,3500000,MACHINERY AND EQUIPMENT,44927,Pending verification,Pending verification
137621,UGIFT-137649,Desktop Computer,PENDING VERIFICATION,3500000,MACHINERY AND EQUIPMENT,44927,Pending verification,Pending verification
137622,UGIFT-137650,Desktop Computer,PENDING VERIFICATION,3500000,MACHINERY AND EQUIPMENT,44927,Pending verification,Pending verification
137623,UGIFT-137651,Desktop Computer,PENDING VERIFICATION,3500000,MACHINERY AND EQUIPMENT,44927,Pending verification,Pending verification
137624,UGIFT-137652,Desktop Computer,PENDING VERIFICATION,3500000,MACHINERY AND EQUIPMENT,44927,Pending verification,Pending verification
137625,UGIFT-137653,Desktop Computer,PENDING VERIFICATION,3500000,MACHINERY AND EQUIPMENT,44927,Pending verification,Pending verification
137626,UGIFT-137654,Desktop Computer,PENDING VERIFICATION,3500000,MACHINERY AND EQUIPMENT,44927,Pending verification,Pending verification
137627,UGIFT-137655,Desktop Computer,PENDING VERIFICATION,3500000,MACHINERY AND EQUIPMENT,44927,Pending verification,Pending verification
137628,UGIFT-137656,Desktop Computer,PENDING VERIFICATION,3500000,MACHINERY AND EQUIPMENT,44927,Pending verification,Pending verification
137629,UGIFT-137657,Desktop Computer,PENDING VERIFICATION,3500000,MACHINERY AND EQUIPMENT,44927,Pending verification,Pending verification
137630,UGIFT-137658,Desktop Computer,PENDING VERIFICATION,3500000,MACHINERY AND EQUIPMENT,44927,Pending verification,Pending verification
137631,UGIFT-137659,Desktop Computer,PENDING VERIFICATION,3500000,MACHINERY AND EQUIPMENT,44927,Pending verification,Pending verification
137632,UGIFT-137660,Desktop Computer,PENDING VERIFICATION,3500000,MACHINERY AND EQUIPMENT,44927,Pending verification,Pending verification
137633,UGIFT-137661,Desktop Computer,PENDING VERIFICATION,3500000,MACHINERY AND EQUIPMENT,44927,Pending verification,Pending verification
137634,UGIFT-137662,Desktop Computer,PENDING VERIFICATION,3500000,MACHINERY AND EQUIPMENT,44927,Pending verification,Pending verification
137635,UGIFT-137663,Desktop Computer,PENDING VERIFICATION,3500000,MACHINERY AND EQUIPMENT,44927,Pending verification,Pending verification
137636,UGIFT-137664,Desktop Computer,PENDING VERIFICATION,3500000,MACHINERY AND EQUIPMENT,44927,Pending verification,Pending verification
137637,UGIFT-137665,Desktop Computer,PENDING VERIFICATION,3500000,MACHINERY AND EQUIPMENT,44927,Pending verification,Pending verification
137638,UGIFT-137666,Desktop Computer,PENDING VERIFICATION,3500000,MACHINERY AND EQUIPMENT,44927,Pending verification,Pending verification
137639,UGIFT-137667,Desktop Computer,PENDING VERIFICATION,3500000,MACHINERY AND EQUIPMENT,44927,Pending verification,Pending verification
137640,UGIFT-137668,Desktop Computer,PENDING VERIFICATION,3500000,MACHINERY AND EQUIPMENT,44927,Pending verification,Pending verification
137655,01,Projector,PENDING VERIFICATION,2982270,MACHINERY AND EQUIPMENT,45809,Pending verification,Pending verification
137657,,Admin,PENDING VALUATION,Pending valuation,PENDING CLASSIFICATION,44256,Pending calculation,Pending calculation
137746,01,E-projection,PENDING VALUATION,Pending valuation,PENDING CLASSIFICATION,44409,Pending calculation,Pending calculation
138035,UGIFT-138063,Audio Visual Equipment,PENDING VERIFICATION,Pending valuation,MACHINERY AND EQUIPMENT,42370,Pending verification,Pending verification
138440,UGIFT-138468,Server,PENDING VERIFICATION,6850000,MACHINERY AND EQUIPMENT,45444,Pending verification,Pending verification
138472,UGIFT-138500,Air Conditioner,PENDING VERIFICATION,6784499,MACHINERY AND EQUIPMENT,45809,Pending verification,Pending verification
138473,01,Server,PENDING VERIFICATION,6850000,MACHINERY AND EQUIPMENT,45444,Pending verification,Pending verification
138476,7 blocks,Non-residential blocks,PENDING REVIEW,0,BUILDINGS AND STRUCTURES,Commissioning status unresolved,Pending calculation,Pending calculation
138477,7 blocks,Non-residential blocks,PENDING REVIEW,0,BUILDINGS AND STRUCTURES,Commissioning status unresolved,Pending calculation,Pending calculation
138478,7 blocks,Non-residential blocks,PENDING REVIEW,0,BUILDINGS AND STRUCTURES,Commissioning status unresolved,Pending calculation,Pending calculation
138479,7 blocks,Non-residential blocks,PENDING REVIEW,0,BUILDINGS AND STRUCTURES,Commissioning status unresolved,Pending calculation,Pending calculation
138480,7 blocks,Non-residential blocks,PENDING REVIEW,0,BUILDINGS AND STRUCTURES,Commissioning status unresolved,Pending calculation,Pending calculation
139041,UGIFT-139069,Audio Visual Equipment,NOT RECOGNIZED,Pending valuation,MACHINERY AND EQUIPMENT,Not applicable - not received,0,0
139723,UGIFT-139751,office table,PENDING VERIFICATION,50000,MACHINERY AND EQUIPMENT,44621,Pending verification,Pending verification
139752,UGIFT-139780,Server Processor Server high end desktop Server ups,PENDING VERIFICATION,500000,MACHINERY AND EQUIPMENT,45748,Pending verification,Pending verification
139782,UGIFT-139810,Patch panel 48 port,PENDING VERIFICATION,316052,MACHINERY AND EQUIPMENT,44682,Pending verification,Pending verification
139783,UGIFT-139811,wireless router,PENDING VERIFICATION,1799736,MACHINERY AND EQUIPMENT,45778,Pending verification,Pending verification
139795,UGIFT-139823,Fence,PENDING VERIFICATION,9028800,BUILDINGS AND STRUCTURES,45658,Pending verification,Pending verification
139798,UGIFT-139826,Kitchen Block,PENDING VERIFICATION,60179363,BUILDINGS AND STRUCTURES,45748,Pending verification,Pending verification
140945,UGIFT-140973,"Stove, Gas",PENDING VERIFICATION,1008000,MACHINERY AND EQUIPMENT,42491,Pending verification,Pending verification
140946,UGIFT-140974,"Stove, Gas",PENDING VERIFICATION,1008000,MACHINERY AND EQUIPMENT,42491,Pending verification,Pending verification
140967,UGIFT-140995,"Instrument Set, Basic ENT",PENDING VERIFICATION,3024000,MACHINERY AND EQUIPMENT,45962,Pending verification,Pending verification
140999,UGIFT-141027,Bubble CPAP,PENDING VERIFICATION,18000000,MACHINERY AND EQUIPMENT,45962,Pending verification,Pending verification
141049,UGIFT-141077,Bubble CPAP,PENDING VERIFICATION,12000000,MACHINERY AND EQUIPMENT,45976,Pending verification,Pending verification
141050,UGIFT-141078,Bubble CPAP,PENDING VERIFICATION,12000000,MACHINERY AND EQUIPMENT,45976,Pending verification,Pending verification
141685,UGIFT-141713,Desktop Computer,PENDING VERIFICATION,3000000,MACHINERY AND EQUIPMENT,45748,Pending verification,Pending verification
141686,UGIFT-141714,Network Switch 24 Port,PENDING VERIFICATION,450000,MACHINERY AND EQUIPMENT,45748,Pending verification,Pending verification
141687,UGIFT-141715,Network Switch 24 Port,PENDING VERIFICATION,450000,MACHINERY AND EQUIPMENT,45748,Pending verification,Pending verification
141688,UGIFT-141716,Multipurpose Printer,PENDING VERIFICATION,4360000,MACHINERY AND EQUIPMENT,45748,Pending verification,Pending verification
141689,UGIFT-141717,UPS,PENDING VERIFICATION,552000,MACHINERY AND EQUIPMENT,45778,Pending verification,Pending verification
141690,UGIFT-141718,UPS,PENDING VERIFICATION,552000,MACHINERY AND EQUIPMENT,45778,Pending verification,Pending verification
141691,UGIFT-141719,UPS,PENDING VERIFICATION,552000,MACHINERY AND EQUIPMENT,45778,Pending verification,Pending verification
141692,UGIFT-141720,UPS,PENDING VERIFICATION,552000,MACHINERY AND EQUIPMENT,45778,Pending verification,Pending verification
141693,UGIFT-141721,UPS,PENDING VERIFICATION,552000,MACHINERY AND EQUIPMENT,45778,Pending verification,Pending verification
141694,UGIFT-141722,UPS,PENDING VERIFICATION,552000,MACHINERY AND EQUIPMENT,45778,Pending verification,Pending verification
141695,UGIFT-141723,UPS,PENDING VERIFICATION,552000,MACHINERY AND EQUIPMENT,45778,Pending verification,Pending verification
141696,UGIFT-141724,UPS,PENDING VERIFICATION,552000,MACHINERY AND EQUIPMENT,45778,Pending verification,Pending verification
141697,UGIFT-141725,UPS,PENDING VERIFICATION,552000,MACHINERY AND EQUIPMENT,45778,Pending verification,Pending verification
141698,UGIFT-141726,UPS,PENDING VERIFICATION,552000,MACHINERY AND EQUIPMENT,45778,Pending verification,Pending verification
141699,UGIFT-141727,UPS,PENDING VERIFICATION,552000,MACHINERY AND EQUIPMENT,45778,Pending verification,Pending verification
141700,UGIFT-141728,UPS,PENDING VERIFICATION,552000,MACHINERY AND EQUIPMENT,45778,Pending verification,Pending verification
141701,UGIFT-141729,UPS,PENDING VERIFICATION,552000,MACHINERY AND EQUIPMENT,45778,Pending verification,Pending verification
141702,UGIFT-141730,UPS,PENDING VERIFICATION,552000,MACHINERY AND EQUIPMENT,45778,Pending verification,Pending verification
141703,UGIFT-141731,UPS,PENDING VERIFICATION,552000,MACHINERY AND EQUIPMENT,45778,Pending verification,Pending verification
141704,UGIFT-141732,UPS,PENDING VERIFICATION,552000,MACHINERY AND EQUIPMENT,45778,Pending verification,Pending verification
141705,UGIFT-141733,UPS,PENDING VERIFICATION,552000,MACHINERY AND EQUIPMENT,45778,Pending verification,Pending verification
141706,UGIFT-141734,UPS,PENDING VERIFICATION,552000,MACHINERY AND EQUIPMENT,45778,Pending verification,Pending verification
141707,UGIFT-141735,UPS,PENDING VERIFICATION,552000,MACHINERY AND EQUIPMENT,45778,Pending verification,Pending verification
141708,UGIFT-141736,UPS,PENDING VERIFICATION,552000,MACHINERY AND EQUIPMENT,45778,Pending verification,Pending verification
141709,UGIFT-141737,Projector,PENDING VERIFICATION,2982270,MACHINERY AND EQUIPMENT,45748,Pending verification,Pending verification
141710,UGIFT-141738,Air Conditioners,PENDING VERIFICATION,6784499,MACHINERY AND EQUIPMENT,45748,Pending verification,Pending verification
141711,UGIFT-141739,Server,PENDING VERIFICATION,6850000,MACHINERY AND EQUIPMENT,45748,Pending verification,Pending verification
141712,UGIFT-141740,CCTV Camera,PENDING VERIFICATION,2500000,MACHINERY AND EQUIPMENT,45748,Pending verification,Pending verification
141713,UGIFT-141741,firewall,PENDING VERIFICATION,7650000,MACHINERY AND EQUIPMENT,45809,Pending verification,Pending verification
141714,UGIFT-141742,wireless router,PENDING VERIFICATION,600000,MACHINERY AND EQUIPMENT,44348,Pending verification,Pending verification
143126,UGIFT-143154,Fence,PENDING VERIFICATION,6535600,BUILDINGS AND STRUCTURES,45658,Pending verification,Pending verification
143397,UGIFT-143425,UPS,PENDING VERIFICATION,552000,MACHINERY AND EQUIPMENT,45901,Pending verification,Pending verification
143398,UGIFT-143426,Server,PENDING VERIFICATION,6850000,MACHINERY AND EQUIPMENT,45444,Pending verification,Pending verification
143399,UGIFT-143427,CCTV Camera,PENDING VERIFICATION,2500000,MACHINERY AND EQUIPMENT,45017,Pending verification,Pending verification
143400,UGIFT-143428,wireless router,PENDING VERIFICATION,600000,MACHINERY AND EQUIPMENT,44348,Pending verification,Pending verification
143402,UGIFT-143430,Fence,PENDING VERIFICATION,6535600,BUILDINGS AND STRUCTURES,45658,Pending verification,Pending verification
143770,UGIFT-143798,Desktop Computer,PENDING VERIFICATION,2886447,MACHINERY AND EQUIPMENT,44609,Pending verification,Pending verification
143771,UGIFT-143799,Desktop Computer,PENDING VERIFICATION,2886447,MACHINERY AND EQUIPMENT,44609,Pending verification,Pending verification
143772,UGIFT-143800,Desktop Computer,PENDING VERIFICATION,2886447,MACHINERY AND EQUIPMENT,44609,Pending verification,Pending verification
143773,UGIFT-143801,Desktop Computer,PENDING VERIFICATION,2886447,MACHINERY AND EQUIPMENT,44609,Pending verification,Pending verification
143774,UGIFT-143802,Desktop Computer,PENDING VERIFICATION,2886447,MACHINERY AND EQUIPMENT,44609,Pending verification,Pending verification
143775,UGIFT-143803,Desktop Computer,PENDING VERIFICATION,2886447,MACHINERY AND EQUIPMENT,44609,Pending verification,Pending verification
143776,UGIFT-143804,Desktop Computer,PENDING VERIFICATION,2886447,MACHINERY AND EQUIPMENT,44609,Pending verification,Pending verification
143777,UGIFT-143805,Desktop Computer,PENDING VERIFICATION,2886447,MACHINERY AND EQUIPMENT,44609,Pending verification,Pending verification
143778,UGIFT-143806,Desktop Computer,PENDING VERIFICATION,2886447,MACHINERY AND EQUIPMENT,44609,Pending verification,Pending verification
143779,UGIFT-143807,Desktop Computer,PENDING VERIFICATION,2886447,MACHINERY AND EQUIPMENT,44609,Pending verification,Pending verification
143780,UGIFT-143808,Desktop Computer,PENDING VERIFICATION,2886447,MACHINERY AND EQUIPMENT,44609,Pending verification,Pending verification
143781,UGIFT-143809,Desktop Computer,PENDING VERIFICATION,2886447,MACHINERY AND EQUIPMENT,44609,Pending verification,Pending verification
143782,UGIFT-143810,Desktop Computer,PENDING VERIFICATION,2886447,MACHINERY AND EQUIPMENT,44609,Pending verification,Pending verification
143783,UGIFT-143811,Desktop Computer,PENDING VERIFICATION,2886447,MACHINERY AND EQUIPMENT,44609,Pending verification,Pending verification
143784,UGIFT-143812,Desktop Computer,PENDING VERIFICATION,2886447,MACHINERY AND EQUIPMENT,44609,Pending verification,Pending verification
143785,UGIFT-143813,Desktop Computer,PENDING VERIFICATION,2886447,MACHINERY AND EQUIPMENT,44609,Pending verification,Pending verification
143786,UGIFT-143814,Desktop Computer,PENDING VERIFICATION,2886447,MACHINERY AND EQUIPMENT,44609,Pending verification,Pending verification
143787,UGIFT-143815,Desktop Computer,PENDING VERIFICATION,2886447,MACHINERY AND EQUIPMENT,44609,Pending verification,Pending verification
143788,UGIFT-143816,Desktop Computer,PENDING VERIFICATION,2886447,MACHINERY AND EQUIPMENT,44609,Pending verification,Pending verification
143789,UGIFT-143817,Desktop Computer,PENDING VERIFICATION,2886447,MACHINERY AND EQUIPMENT,44609,Pending verification,Pending verification
143790,UGIFT-143818,Desktop Computer,PENDING VERIFICATION,2886447,MACHINERY AND EQUIPMENT,44609,Pending verification,Pending verification
143791,UGIFT-143819,Desktop Computer,PENDING VERIFICATION,2886447,MACHINERY AND EQUIPMENT,44609,Pending verification,Pending verification
143792,UGIFT-143820,Desktop Computer,PENDING VERIFICATION,2886447,MACHINERY AND EQUIPMENT,44609,Pending verification,Pending verification
143793,UGIFT-143821,Desktop Computer,PENDING VERIFICATION,2886447,MACHINERY AND EQUIPMENT,44609,Pending verification,Pending verification
143794,UGIFT-143822,Desktop Computer,PENDING VERIFICATION,2886447,MACHINERY AND EQUIPMENT,44609,Pending verification,Pending verification
143795,UGIFT-143823,Desktop Computer,PENDING VERIFICATION,2886447,MACHINERY AND EQUIPMENT,44609,Pending verification,Pending verification
143796,UGIFT-143824,Desktop Computer,PENDING VERIFICATION,2886447,MACHINERY AND EQUIPMENT,44609,Pending verification,Pending verification
143797,UGIFT-143825,Desktop Computer,PENDING VERIFICATION,2886447,MACHINERY AND EQUIPMENT,44609,Pending verification,Pending verification
143801,,Projector,PENDING VERIFICATION,4100000,MACHINERY AND EQUIPMENT,44609,Pending verification,Pending verification
143842,,Laboratory,CAPITALIZED,290408145,PENDING CLASSIFICATION,44774,242006788.0,14520408.0
144499,,Laboratory,CAPITALIZED,185078565,PENDING CLASSIFICATION,44312,185078565.0,0.0
144507,UGIFT-144535,fire extinguisher,PENDING VERIFICATION,225000,MACHINERY AND EQUIPMENT,44312,Pending verification,Pending verification
145901,,Laboratory,CAPITALIZED,290408145,PENDING CLASSIFICATION,45980,53241493.0,14520407.0
146145,,Laboratory,CAPITALIZED,290408145,PENDING CLASSIFICATION,44312,290408145.0,0.0
146164,,Demostration garden,PENDING VALUATION,Pending valuation,PENDING CLASSIFICATION,44312,Pending calculation,Pending calculation
146644,UGIFT-146672,CPU,PENDING VERIFICATION,1370000,MACHINERY AND EQUIPMENT,44571,Pending verification,Pending verification
146646,UGIFT-146674,CPU,PENDING VERIFICATION,1370000,MACHINERY AND EQUIPMENT,44571,Pending verification,Pending verification
146648,UGIFT-146676,CPU,PENDING VERIFICATION,1370000,MACHINERY AND EQUIPMENT,44571,Pending verification,Pending verification
146650,UGIFT-146678,CPU,PENDING VERIFICATION,1370000,MACHINERY AND EQUIPMENT,44571,Pending verification,Pending verification
146652,UGIFT-146680,CPU,PENDING VERIFICATION,1370000,MACHINERY AND EQUIPMENT,44571,Pending verification,Pending verification
146654,UGIFT-146682,CPU,PENDING VERIFICATION,1370000,MACHINERY AND EQUIPMENT,44571,Pending verification,Pending verification
146656,UGIFT-146684,CPU,PENDING VERIFICATION,1370000,MACHINERY AND EQUIPMENT,44571,Pending verification,Pending verification
146658,UGIFT-146686,CPU,PENDING VERIFICATION,1370000,MACHINERY AND EQUIPMENT,44571,Pending verification,Pending verification
146660,UGIFT-146688,CPU,PENDING VERIFICATION,1370000,MACHINERY AND EQUIPMENT,44571,Pending verification,Pending verification
146662,UGIFT-146690,CPU,PENDING VERIFICATION,1370000,MACHINERY AND EQUIPMENT,44571,Pending verification,Pending verification
146664,UGIFT-146692,CPU,PENDING VERIFICATION,1370000,MACHINERY AND EQUIPMENT,44571,Pending verification,Pending verification
146666,UGIFT-146694,CPU,PENDING VERIFICATION,1370000,MACHINERY AND EQUIPMENT,44571,Pending verification,Pending verification
146668,UGIFT-146696,CPU,PENDING VERIFICATION,1370000,MACHINERY AND EQUIPMENT,44571,Pending verification,Pending verification
146670,UGIFT-146698,CPU,PENDING VERIFICATION,1370000,MACHINERY AND EQUIPMENT,44571,Pending verification,Pending verification
146672,UGIFT-146700,CPU,PENDING VERIFICATION,1370000,MACHINERY AND EQUIPMENT,44571,Pending verification,Pending verification
146674,UGIFT-146702,CPU,PENDING VERIFICATION,1370000,MACHINERY AND EQUIPMENT,44571,Pending verification,Pending verification
146676,UGIFT-146704,CPU,PENDING VERIFICATION,1370000,MACHINERY AND EQUIPMENT,44571,Pending verification,Pending verification
146678,UGIFT-146706,CPU,PENDING VERIFICATION,1370000,MACHINERY AND EQUIPMENT,44571,Pending verification,Pending verification
146680,UGIFT-146708,CPU,PENDING VERIFICATION,1370000,MACHINERY AND EQUIPMENT,44571,Pending verification,Pending verification
146682,UGIFT-146710,CPU,PENDING VERIFICATION,1370000,MACHINERY AND EQUIPMENT,44571,Pending verification,Pending verification
146684,UGIFT-146712,CPU,PENDING VERIFICATION,1370000,MACHINERY AND EQUIPMENT,44571,Pending verification,Pending verification
146686,UGIFT-146714,CPU,PENDING VERIFICATION,1370000,MACHINERY AND EQUIPMENT,44571,Pending verification,Pending verification
146687,UGIFT-146715,Monitor,PENDING VERIFICATION,2259000,MACHINERY AND EQUIPMENT,44571,Pending verification,Pending verification
146709,UGIFT-146737,CD Rom,PENDING VALUATION,Pending valuation,PENDING CLASSIFICATION,44337,Pending calculation,Pending calculation
146735,UGIFT-146763,"B.P. Machine, Digital",PENDING VERIFICATION,300000,MACHINERY AND EQUIPMENT,45976,Pending verification,Pending verification
146736,UGIFT-146764,B.P. Machine (Aneroid wall mounted),PENDING VERIFICATION,300000,MACHINERY AND EQUIPMENT,45976,Pending verification,Pending verification
146949,UGIFT-146977,Desktop Computer,PENDING VERIFICATION,3500000,MACHINERY AND EQUIPMENT,44562,Pending verification,Pending verification
146950,UGIFT-146978,Desktop Computer,PENDING VERIFICATION,3500000,MACHINERY AND EQUIPMENT,44562,Pending verification,Pending verification
146951,UGIFT-146979,Desktop Computer,PENDING VERIFICATION,3500000,MACHINERY AND EQUIPMENT,44562,Pending verification,Pending verification
146952,UGIFT-146980,Desktop Computer,PENDING VERIFICATION,3500000,MACHINERY AND EQUIPMENT,44562,Pending verification,Pending verification
146953,UGIFT-146981,Desktop Computer,PENDING VERIFICATION,3500000,MACHINERY AND EQUIPMENT,44562,Pending verification,Pending verification
146954,UGIFT-146982,Desktop Computer,PENDING VERIFICATION,3500000,MACHINERY AND EQUIPMENT,44562,Pending verification,Pending verification
146955,UGIFT-146983,Desktop Computer,PENDING VERIFICATION,3500000,MACHINERY AND EQUIPMENT,44562,Pending verification,Pending verification
146956,UGIFT-146984,Desktop Computer,PENDING VERIFICATION,3500000,MACHINERY AND EQUIPMENT,44562,Pending verification,Pending verification
146957,UGIFT-146985,Desktop Computer,PENDING VERIFICATION,3500000,MACHINERY AND EQUIPMENT,44562,Pending verification,Pending verification
146958,UGIFT-146986,Desktop Computer,PENDING VERIFICATION,3500000,MACHINERY AND EQUIPMENT,44562,Pending verification,Pending verification
146959,UGIFT-146987,Desktop Computer,PENDING VERIFICATION,3500000,MACHINERY AND EQUIPMENT,44562,Pending verification,Pending verification
146960,UGIFT-146988,Desktop Computer,PENDING VERIFICATION,3500000,MACHINERY AND EQUIPMENT,44562,Pending verification,Pending verification
146961,UGIFT-146989,Desktop Computer,PENDING VERIFICATION,3500000,MACHINERY AND EQUIPMENT,44562,Pending verification,Pending verification
146962,UGIFT-146990,Desktop Computer,PENDING VERIFICATION,3500000,MACHINERY AND EQUIPMENT,44562,Pending verification,Pending verification
146963,UGIFT-146991,Desktop Computer,PENDING VERIFICATION,3500000,MACHINERY AND EQUIPMENT,44562,Pending verification,Pending verification
146964,UGIFT-146992,Desktop Computer,PENDING VERIFICATION,3500000,MACHINERY AND EQUIPMENT,44562,Pending verification,Pending verification
146965,UGIFT-146993,Desktop Computer,PENDING VERIFICATION,3500000,MACHINERY AND EQUIPMENT,44562,Pending verification,Pending verification
146966,UGIFT-146994,Desktop Computer,PENDING VERIFICATION,3500000,MACHINERY AND EQUIPMENT,44562,Pending verification,Pending verification
146967,UGIFT-146995,Desktop Computer,PENDING VERIFICATION,3500000,MACHINERY AND EQUIPMENT,44562,Pending verification,Pending verification
146968,UGIFT-146996,Desktop Computer,PENDING VERIFICATION,3500000,MACHINERY AND EQUIPMENT,44562,Pending verification,Pending verification
146969,UGIFT-146997,Desktop Computer,PENDING VERIFICATION,3500000,MACHINERY AND EQUIPMENT,44562,Pending verification,Pending verification
146970,UGIFT-146998,Desktop Computer,PENDING VERIFICATION,3500000,MACHINERY AND EQUIPMENT,44562,Pending verification,Pending verification
146971,UGIFT-146999,Desktop Computer,PENDING VERIFICATION,3500000,MACHINERY AND EQUIPMENT,44562,Pending verification,Pending verification
146972,27,CPU,PENDING VERIFICATION,2500000,MACHINERY AND EQUIPMENT,46049,Pending verification,Pending verification
147027,28,Key Board,PENDING VERIFICATION,483333,MACHINERY AND EQUIPMENT,44562,Pending verification,Pending verification
147028,28,Key Board,PENDING VERIFICATION,483333,MACHINERY AND EQUIPMENT,44562,Pending verification,Pending verification
147029,28,Key Board,PENDING VERIFICATION,483333,MACHINERY AND EQUIPMENT,44562,Pending verification,Pending verification
147030,28,Key Board,PENDING VERIFICATION,483333,MACHINERY AND EQUIPMENT,44562,Pending verification,Pending verification
147031,28,Key Board,PENDING VERIFICATION,483333,MACHINERY AND EQUIPMENT,44562,Pending verification,Pending verification
147032,28,Key Board,PENDING VERIFICATION,483333,MACHINERY AND EQUIPMENT,44562,Pending verification,Pending verification
147033,28,Key Board,PENDING VERIFICATION,483333,MACHINERY AND EQUIPMENT,44562,Pending verification,Pending verification
147034,,Air Conditioner,PENDING VERIFICATION,2500000,MACHINERY AND EQUIPMENT,44562,Pending verification,Pending verification
147035,UGIFT-147063,Stabilizer,PENDING VERIFICATION,2500000,MACHINERY AND EQUIPMENT,44562,Pending verification,Pending verification
147036,UGIFT-147064,Stabilizer,PENDING VERIFICATION,2500000,MACHINERY AND EQUIPMENT,44562,Pending verification,Pending verification
147037,UGIFT-147065,Stabilizer,PENDING VERIFICATION,2500000,MACHINERY AND EQUIPMENT,44562,Pending verification,Pending verification
147038,UGIFT-147066,Stabilizer,PENDING VERIFICATION,2500000,MACHINERY AND EQUIPMENT,44562,Pending verification,Pending verification
147039,01,Fire extinguisher,PENDING VERIFICATION,600000,MACHINERY AND EQUIPMENT,44562,Pending verification,Pending verification
147040,01,Multipurpose Printer,PENDING VERIFICATION,1200000,MACHINERY AND EQUIPMENT,44562,Pending verification,Pending verification
147076,2297627,B.P Machine- Wall Mount-,PENDING VERIFICATION,0,MACHINERY AND EQUIPMENT,45930,Pending verification,Pending verification
147077,2297628,B.P Machine- Wall Mount-,PENDING VERIFICATION,0,MACHINERY AND EQUIPMENT,45930,Pending verification,Pending verification
147198,2299209,B.P Machine- Wall Mount-,PENDING VERIFICATION,150000,MACHINERY AND EQUIPMENT,45930,Pending verification,Pending verification
147199,2299210,B.P Machine- Wall Mount-,PENDING VERIFICATION,150000,MACHINERY AND EQUIPMENT,45930,Pending verification,Pending verification
147271,2311484,"Medical, Laboratory and Research & appliances - Improvement for Busota HCIII",CAPITALIZED,5000000,PENDING CLASSIFICATION,45930,1083333.0,250000.0
147317,UGIFT-147345,Audio Visual Equipment,PENDING VALUATION,Pending valuation,MACHINERY AND EQUIPMENT,45901,Pending calculation,Pending calculation
148430,UGIFT-148458,Science Laboratory,CAPITALIZED,185078565,PENDING CLASSIFICATION,43497,185078565.0,0.0
148455,UGIFT-148483,"Desktop Computer CPU, KEYBOARD MONITOR MOUSE",PENDING VERIFICATION,0,MACHINERY AND EQUIPMENT,44835,Pending verification,Pending verification
148456,UGIFT-148484,"Desktop Computer CPU, KEYBOARD MONITOR MOUSE",PENDING VERIFICATION,0,MACHINERY AND EQUIPMENT,44835,Pending verification,Pending verification
148457,UGIFT-148485,"Desktop Computer CPU, KEYBOARD MONITOR MOUSE",PENDING VERIFICATION,0,MACHINERY AND EQUIPMENT,44835,Pending verification,Pending verification
148458,UGIFT-148486,"Desktop Computer CPU, KEYBOARD MONITOR MOUSE",PENDING VERIFICATION,0,MACHINERY AND EQUIPMENT,44835,Pending verification,Pending verification
148459,UGIFT-148487,"Desktop Computer CPU, KEYBOARD MONITOR MOUSE",PENDING VERIFICATION,0,MACHINERY AND EQUIPMENT,44835,Pending verification,Pending verification
148460,UGIFT-148488,"Desktop Computer CPU, KEYBOARD MONITOR MOUSE",PENDING VERIFICATION,0,MACHINERY AND EQUIPMENT,44835,Pending verification,Pending verification
148461,UGIFT-148489,"Desktop Computer CPU, KEYBOARD MONITOR MOUSE",PENDING VERIFICATION,0,MACHINERY AND EQUIPMENT,44835,Pending verification,Pending verification
148462,UGIFT-148490,"Desktop Computer CPU, KEYBOARD MONITOR MOUSE",PENDING VERIFICATION,0,MACHINERY AND EQUIPMENT,44835,Pending verification,Pending verification
148463,UGIFT-148491,"Desktop Computer CPU, KEYBOARD MONITOR MOUSE",PENDING VERIFICATION,0,MACHINERY AND EQUIPMENT,44835,Pending verification,Pending verification
148464,UGIFT-148492,"Desktop Computer CPU, KEYBOARD MONITOR MOUSE",PENDING VERIFICATION,0,MACHINERY AND EQUIPMENT,44835,Pending verification,Pending verification
148465,UGIFT-148493,"Desktop Computer CPU, KEYBOARD MONITOR MOUSE",PENDING VERIFICATION,0,MACHINERY AND EQUIPMENT,44835,Pending verification,Pending verification
148466,UGIFT-148494,"Desktop Computer CPU, KEYBOARD MONITOR MOUSE",PENDING VERIFICATION,0,MACHINERY AND EQUIPMENT,44835,Pending verification,Pending verification
148467,UGIFT-148495,"Desktop Computer CPU, KEYBOARD MONITOR MOUSE",PENDING VERIFICATION,0,MACHINERY AND EQUIPMENT,44835,Pending verification,Pending verification
148468,UGIFT-148496,"Desktop Computer CPU, KEYBOARD MONITOR MOUSE",PENDING VERIFICATION,0,MACHINERY AND EQUIPMENT,44835,Pending verification,Pending verification
148469,UGIFT-148497,"Desktop Computer CPU, KEYBOARD MONITOR MOUSE",PENDING VERIFICATION,0,MACHINERY AND EQUIPMENT,44835,Pending verification,Pending verification
148470,UGIFT-148498,"Desktop Computer CPU, KEYBOARD MONITOR MOUSE",PENDING VERIFICATION,0,MACHINERY AND EQUIPMENT,44835,Pending verification,Pending verification
148471,UGIFT-148499,"Desktop Computer CPU, KEYBOARD MONITOR MOUSE",PENDING VERIFICATION,0,MACHINERY AND EQUIPMENT,44835,Pending verification,Pending verification
148472,UGIFT-148500,"Desktop Computer CPU, KEYBOARD MONITOR MOUSE",PENDING VERIFICATION,0,MACHINERY AND EQUIPMENT,44835,Pending verification,Pending verification
148473,UGIFT-148501,"Desktop Computer CPU, KEYBOARD MONITOR MOUSE",PENDING VERIFICATION,0,MACHINERY AND EQUIPMENT,44835,Pending verification,Pending verification
148474,UGIFT-148502,"Desktop Computer CPU, KEYBOARD MONITOR MOUSE",PENDING VERIFICATION,0,MACHINERY AND EQUIPMENT,44835,Pending verification,Pending verification
148475,UGIFT-148503,"Desktop Computer CPU, KEYBOARD MONITOR MOUSE",PENDING VERIFICATION,0,MACHINERY AND EQUIPMENT,44835,Pending verification,Pending verification
148476,UGIFT-148504,"Desktop Computer CPU, KEYBOARD MONITOR MOUSE",PENDING VERIFICATION,0,MACHINERY AND EQUIPMENT,44835,Pending verification,Pending verification
148477,UGIFT-148505,"Desktop Computer CPU, KEYBOARD MONITOR MOUSE",PENDING VERIFICATION,0,MACHINERY AND EQUIPMENT,44835,Pending verification,Pending verification
148478,UGIFT-148506,"Desktop Computer CPU, KEYBOARD MONITOR MOUSE",PENDING VERIFICATION,0,MACHINERY AND EQUIPMENT,44835,Pending verification,Pending verification
148594,UGIFT-148622,UPS,PENDING VERIFICATION,800000,MACHINERY AND EQUIPMENT,44835,Pending verification,Pending verification
148595,UGIFT-148623,UPS,PENDING VERIFICATION,800000,MACHINERY AND EQUIPMENT,44835,Pending verification,Pending verification
148596,UGIFT-148624,UPS,PENDING VERIFICATION,800000,MACHINERY AND EQUIPMENT,44835,Pending verification,Pending verification
148597,UGIFT-148625,UPS,PENDING VERIFICATION,800000,MACHINERY AND EQUIPMENT,44835,Pending verification,Pending verification
148598,UGIFT-148626,UPS,PENDING VERIFICATION,800000,MACHINERY AND EQUIPMENT,44835,Pending verification,Pending verification
148599,UGIFT-148627,UPS,PENDING VERIFICATION,800000,MACHINERY AND EQUIPMENT,44835,Pending verification,Pending verification
148600,UGIFT-148628,UPS,PENDING VERIFICATION,800000,MACHINERY AND EQUIPMENT,44835,Pending verification,Pending verification
148601,UGIFT-148629,UPS,PENDING VERIFICATION,800000,MACHINERY AND EQUIPMENT,44835,Pending verification,Pending verification
148602,UGIFT-148630,UPS,PENDING VERIFICATION,800000,MACHINERY AND EQUIPMENT,44835,Pending verification,Pending verification
148603,UGIFT-148631,UPS,PENDING VERIFICATION,800000,MACHINERY AND EQUIPMENT,44835,Pending verification,Pending verification
148604,UGIFT-148632,UPS,PENDING VERIFICATION,800000,MACHINERY AND EQUIPMENT,44835,Pending verification,Pending verification
148605,UGIFT-148633,UPS,PENDING VERIFICATION,800000,MACHINERY AND EQUIPMENT,44835,Pending verification,Pending verification
148606,UGIFT-148634,UPS,PENDING VERIFICATION,800000,MACHINERY AND EQUIPMENT,44835,Pending verification,Pending verification
148607,UGIFT-148635,UPS,PENDING VERIFICATION,800000,MACHINERY AND EQUIPMENT,44835,Pending verification,Pending verification
148608,UGIFT-148636,UPS,PENDING VERIFICATION,800000,MACHINERY AND EQUIPMENT,44835,Pending verification,Pending verification
148609,UGIFT-148637,UPS,PENDING VERIFICATION,800000,MACHINERY AND EQUIPMENT,44835,Pending verification,Pending verification
148610,UGIFT-148638,UPS,PENDING VERIFICATION,800000,MACHINERY AND EQUIPMENT,44835,Pending verification,Pending verification
148611,UGIFT-148639,UPS,PENDING VERIFICATION,800000,MACHINERY AND EQUIPMENT,44835,Pending verification,Pending verification
148612,UGIFT-148640,UPS,PENDING VERIFICATION,800000,MACHINERY AND EQUIPMENT,44835,Pending verification,Pending verification
148613,UGIFT-148641,UPS,PENDING VERIFICATION,800000,MACHINERY AND EQUIPMENT,44835,Pending verification,Pending verification
148614,UGIFT-148642,UPS,PENDING VERIFICATION,800000,MACHINERY AND EQUIPMENT,44835,Pending verification,Pending verification
148615,UGIFT-148643,UPS,PENDING VERIFICATION,800000,MACHINERY AND EQUIPMENT,44835,Pending verification,Pending verification
148616,UGIFT-148644,UPS,PENDING VERIFICATION,800000,MACHINERY AND EQUIPMENT,44835,Pending verification,Pending verification
148617,UGIFT-148645,UPS,PENDING VERIFICATION,800000,MACHINERY AND EQUIPMENT,44835,Pending verification,Pending verification
148618,UGIFT-148646,UPS,PENDING VERIFICATION,800000,MACHINERY AND EQUIPMENT,44835,Pending verification,Pending verification
148621,UGIFT-148649,Server,PENDING VERIFICATION,4400000,MACHINERY AND EQUIPMENT,44835,Pending verification,Pending verification
148624,UGIFT-148652,wireless router,PENDING VERIFICATION,325000,MACHINERY AND EQUIPMENT,44835,Pending verification,Pending verification
148718,UGIFT-148746,Science Laboratory,CAPITALIZED,185078565,PENDING CLASSIFICATION,43497,185078565.0,0.0
148719,UGIFT-148747,Science Laboratory,CAPITALIZED,185078565,PENDING CLASSIFICATION,43497,185078565.0,0.0
148725,01,Pitch,PENDING VALUATION,Pending valuation,MACHINERY AND EQUIPMENT,45689,Pending calculation,Pending calculation
148736,UGIFT-148764,Pairs of tongs,PENDING VALUATION,Pending valuation,PENDING CLASSIFICATION,45689,Pending calculation,Pending calculation
148740,UGIFT-148768,Aneroid barometers (demonstration),PENDING VERIFICATION,350000,MACHINERY AND EQUIPMENT,45689,Pending verification,Pending verification
148741,UGIFT-148769,Aneroid barometers (demonstration),PENDING VERIFICATION,350000,MACHINERY AND EQUIPMENT,45689,Pending verification,Pending verification
148742,UGIFT-148770,Aneroid barometers (demonstration),PENDING VERIFICATION,350000,MACHINERY AND EQUIPMENT,45689,Pending verification,Pending verification
148743,UGIFT-148771,Aneroid barometers (demonstration),PENDING VERIFICATION,350000,MACHINERY AND EQUIPMENT,45689,Pending verification,Pending verification
148756,UGIFT-148784,Variable resistors (rheostats),PENDING VERIFICATION,800000,MACHINERY AND EQUIPMENT,45689,Pending verification,Pending verification
148758,UGIFT-148786,Biology charts,PENDING VALUATION,Pending valuation,MACHINERY AND EQUIPMENT,45689,Pending calculation,Pending calculation
148769,UGIFT-148797,Electric bells,PENDING VALUATION,Pending valuation,PENDING CLASSIFICATION,45689,Pending calculation,Pending calculation
148788,UGIFT-148816,Drip Stand,PENDING VERIFICATION,31111,MACHINERY AND EQUIPMENT,44369,Pending verification,Pending verification
148789,UGIFT-148817,Drip Stand,PENDING VERIFICATION,31111,MACHINERY AND EQUIPMENT,44369,Pending verification,Pending verification
148790,UGIFT-148818,Drip Stand,PENDING VERIFICATION,31111,MACHINERY AND EQUIPMENT,44369,Pending verification,Pending verification
148791,UGIFT-148819,Drip Stand,PENDING VERIFICATION,31111,MACHINERY AND EQUIPMENT,44369,Pending verification,Pending verification
148792,UGIFT-148820,Drip Stand,PENDING VERIFICATION,31111,MACHINERY AND EQUIPMENT,44369,Pending verification,Pending verification
148793,UGIFT-148821,Drip Stand,PENDING VERIFICATION,31111,MACHINERY AND EQUIPMENT,44369,Pending verification,Pending verification
148794,UGIFT-148822,Drip Stand,PENDING VERIFICATION,31111,MACHINERY AND EQUIPMENT,44369,Pending verification,Pending verification
148795,UGIFT-148823,Drip Stand,PENDING VERIFICATION,31111,MACHINERY AND EQUIPMENT,44369,Pending verification,Pending verification
148796,UGIFT-148824,Drip Stand,PENDING VERIFICATION,31111,MACHINERY AND EQUIPMENT,44369,Pending verification,Pending verification
148797,UGIFT-148825,Drip Stand,PENDING VERIFICATION,31111,MACHINERY AND EQUIPMENT,44369,Pending verification,Pending verification
148798,UGIFT-148826,Drip Stand,PENDING VERIFICATION,31111,MACHINERY AND EQUIPMENT,44369,Pending verification,Pending verification
148799,UGIFT-148827,Drip Stand,PENDING VERIFICATION,31111,MACHINERY AND EQUIPMENT,44369,Pending verification,Pending verification
148800,UGIFT-148828,Drip Stand,PENDING VERIFICATION,31111,MACHINERY AND EQUIPMENT,44369,Pending verification,Pending verification
148801,UGIFT-148829,Drip Stand,PENDING VERIFICATION,31111,MACHINERY AND EQUIPMENT,44369,Pending verification,Pending verification
148805,01,Otoscope,PENDING VERIFICATION,320000,MACHINERY AND EQUIPMENT,44369,Pending verification,Pending verification
148806,01,Patient Trolley,PENDING VERIFICATION,1120000,MACHINERY AND EQUIPMENT,44369,Pending verification,Pending verification
148810,,Audio Visual Equipment,PENDING VERIFICATION,Pending valuation,MACHINERY AND EQUIPMENT,44483,Pending verification,Pending verification
148814,UGIFT-148842,Diagnostic Equipment Set for MCH,PENDING VERIFICATION,560884,MACHINERY AND EQUIPMENT,44369,Pending verification,Pending verification
148815,UGIFT-148843,Diagnostic Equipment Set for MCH,PENDING VERIFICATION,560884,MACHINERY AND EQUIPMENT,44369,Pending verification,Pending verification
148816,UGIFT-148844,Diagnostic Equipment Set for OPD,PENDING VERIFICATION,433673,MACHINERY AND EQUIPMENT,44369,Pending verification,Pending verification
148817,UGIFT-148845,Diagnostic Equipment Set for OPD,PENDING VERIFICATION,433673,MACHINERY AND EQUIPMENT,44369,Pending verification,Pending verification
148844,UGIFT-148872,"Resuscitator Manual, Infant, with all Mask sizes",PENDING VERIFICATION,0,MACHINERY AND EQUIPMENT,44348,Pending verification,Pending verification
148845,UGIFT-148873,"Resuscitator Manual, Infant, with all Mask sizes",PENDING VERIFICATION,0,MACHINERY AND EQUIPMENT,44348,Pending verification,Pending verification
148846,UGIFT-148874,"Resuscitator Manual, Adult, with all mask sizes",PENDING VERIFICATION,0,MACHINERY AND EQUIPMENT,44348,Pending verification,Pending verification
148871,UGIFT-148899,"Haemoglobin Meter, Sahli",PENDING VERIFICATION,825710,MACHINERY AND EQUIPMENT,45901,Pending verification,Pending verification
149186,UGIFT-149214,Patient Screen,PENDING VERIFICATION,350000,MACHINERY AND EQUIPMENT,45825,Pending verification,Pending verification
149187,UGIFT-149215,Patient Screen,PENDING VERIFICATION,350000,MACHINERY AND EQUIPMENT,45825,Pending verification,Pending verification
149188,UGIFT-149216,Patient Screen,PENDING VERIFICATION,350000,MACHINERY AND EQUIPMENT,45825,Pending verification,Pending verification
149189,UGIFT-149217,Patient Screen,PENDING VERIFICATION,350000,MACHINERY AND EQUIPMENT,45825,Pending verification,Pending verification
149211,UGIFT-149239,Audio Visual Equipment,PENDING VALUATION,Pending valuation,MACHINERY AND EQUIPMENT,45825,Pending calculation,Pending calculation
149212,UGIFT-149240,Audio Visual Equipment,PENDING VALUATION,Pending valuation,MACHINERY AND EQUIPMENT,45825,Pending calculation,Pending calculation
151391,UGIFT-151419,10-POWER Surgeprotector,CAPITALIZED,1334468,PENDING CLASSIFICATION,44685,1178780.0,66723.0
151454,UGIFT-151482,Net,PENDING REVIEW,650000,PENDING CLASSIFICATION,44593,606667.0,32500.0
151455,UGIFT-151483,Net,PENDING REVIEW,650000,PENDING CLASSIFICATION,44593,606667.0,32500.0
151457,UGIFT-151485,Multi,CAPITALIZED,6000000,PENDING CLASSIFICATION,44593,5600000.0,300000.0
151497,UGIFT-151525,Internet Connect,CAPITALIZED,3000000,PENDING CLASSIFICATION,44593,2800000.0,150000.0
151574,UGIFT-151602,Internet connector,CAPITALIZED,3000000,PENDING CLASSIFICATION,44958,2200000.0,150000.0
152771,,Gas supply pipe,PENDING VALUATION,Pending valuation,PENDING CLASSIFICATION,44606,Pending calculation,Pending calculation
152777,25,Keys,PENDING VALUATION,Pending valuation,PENDING CLASSIFICATION,44606,Pending calculation,Pending calculation
152781,20,Keys,PENDING VALUATION,Pending valuation,PENDING CLASSIFICATION,44606,Pending calculation,Pending calculation
153392,UGIFT-153420,Audio Visual Equipment,PENDING VALUATION,Pending valuation,MACHINERY AND EQUIPMENT,44621,Pending calculation,Pending calculation
153541,UGIFT-153569,Audio Visual Equipment,PENDING VALUATION,Pending valuation,MACHINERY AND EQUIPMENT,44621,Pending calculation,Pending calculation
153758,UGIFT-153786,was received,PENDING VALUATION,Pending valuation,PENDING CLASSIFICATION,44621,Pending calculation,Pending calculation
153906,UGIFT-153934,Audio Visual Equipment,PENDING VALUATION,Pending valuation,MACHINERY AND EQUIPMENT,44621,Pending calculation,Pending calculation
154098,UGIFT-154126,Audio Visual Equipment,PENDING VALUATION,Pending valuation,MACHINERY AND EQUIPMENT,44621,Pending calculation,Pending calculation
154589,UGIFT-154617,Audio Visual Equipment,PENDING VALUATION,Pending valuation,MACHINERY AND EQUIPMENT,44621,Pending calculation,Pending calculation
154716,UGIFT-154744,Audio Visual Equipment,PENDING VALUATION,Pending valuation,MACHINERY AND EQUIPMENT,44621,Pending calculation,Pending calculation
154862,UGIFT-154890,Audio Visual Equipment,PENDING VALUATION,Pending valuation,MACHINERY AND EQUIPMENT,44621,Pending calculation,Pending calculation
154905,UGIFT-154933,"Delivery Bed, Hydraulic Manual",PENDING VERIFICATION,0,MACHINERY AND EQUIPMENT,44621,Pending verification,Pending verification
154912,UGIFT-154940,"Nebulizer, Ultrasonic",PENDING VERIFICATION,392000,MACHINERY AND EQUIPMENT,45901,Pending verification,Pending verification
155013,UGIFT-155041,Audio Visual Equipment,PENDING VALUATION,Pending valuation,MACHINERY AND EQUIPMENT,44621,Pending calculation,Pending calculation
155319,UGIFT-155347,Classes,PENDING VALUATION,Pending valuation,PENDING CLASSIFICATION,44621,Pending calculation,Pending calculation
155320,UGIFT-155348,Classes,PENDING VALUATION,Pending valuation,PENDING CLASSIFICATION,44621,Pending calculation,Pending calculation
155321,UGIFT-155349,Classes,PENDING VALUATION,Pending valuation,PENDING CLASSIFICATION,44621,Pending calculation,Pending calculation
155322,UGIFT-155350,Classes,PENDING VALUATION,Pending valuation,PENDING CLASSIFICATION,44621,Pending calculation,Pending calculation
155323,UGIFT-155351,Classes,PENDING VALUATION,Pending valuation,PENDING CLASSIFICATION,44621,Pending calculation,Pending calculation
155324,UGIFT-155352,Classes,PENDING VALUATION,Pending valuation,PENDING CLASSIFICATION,44621,Pending calculation,Pending calculation
155325,UGIFT-155353,Bus shed,PENDING VALUATION,Pending valuation,PENDING CLASSIFICATION,44621,Pending calculation,Pending calculation
156451,UGIFT-156479,5.Labaratory equipmenta,PENDING VALUATION,Pending valuation,PENDING CLASSIFICATION,44621,Pending calculation,Pending calculation
156486,UGIFT-156514,Play grPlay ground,PENDING VALUATION,Pending valuation,MACHINERY AND EQUIPMENT,44621,Pending calculation,Pending calculation
156682,UGIFT-156710,Administration,PENDING VALUATION,Pending valuation,PENDING CLASSIFICATION,44317,Pending calculation,Pending calculation
156683,UGIFT-156711,Administration,PENDING VALUATION,Pending valuation,PENDING CLASSIFICATION,44317,Pending calculation,Pending calculation
156684,UGIFT-156712,Administration,PENDING VALUATION,Pending valuation,PENDING CLASSIFICATION,44317,Pending calculation,Pending calculation
156685,UGIFT-156713,block,PENDING VALUATION,Pending valuation,BUILDINGS AND STRUCTURES,44621,Pending calculation,Pending calculation
156689,UGIFT-156717,Block1,PENDING VALUATION,Pending valuation,PENDING CLASSIFICATION,44621,Pending calculation,Pending calculation
156695,UGIFT-156723,laboratory,CAPITALIZED,290408145,PENDING CLASSIFICATION,44287,290408145.0,0.0
157197,UGIFT-157225,Black in color,PENDING VALUATION,Pending valuation,PENDING CLASSIFICATION,44621,Pending calculation,Pending calculation
157358,UGIFT-157386,Play grPlay ground,PENDING VALUATION,Pending valuation,MACHINERY AND EQUIPMENT,44621,Pending calculation,Pending calculation
157670,UGIFT-157698,"Autoclave 20 litres, Duo operated",PENDING VERIFICATION,720000,MACHINERY AND EQUIPMENT,45078,Pending verification,Pending verification
157676,UGIFT-157704,ESR Stand,PENDING VERIFICATION,150000,MACHINERY AND EQUIPMENT,45962,Pending verification,Pending verification
157690,UGIFT-157718,"Stove, Gas",PENDING VERIFICATION,504000,MACHINERY AND EQUIPMENT,45809,Pending verification,Pending verification
157694,UGIFT-157722,Wheel Chair,PENDING VERIFICATION,375000,MACHINERY AND EQUIPMENT,44866,Pending verification,Pending verification
157695,UGIFT-157723,Audio Visual Equipment,PENDING VERIFICATION,Pending valuation,MACHINERY AND EQUIPMENT,44621,Pending verification,Pending verification
157706,UGIFT-157734,Bedside Locker,PENDING VERIFICATION,150000,MACHINERY AND EQUIPMENT,45078,Pending verification,Pending verification
157716,UGIFT-157744,Baby Cot,PENDING VERIFICATION,500000,MACHINERY AND EQUIPMENT,45901,Pending verification,Pending verification
157718,UGIFT-157746,"Hollow Ware Set, Ward",PENDING VERIFICATION,1400000,MACHINERY AND EQUIPMENT,45809,Pending verification,Pending verification
157727,UGIFT-157755,Radiant Infant Warmer,PENDING VERIFICATION,16800000,MACHINERY AND EQUIPMENT,45901,Pending verification,Pending verification
157731,UGIFT-157759,"Bag Valve mask (Ambu Bag), Neonatal",PENDING VERIFICATION,20000,MACHINERY AND EQUIPMENT,45323,Pending verification,Pending verification
157732,UGIFT-157760,Incubator,PENDING VERIFICATION,367080,MACHINERY AND EQUIPMENT,45901,Pending verification,Pending verification
157739,UGIFT-157767,"Autoclave 20 litres, Duo operated",PENDING VERIFICATION,720000,MACHINERY AND EQUIPMENT,45078,Pending verification,Pending verification
157740,UGIFT-157768,"Bowl, Kick",PENDING VERIFICATION,224000,MACHINERY AND EQUIPMENT,45078,Pending verification,Pending verification
157741,UGIFT-157769,Bowl Stand,PENDING VERIFICATION,237998,MACHINERY AND EQUIPMENT,45778,Pending verification,Pending verification
157745,UGIFT-157773,ESR Stand,PENDING VERIFICATION,150000,MACHINERY AND EQUIPMENT,45078,Pending verification,Pending verification
157759,UGIFT-157787,"Stove, Gas",PENDING VERIFICATION,504000,MACHINERY AND EQUIPMENT,45078,Pending verification,Pending verification
157764,UGIFT-157792,Audio Visual Equipment,PENDING VALUATION,Pending valuation,MACHINERY AND EQUIPMENT,44572,Pending calculation,Pending calculation
157766,UGIFT-157794,Diagonistic Equipment set for MCH,PENDING VERIFICATION,200000,MACHINERY AND EQUIPMENT,45078,Pending verification,Pending verification
157767,UGIFT-157795,Diagonistic Equipment set for OPD,PENDING VERIFICATION,1100000,MACHINERY AND EQUIPMENT,45078,Pending verification,Pending verification
157772,UGIFT-157800,"Pulse Oximeter, Hand held",PENDING VERIFICATION,590000,MACHINERY AND EQUIPMENT,45778,Pending verification,Pending verification
157777,UGIFT-157805,"Oxgyen Therapy Apparatus, Minimum 45L Cylinder",PENDING VERIFICATION,1760000,MACHINERY AND EQUIPMENT,45078,Pending verification,Pending verification
157786,UGIFT-157814,Diagnostic Equipment Set for Ward,PENDING VERIFICATION,750000,BUILDINGS AND STRUCTURES,45778,Pending verification,Pending verification
157793,UGIFT-157821,"Fetoscope, Doppler",PENDING VERIFICATION,24000,MACHINERY AND EQUIPMENT,44865,Pending verification,Pending verification
157796,UGIFT-157824,Radiant Infant Warmer,PENDING VERIFICATION,16800000,MACHINERY AND EQUIPMENT,45778,Pending verification,Pending verification
157800,UGIFT-157828,"Bag Valve mask (Ambu Bag), Neonatal",PENDING VERIFICATION,20000,MACHINERY AND EQUIPMENT,45778,Pending verification,Pending verification
157801,UGIFT-157829,Incubator,PENDING VERIFICATION,357903,MACHINERY AND EQUIPMENT,45078,Pending verification,Pending verification
157811,UGIFT-157839,Counting chamber Neubauer- Improved,PENDING VERIFICATION,30000,MACHINERY AND EQUIPMENT,45809,Pending verification,Pending verification
157817,UGIFT-157845,Glucommeter,PENDING VERIFICATION,550000,MACHINERY AND EQUIPMENT,45078,Pending verification,Pending verification
157833,UGIFT-157861,Audio Visual Equipment,PENDING VALUATION,Pending valuation,MACHINERY AND EQUIPMENT,45096,Pending calculation,Pending calculation
157841,UGIFT-157869,"Pulse Oximeter, Hand held",PENDING VERIFICATION,590000,MACHINERY AND EQUIPMENT,45809,Pending verification,Pending verification
157859,UGIFT-157887,MVA Kit,PENDING VERIFICATION,153523,MACHINERY AND EQUIPMENT,45901,Pending verification,Pending verification
157862,UGIFT-157890,"Fetoscope, Doppler",PENDING VERIFICATION,27500,MACHINERY AND EQUIPMENT,45096,Pending verification,Pending verification
157865,UGIFT-157893,Radiant Infant Warmer,PENDING VERIFICATION,26000000,MACHINERY AND EQUIPMENT,45901,Pending verification,Pending verification
157866,UGIFT-157894,"Haemoglobin Meter, Sahli",PENDING VERIFICATION,825710,MACHINERY AND EQUIPMENT,45901,Pending verification,Pending verification
157869,UGIFT-157897,"Bag Valve mask (Ambu Bag), Neonatal",PENDING VERIFICATION,20000,MACHINERY AND EQUIPMENT,45323,Pending verification,Pending verification
157882,UGIFT-157910,ESR Stand,PENDING VERIFICATION,120000,MACHINERY AND EQUIPMENT,44593,Pending verification,Pending verification
157896,UGIFT-157924,"Stove, Gas",PENDING VERIFICATION,560000,MACHINERY AND EQUIPMENT,44593,Pending verification,Pending verification
157901,UGIFT-157929,Audio Visual Equipment,PENDING VALUATION,Pending valuation,MACHINERY AND EQUIPMENT,44593,Pending calculation,Pending calculation
157923,UGIFT-157951,Baby Cot,PENDING VERIFICATION,640000,MACHINERY AND EQUIPMENT,44593,Pending verification,Pending verification
157925,UGIFT-157953,"Hollow Ware Set, Ward",PENDING VERIFICATION,2063317,MACHINERY AND EQUIPMENT,45809,Pending verification,Pending verification
157938,UGIFT-157966,"Bag Valve mask (Ambu Bag), Neonatal",PENDING VERIFICATION,20000,MACHINERY AND EQUIPMENT,44593,Pending verification,Pending verification
157939,UGIFT-157967,Incubator,PENDING VERIFICATION,640000,MACHINERY AND EQUIPMENT,45323,Pending verification,Pending verification
157971,UGIFT-157999,Audio Visual Equipment,PENDING VALUATION,Pending valuation,MACHINERY AND EQUIPMENT,45807,Pending calculation,Pending calculation
158103,UGIFT-158131,Audio Visual Equipment,PENDING VALUATION,Pending valuation,MACHINERY AND EQUIPMENT,45839,Pending calculation,Pending calculation
158145,UGIFT-158173,Item No.,PENDING VALUATION,Pending valuation,PENDING CLASSIFICATION,45839,Pending calculation,Pending calculation
158146,UGIFT-158174,pcs,NOT CAPITALIZED,0,PENDING CLASSIFICATION,45847,0,0
158147,UGIFT-158175,pcs,NOT CAPITALIZED,0,PENDING CLASSIFICATION,45847,0,0
158151,UGIFT-158179,pcs,NOT CAPITALIZED,0,PENDING CLASSIFICATION,45847,0,0
158152,UGIFT-158180,pcs,NOT CAPITALIZED,0,PENDING CLASSIFICATION,45847,0,0
158153,UGIFT-158181,pcs,NOT CAPITALIZED,0,PENDING CLASSIFICATION,45847,0,0
158154,UGIFT-158182,pcs,NOT CAPITALIZED,0,PENDING CLASSIFICATION,45847,0,0
158156,UGIFT-158184,pcs,NOT CAPITALIZED,0,PENDING CLASSIFICATION,45847,0,0
158157,UGIFT-158185,pcs,NOT CAPITALIZED,0,PENDING CLASSIFICATION,45847,0,0
158159,UGIFT-158187,pcs,NOT CAPITALIZED,0,PENDING CLASSIFICATION,45847,0,0
158160,UGIFT-158188,pcs,NOT CAPITALIZED,0,PENDING CLASSIFICATION,45847,0,0
158162,UGIFT-158190,pcs,NOT CAPITALIZED,0,PENDING CLASSIFICATION,45847,0,0
158163,UGIFT-158191,pcs,NOT CAPITALIZED,0,PENDING CLASSIFICATION,45847,0,0
158164,UGIFT-158192,pcs,NOT CAPITALIZED,0,PENDING CLASSIFICATION,45847,0,0
158166,UGIFT-158194,pcs,NOT CAPITALIZED,0,PENDING CLASSIFICATION,45847,0,0
158168,UGIFT-158196,pcs,NOT CAPITALIZED,0,PENDING CLASSIFICATION,45847,0,0
158171,UGIFT-158199,pcs,NOT CAPITALIZED,0,PENDING CLASSIFICATION,45847,0,0
158172,UGIFT-158200,pcs,NOT CAPITALIZED,0,PENDING CLASSIFICATION,45847,0,0
158174,UGIFT-158202,pcs,NOT CAPITALIZED,0,PENDING CLASSIFICATION,45847,0,0
158175,UGIFT-158203,pcs,NOT CAPITALIZED,0,PENDING CLASSIFICATION,45847,0,0
158176,UGIFT-158204,pcs,NOT CAPITALIZED,0,PENDING CLASSIFICATION,45847,0,0
158177,UGIFT-158205,pcs,NOT CAPITALIZED,0,PENDING CLASSIFICATION,45847,0,0
158178,UGIFT-158206,pcs,NOT CAPITALIZED,0,PENDING CLASSIFICATION,45847,0,0
158179,UGIFT-158207,pcs,NOT CAPITALIZED,0,PENDING CLASSIFICATION,45847,0,0
158180,UGIFT-158208,pcs,NOT CAPITALIZED,0,PENDING CLASSIFICATION,45847,0,0
158181,UGIFT-158209,pcs,NOT CAPITALIZED,0,PENDING CLASSIFICATION,45847,0,0
158182,UGIFT-158210,pcs,NOT CAPITALIZED,0,PENDING CLASSIFICATION,45847,0,0
158183,UGIFT-158211,pcs,NOT CAPITALIZED,0,PENDING CLASSIFICATION,45847,0,0
158184,UGIFT-158212,pcs,NOT CAPITALIZED,0,PENDING CLASSIFICATION,45847,0,0
158186,UGIFT-158214,pcs,NOT CAPITALIZED,0,PENDING CLASSIFICATION,45847,0,0
158187,UGIFT-158215,pcs,NOT CAPITALIZED,0,PENDING CLASSIFICATION,45847,0,0
158188,UGIFT-158216,pcs,NOT CAPITALIZED,0,PENDING CLASSIFICATION,45847,0,0
158190,UGIFT-158218,pcs,NOT CAPITALIZED,0,PENDING CLASSIFICATION,45847,0,0
158191,UGIFT-158219,pcs,NOT CAPITALIZED,0,PENDING CLASSIFICATION,45847,0,0
158192,UGIFT-158220,pcs,NOT CAPITALIZED,0,PENDING CLASSIFICATION,45847,0,0
158193,UGIFT-158221,pcs,NOT CAPITALIZED,0,PENDING CLASSIFICATION,45847,0,0
158194,UGIFT-158222,pcs,NOT CAPITALIZED,0,PENDING CLASSIFICATION,45847,0,0
158195,UGIFT-158223,pcs,NOT CAPITALIZED,0,PENDING CLASSIFICATION,45847,0,0
158197,UGIFT-158225,pcs,NOT CAPITALIZED,0,PENDING CLASSIFICATION,45847,0,0
158198,UGIFT-158226,pcs,NOT CAPITALIZED,0,PENDING CLASSIFICATION,45847,0,0
158199,UGIFT-158227,pcs,NOT CAPITALIZED,0,PENDING CLASSIFICATION,45847,0,0
158200,UGIFT-158228,pcs,NOT CAPITALIZED,0,PENDING CLASSIFICATION,45847,0,0
158201,UGIFT-158229,pcs,NOT CAPITALIZED,0,PENDING CLASSIFICATION,45847,0,0
158202,UGIFT-158230,pcs,NOT CAPITALIZED,0,PENDING CLASSIFICATION,45847,0,0
158203,UGIFT-158231,pcs,NOT CAPITALIZED,0,PENDING CLASSIFICATION,45847,0,0
158204,UGIFT-158232,pcs,NOT CAPITALIZED,0,PENDING CLASSIFICATION,45847,0,0
158205,UGIFT-158233,pcs,NOT CAPITALIZED,0,PENDING CLASSIFICATION,45847,0,0
158206,UGIFT-158234,pcs,NOT CAPITALIZED,0,PENDING CLASSIFICATION,45847,0,0
158207,UGIFT-158235,pcs,NOT CAPITALIZED,0,PENDING CLASSIFICATION,45847,0,0
158208,UGIFT-158236,pcs,NOT CAPITALIZED,0,PENDING CLASSIFICATION,45847,0,0
158238,UGIFT-158266,Audio Visual Equipment,PENDING VALUATION,Pending valuation,MACHINERY AND EQUIPMENT,45098,Pending calculation,Pending calculation
158270,UGIFT-158298,Radiant Infant Warmer,PENDING VERIFICATION,16800000,MACHINERY AND EQUIPMENT,45778,Pending verification,Pending verification
158274,UGIFT-158302,"Bag Valve mask (Ambu Bag), Neonatal",PENDING VERIFICATION,20000,MACHINERY AND EQUIPMENT,45778,Pending verification,Pending verification
158275,UGIFT-158303,Incubator,PENDING VERIFICATION,392000,MACHINERY AND EQUIPMENT,45098,Pending verification,Pending verification
158308,UGIFT-158336,Audio Visual Equipment,PENDING VALUATION,Pending valuation,MACHINERY AND EQUIPMENT,45098,Pending calculation,Pending calculation
158340,UGIFT-158368,Radiant Infant Warmer,PENDING VERIFICATION,16800000,MACHINERY AND EQUIPMENT,45778,Pending verification,Pending verification
158344,UGIFT-158372,"Bag Valve mask (Ambu Bag), Neonatal",PENDING VERIFICATION,20000,MACHINERY AND EQUIPMENT,45778,Pending verification,Pending verification
158345,UGIFT-158373,Incubator,PENDING VERIFICATION,392000,MACHINERY AND EQUIPMENT,45098,Pending verification,Pending verification
158505,UGIFT-158533,Audio Visual Equipment,PENDING VALUATION,Pending valuation,MACHINERY AND EQUIPMENT,44593,Pending calculation,Pending calculation
158506,UGIFT-158534,Audio Visual Equipment,PENDING VALUATION,Pending valuation,MACHINERY AND EQUIPMENT,44593,Pending calculation,Pending calculation
158507,UGIFT-158535,Audio Visual Equipment,PENDING VALUATION,Pending valuation,MACHINERY AND EQUIPMENT,44593,Pending calculation,Pending calculation
158508,UGIFT-158536,Audio Visual Equipment,PENDING VALUATION,Pending valuation,MACHINERY AND EQUIPMENT,44593,Pending calculation,Pending calculation
158509,UGIFT-158537,Audio Visual Equipment,PENDING VALUATION,Pending valuation,MACHINERY AND EQUIPMENT,44593,Pending calculation,Pending calculation
158510,UGIFT-158538,Audio Visual Equipment,PENDING VALUATION,Pending valuation,MACHINERY AND EQUIPMENT,44593,Pending calculation,Pending calculation
158511,UGIFT-158539,Audio Visual Equipment,PENDING VALUATION,Pending valuation,MACHINERY AND EQUIPMENT,44593,Pending calculation,Pending calculation
159553,UGIFT-159581,Amylase (25g),PENDING VALUATION,Pending valuation,PENDING CLASSIFICATION,44621,Pending calculation,Pending calculation
159554,UGIFT-159582,Amylase (25g),PENDING VALUATION,Pending valuation,PENDING CLASSIFICATION,44621,Pending calculation,Pending calculation
159555,UGIFT-159583,Amylase (25g),PENDING VALUATION,Pending valuation,PENDING CLASSIFICATION,44621,Pending calculation,Pending calculation
159556,UGIFT-159584,Ascorbic acid (100g),PENDING VALUATION,Pending valuation,PENDING CLASSIFICATION,44621,Pending calculation,Pending calculation
159557,UGIFT-159585,Ascorbic acid (100g),PENDING VALUATION,Pending valuation,PENDING CLASSIFICATION,44621,Pending calculation,Pending calculation
159558,UGIFT-159586,Barium Carbonate (500g),PENDING VALUATION,Pending valuation,PENDING CLASSIFICATION,44621,Pending calculation,Pending calculation
159559,UGIFT-159587,Barium chloride (500g),PENDING VALUATION,Pending valuation,PENDING CLASSIFICATION,44621,Pending calculation,Pending calculation
159560,UGIFT-159588,Barium Nitrate (500g),PENDING VALUATION,Pending valuation,PENDING CLASSIFICATION,44621,Pending calculation,Pending calculation
159561,UGIFT-159589,Barium Sulphate (500g),PENDING VALUATION,Pending valuation,PENDING CLASSIFICATION,44621,Pending calculation,Pending calculation
159562,UGIFT-159590,Benedict's solution (1l),PENDING VALUATION,Pending valuation,PENDING CLASSIFICATION,44621,Pending calculation,Pending calculation
159563,UGIFT-159591,Benedict's solution (1l),PENDING VALUATION,Pending valuation,PENDING CLASSIFICATION,44621,Pending calculation,Pending calculation
159564,UGIFT-159592,Benzaldehyde (500ml),PENDING VALUATION,Pending valuation,PENDING CLASSIFICATION,44621,Pending calculation,Pending calculation
159565,UGIFT-159593,Bicarbonate indicator (500ml),PENDING VALUATION,Pending valuation,PENDING CLASSIFICATION,44621,Pending calculation,Pending calculation
159566,UGIFT-159594,Borax (di-sodium tetraborate (III) – 10 water),PENDING VALUATION,Pending valuation,PENDING CLASSIFICATION,44621,Pending calculation,Pending calculation
159568,UGIFT-159596,Bromine water (500ml),PENDING VALUATION,Pending valuation,PENDING CLASSIFICATION,44621,Pending calculation,Pending calculation
159569,UGIFT-159597,Bromothymol blue (water-solution),PENDING VALUATION,Pending valuation,PENDING CLASSIFICATION,44621,Pending calculation,Pending calculation
159570,UGIFT-159598,Butan-1-ol,PENDING VALUATION,Pending valuation,PENDING CLASSIFICATION,44621,Pending calculation,Pending calculation
159571,UGIFT-159599,Butan-2-ol,PENDING VALUATION,Pending valuation,PENDING CLASSIFICATION,44621,Pending calculation,Pending calculation
159572,UGIFT-159600,Calcium carbonate,PENDING VALUATION,Pending valuation,PENDING CLASSIFICATION,44621,Pending calculation,Pending calculation
159573,UGIFT-159601,Calcium carbonate,PENDING VALUATION,Pending valuation,PENDING CLASSIFICATION,44621,Pending calculation,Pending calculation
159574,UGIFT-159602,Calcium hydroxide (500g),PENDING VALUATION,Pending valuation,PENDING CLASSIFICATION,44621,Pending calculation,Pending calculation
159575,UGIFT-159603,Calcium hydroxide (500g),PENDING VALUATION,Pending valuation,PENDING CLASSIFICATION,44621,Pending calculation,Pending calculation
159576,UGIFT-159604,Calcium metal,PENDING VALUATION,Pending valuation,PENDING CLASSIFICATION,44621,Pending calculation,Pending calculation
159577,UGIFT-159605,Chloroform (Trichloromethane) (1l),PENDING VALUATION,Pending valuation,PENDING CLASSIFICATION,44621,Pending calculation,Pending calculation
159578,UGIFT-159606,Chloroform (Trichloromethane) (1l),PENDING VALUATION,Pending valuation,PENDING CLASSIFICATION,44621,Pending calculation,Pending calculation
159579,UGIFT-159607,Chromium (iii) sulphate (100g),PENDING VALUATION,Pending valuation,PENDING CLASSIFICATION,44621,Pending calculation,Pending calculation
159580,UGIFT-159608,Cobalt carbonate (100g),PENDING VALUATION,Pending valuation,PENDING CLASSIFICATION,44621,Pending calculation,Pending calculation
159581,UGIFT-159609,Cobalt carbonate (100g),PENDING VALUATION,Pending valuation,PENDING CLASSIFICATION,44621,Pending calculation,Pending calculation
159582,UGIFT-159610,Cobaltous chloride,PENDING VALUATION,Pending valuation,PENDING CLASSIFICATION,44621,Pending calculation,Pending calculation
159583,UGIFT-159611,Copper (ii) carbonate (250g),PENDING VALUATION,Pending valuation,PENDING CLASSIFICATION,44621,Pending calculation,Pending calculation
159584,UGIFT-159612,Copper (ii) carbonate (250g),PENDING VALUATION,Pending valuation,PENDING CLASSIFICATION,44621,Pending calculation,Pending calculation
159585,UGIFT-159613,Copper (ii) sulphate (Anhydrous) (250g),PENDING VALUATION,Pending valuation,PENDING CLASSIFICATION,44621,Pending calculation,Pending calculation
159586,UGIFT-159614,Copper (ii) sulphate (Anhydrous) (250g),PENDING VALUATION,Pending valuation,PENDING CLASSIFICATION,44621,Pending calculation,Pending calculation
159587,UGIFT-159615,Copper (II) sulphate PENTAHYDRATE (500g),PENDING VALUATION,Pending valuation,PENDING CLASSIFICATION,44621,Pending calculation,Pending calculation
159588,UGIFT-159616,Cupric chloride (250g),PENDING VALUATION,Pending valuation,PENDING CLASSIFICATION,44621,Pending calculation,Pending calculation
159589,UGIFT-159617,Cupric chloride (250g),PENDING VALUATION,Pending valuation,PENDING CLASSIFICATION,44621,Pending calculation,Pending calculation
159590,UGIFT-159618,Diastase,PENDING VALUATION,Pending valuation,PENDING CLASSIFICATION,44621,Pending calculation,Pending calculation
159591,UGIFT-159619,Di-sodium hydrogen ortho phosphate (250g),PENDING VALUATION,Pending valuation,PENDING CLASSIFICATION,44621,Pending calculation,Pending calculation
159592,UGIFT-159620,"2, 6 Dichlorophenol -indophenol (DCP1P) (1g)",PENDING VALUATION,Pending valuation,PENDING CLASSIFICATION,44621,Pending calculation,Pending calculation
159593,UGIFT-159621,"2, 6 Dichlorophenol -indophenol (DCP1P) (1g)",PENDING VALUATION,Pending valuation,PENDING CLASSIFICATION,44621,Pending calculation,Pending calculation
159594,UGIFT-159622,Dimethylglyoxime (100g),PENDING VALUATION,Pending valuation,PENDING CLASSIFICATION,44621,Pending calculation,Pending calculation
159595,UGIFT-159623,Enzymes (Diastase),NOT RECOGNIZED,Pending valuation,PENDING CLASSIFICATION,Not applicable - not received,0,0
159596,UGIFT-159624,EOSIN (500ml),PENDING VALUATION,Pending valuation,PENDING CLASSIFICATION,44621,Pending calculation,Pending calculation
159597,UGIFT-159625,Ethanol (1l),PENDING VALUATION,Pending valuation,PENDING CLASSIFICATION,44621,Pending calculation,Pending calculation
159598,UGIFT-159626,Ethanol (1l),PENDING VALUATION,Pending valuation,PENDING CLASSIFICATION,44621,Pending calculation,Pending calculation
159599,UGIFT-159627,Ethanol (1l),PENDING VALUATION,Pending valuation,PENDING CLASSIFICATION,44621,Pending calculation,Pending calculation
159600,UGIFT-159628,Fehling's solutions (No.1) (500ml),PENDING VALUATION,Pending valuation,PENDING CLASSIFICATION,44621,Pending calculation,Pending calculation
159601,UGIFT-159629,Fehling's solutions (No.1) (500ml),PENDING VALUATION,Pending valuation,PENDING CLASSIFICATION,44621,Pending calculation,Pending calculation
159602,UGIFT-159630,Fehling's solutions (No.2),PENDING VALUATION,Pending valuation,PENDING CLASSIFICATION,44621,Pending calculation,Pending calculation
159603,UGIFT-159631,Fehling's solutions (No.2),PENDING VALUATION,Pending valuation,PENDING CLASSIFICATION,44621,Pending calculation,Pending calculation
159604,UGIFT-159632,Ferric sulphate (500g),PENDING VALUATION,Pending valuation,PENDING CLASSIFICATION,44621,Pending calculation,Pending calculation
159605,UGIFT-159633,Ferrous sulphate (500g),PENDING VALUATION,Pending valuation,PENDING CLASSIFICATION,44621,Pending calculation,Pending calculation
159606,UGIFT-159634,Formaldehyde (1l),NOT RECOGNIZED,Pending valuation,PENDING CLASSIFICATION,Not applicable - not received,0,0
159607,UGIFT-159635,Formaldehyde (1l),NOT RECOGNIZED,Pending valuation,PENDING CLASSIFICATION,Not applicable - not received,0,0
159608,UGIFT-159636,Formic acid (500ml),PENDING VALUATION,Pending valuation,PENDING CLASSIFICATION,44621,Pending calculation,Pending calculation
159609,UGIFT-159637,Fructose (100g),PENDING VALUATION,Pending valuation,PENDING CLASSIFICATION,44621,Pending calculation,Pending calculation
159610,UGIFT-159638,Fructose (100g),PENDING VALUATION,Pending valuation,PENDING CLASSIFICATION,44621,Pending calculation,Pending calculation
159611,UGIFT-159639,Glucose (500g),PENDING VALUATION,Pending valuation,PENDING CLASSIFICATION,44621,Pending calculation,Pending calculation
159612,UGIFT-159640,Glucose (500g),PENDING VALUATION,Pending valuation,PENDING CLASSIFICATION,44621,Pending calculation,Pending calculation
159613,UGIFT-159641,Hydrochloric acid (concentrated) 1.18 (1l),PENDING VALUATION,Pending valuation,PENDING CLASSIFICATION,44621,Pending calculation,Pending calculation
159614,UGIFT-159642,Hydrochloric acid (concentrated) 1.18 (1l),PENDING VALUATION,Pending valuation,PENDING CLASSIFICATION,44621,Pending calculation,Pending calculation
159615,UGIFT-159643,Hydrogen peroxide (100 vol) (1l),NOT RECOGNIZED,Pending valuation,PENDING CLASSIFICATION,Not applicable - not received,0,0
159616,UGIFT-159644,Hydrogen peroxide (100 vol),NOT RECOGNIZED,Pending valuation,PENDING CLASSIFICATION,Not applicable - not received,0,0
159617,UGIFT-159645,Hydrochloric acid (2.5L),PENDING VALUATION,Pending valuation,PENDING CLASSIFICATION,44621,Pending calculation,Pending calculation
159618,UGIFT-159646,Iodine crystals (100g),PENDING VALUATION,Pending valuation,PENDING CLASSIFICATION,44621,Pending calculation,Pending calculation
159619,UGIFT-159647,Iodine solution (Lugol's) (1l),PENDING VALUATION,Pending valuation,PENDING CLASSIFICATION,44621,Pending calculation,Pending calculation
159620,UGIFT-159648,Iron (III) chloride (anhydrous),PENDING VALUATION,Pending valuation,PENDING CLASSIFICATION,44621,Pending calculation,Pending calculation
159621,UGIFT-159649,Lead (ii) chloride (250g),PENDING VALUATION,Pending valuation,PENDING CLASSIFICATION,44621,Pending calculation,Pending calculation
159622,UGIFT-159650,Lead (ii) chloride (250g),PENDING VALUATION,Pending valuation,PENDING CLASSIFICATION,44621,Pending calculation,Pending calculation
159623,UGIFT-159651,Lead (II) Nitrate (250g),PENDING VALUATION,Pending valuation,PENDING CLASSIFICATION,44621,Pending calculation,Pending calculation
159624,UGIFT-159652,Lead (ii) sulphate (500g),NOT RECOGNIZED,Pending valuation,PENDING CLASSIFICATION,Not applicable - not received,0,0
159625,UGIFT-159653,Lead acetate (250g),PENDING VALUATION,Pending valuation,PENDING CLASSIFICATION,44621,Pending calculation,Pending calculation
159626,UGIFT-159654,Lead carbonate (500g),PENDING VALUATION,Pending valuation,PENDING CLASSIFICATION,44621,Pending calculation,Pending calculation
159627,UGIFT-159655,Lead monoxide,PENDING VALUATION,Pending valuation,PENDING CLASSIFICATION,44621,Pending calculation,Pending calculation
159628,UGIFT-159656,Lead (IV) oxide,PENDING VALUATION,Pending valuation,PENDING CLASSIFICATION,44621,Pending calculation,Pending calculation
159634,UGIFT-159662,Lime water (100ml),PENDING VALUATION,Pending valuation,PENDING CLASSIFICATION,44621,Pending calculation,Pending calculation
159635,UGIFT-159663,Lime water (100ml),PENDING VALUATION,Pending valuation,PENDING CLASSIFICATION,44621,Pending calculation,Pending calculation
159645,UGIFT-159673,Magnesium (ribbon),PENDING VALUATION,Pending valuation,PENDING CLASSIFICATION,44621,Pending calculation,Pending calculation
159646,UGIFT-159674,Magnesium carbonate,PENDING VALUATION,Pending valuation,PENDING CLASSIFICATION,44621,Pending calculation,Pending calculation
159647,UGIFT-159675,Magnesium chloride (500g),PENDING VALUATION,Pending valuation,PENDING CLASSIFICATION,44621,Pending calculation,Pending calculation
159648,UGIFT-159676,Magnesium sulphate (500g),PENDING VALUATION,Pending valuation,PENDING CLASSIFICATION,44621,Pending calculation,Pending calculation
159649,UGIFT-159677,Manganese chloride (500g),PENDING VALUATION,Pending valuation,PENDING CLASSIFICATION,44621,Pending calculation,Pending calculation
159650,UGIFT-159678,Manganese nitrate,NOT RECOGNIZED,Pending valuation,PENDING CLASSIFICATION,Not applicable - not received,0,0
159651,UGIFT-159679,Manganese nitrate,NOT RECOGNIZED,Pending valuation,PENDING CLASSIFICATION,Not applicable - not received,0,0
159652,UGIFT-159680,Manganese (iv) oxide (250g),PENDING VALUATION,Pending valuation,PENDING CLASSIFICATION,44621,Pending calculation,Pending calculation
159653,UGIFT-159681,Manganese (iv) oxide (250g),PENDING VALUATION,Pending valuation,PENDING CLASSIFICATION,44621,Pending calculation,Pending calculation
159654,UGIFT-159682,Marble chips (500g),PENDING VALUATION,Pending valuation,PENDING CLASSIFICATION,44621,Pending calculation,Pending calculation
159655,UGIFT-159683,Marble chips (500g),PENDING VALUATION,Pending valuation,PENDING CLASSIFICATION,44621,Pending calculation,Pending calculation
159656,UGIFT-159684,Methanol (1l),PENDING VALUATION,Pending valuation,PENDING CLASSIFICATION,44621,Pending calculation,Pending calculation
159657,UGIFT-159685,Methyl orange indicator (25g),PENDING VALUATION,Pending valuation,PENDING CLASSIFICATION,44621,Pending calculation,Pending calculation
159658,UGIFT-159686,Methyl orange indicator (25g),PENDING VALUATION,Pending valuation,PENDING CLASSIFICATION,44621,Pending calculation,Pending calculation
159660,UGIFT-159688,Nickel (ii) carbonate (100g),PENDING VALUATION,Pending valuation,PENDING CLASSIFICATION,44621,Pending calculation,Pending calculation
159661,UGIFT-159689,Nickel (ii) chloride (100g),NOT RECOGNIZED,Pending valuation,PENDING CLASSIFICATION,Not applicable - not received,0,0
159662,UGIFT-159690,Nickel (ii) nitrate,PENDING VALUATION,Pending valuation,PENDING CLASSIFICATION,44621,Pending calculation,Pending calculation
159663,UGIFT-159691,Nickel (ii) sulphate (100g),PENDING VALUATION,Pending valuation,PENDING CLASSIFICATION,44621,Pending calculation,Pending calculation
159664,UGIFT-159692,Nitric acid (concentrated) 50 %,PENDING VALUATION,Pending valuation,PENDING CLASSIFICATION,44621,Pending calculation,Pending calculation
159665,UGIFT-159693,Nitric acid (concentrated),PENDING VALUATION,Pending valuation,PENDING CLASSIFICATION,44621,Pending calculation,Pending calculation
159666,UGIFT-159694,Oxalic acid (500g),PENDING VALUATION,Pending valuation,PENDING CLASSIFICATION,44621,Pending calculation,Pending calculation
159667,UGIFT-159695,Oxalic acid (500g),PENDING VALUATION,Pending valuation,PENDING CLASSIFICATION,44621,Pending calculation,Pending calculation
159668,UGIFT-159696,Oxalic acid (500g),PENDING VALUATION,Pending valuation,PENDING CLASSIFICATION,44621,Pending calculation,Pending calculation
159669,UGIFT-159697,Pepsin (10g),PENDING VALUATION,Pending valuation,PENDING CLASSIFICATION,44621,Pending calculation,Pending calculation
159670,UGIFT-159698,Phenol crystals,PENDING VALUATION,Pending valuation,PENDING CLASSIFICATION,44621,Pending calculation,Pending calculation
159671,UGIFT-159699,Phenol crystals,PENDING VALUATION,Pending valuation,PENDING CLASSIFICATION,44621,Pending calculation,Pending calculation
159672,UGIFT-159700,Phenolphthalein indicator solid (25g),PENDING VALUATION,Pending valuation,PENDING CLASSIFICATION,44621,Pending calculation,Pending calculation
159673,UGIFT-159701,Phenolphthalein indicator solid (25g),PENDING VALUATION,Pending valuation,PENDING CLASSIFICATION,44621,Pending calculation,Pending calculation
159674,UGIFT-159702,Phenolphthalein indicator solid (25g),PENDING VALUATION,Pending valuation,PENDING CLASSIFICATION,44621,Pending calculation,Pending calculation
159675,UGIFT-159703,Phenolphthalein indicator solid (25g),PENDING VALUATION,Pending valuation,PENDING CLASSIFICATION,44621,Pending calculation,Pending calculation
159676,UGIFT-159704,Plasticine bars (500g),PENDING VALUATION,Pending valuation,PENDING CLASSIFICATION,44621,Pending calculation,Pending calculation
159677,UGIFT-159705,Potassium bromide (500g),PENDING VALUATION,Pending valuation,PENDING CLASSIFICATION,44621,Pending calculation,Pending calculation
159678,UGIFT-159706,Potassium chlorate (100g),PENDING VALUATION,Pending valuation,PENDING CLASSIFICATION,44621,Pending calculation,Pending calculation
159679,UGIFT-159707,Potassium chromate (500g),PENDING VALUATION,Pending valuation,PENDING CLASSIFICATION,44621,Pending calculation,Pending calculation
159680,UGIFT-159708,Potassium dichromate (500g),PENDING VALUATION,Pending valuation,PENDING CLASSIFICATION,44621,Pending calculation,Pending calculation
159681,UGIFT-159709,Potassium dichromate,NOT RECOGNIZED,Pending valuation,PENDING CLASSIFICATION,Not applicable - not received,0,0
159682,UGIFT-159710,Potassium ferricyanide,PENDING VALUATION,Pending valuation,PENDING CLASSIFICATION,44621,Pending calculation,Pending calculation
159683,UGIFT-159711,Potassium ferrous cyanide,PENDING VALUATION,Pending valuation,PENDING CLASSIFICATION,44621,Pending calculation,Pending calculation
159684,UGIFT-159712,Potassium iodate (100g),PENDING VALUATION,Pending valuation,PENDING CLASSIFICATION,44621,Pending calculation,Pending calculation
159685,UGIFT-159713,Potassium iodate (100g),PENDING VALUATION,Pending valuation,PENDING CLASSIFICATION,44621,Pending calculation,Pending calculation
159686,UGIFT-159714,Potassium iodide (100g),PENDING VALUATION,Pending valuation,PENDING CLASSIFICATION,44621,Pending calculation,Pending calculation
159687,UGIFT-159715,Potassium nitrate,PENDING VALUATION,Pending valuation,PENDING CLASSIFICATION,44621,Pending calculation,Pending calculation
159688,UGIFT-159716,Potassium permanganate (500g),PENDING VALUATION,Pending valuation,PENDING CLASSIFICATION,44621,Pending calculation,Pending calculation
159689,UGIFT-159717,Potassium thiocyanate (500g),PENDING VALUATION,Pending valuation,PENDING CLASSIFICATION,44621,Pending calculation,Pending calculation
159690,UGIFT-159718,Propan-2-ol (Iso-propyl alcohol) (500ml),PENDING VALUATION,Pending valuation,PENDING CLASSIFICATION,44621,Pending calculation,Pending calculation
159691,UGIFT-159719,Propan-1-ol,PENDING VALUATION,Pending valuation,PENDING CLASSIFICATION,44621,Pending calculation,Pending calculation
159692,UGIFT-159720,Silver nitrate (School grade) (10g),PENDING VALUATION,Pending valuation,PENDING CLASSIFICATION,44621,Pending calculation,Pending calculation
159693,UGIFT-159721,Silver nitrate (School grade) (10g),PENDING VALUATION,Pending valuation,PENDING CLASSIFICATION,44621,Pending calculation,Pending calculation
159694,UGIFT-159722,Sodium acetate (ethanoate),PENDING VALUATION,Pending valuation,PENDING CLASSIFICATION,44621,Pending calculation,Pending calculation
159695,UGIFT-159723,Sodium benzoate,PENDING VALUATION,Pending valuation,PENDING CLASSIFICATION,44621,Pending calculation,Pending calculation
159696,UGIFT-159724,Sodium bicarbonate (sodium hydrogen carbonate),PENDING VALUATION,Pending valuation,PENDING CLASSIFICATION,44621,Pending calculation,Pending calculation
159697,UGIFT-159725,Sodium bicarbonate (sodium hydrogen carbonate),PENDING VALUATION,Pending valuation,PENDING CLASSIFICATION,44621,Pending calculation,Pending calculation
159698,UGIFT-159726,Sodium bismuthate (25g),PENDING VALUATION,Pending valuation,PENDING CLASSIFICATION,44621,Pending calculation,Pending calculation
159699,UGIFT-159727,Sodium carbonate (anhydrous) (500g),PENDING VALUATION,Pending valuation,PENDING CLASSIFICATION,44621,Pending calculation,Pending calculation
159700,UGIFT-159728,Sodium carbonate (anhydrous) (500g),PENDING VALUATION,Pending valuation,PENDING CLASSIFICATION,44621,Pending calculation,Pending calculation
159701,UGIFT-159729,Sodium carbonate (decahydrate) (500g),PENDING VALUATION,Pending valuation,PENDING CLASSIFICATION,44621,Pending calculation,Pending calculation
159702,UGIFT-159730,Sodium hydroxide pellets (500g),PENDING VALUATION,Pending valuation,PENDING CLASSIFICATION,44621,Pending calculation,Pending calculation
159703,UGIFT-159731,Sodium hydroxide pellets (500g),PENDING VALUATION,Pending valuation,PENDING CLASSIFICATION,44621,Pending calculation,Pending calculation
159704,UGIFT-159732,Sodium hydroxide pellets (500g),PENDING VALUATION,Pending valuation,PENDING CLASSIFICATION,44621,Pending calculation,Pending calculation
159705,UGIFT-159733,Sodium hydroxide pellets (500g),PENDING VALUATION,Pending valuation,PENDING CLASSIFICATION,44621,Pending calculation,Pending calculation
159706,UGIFT-159734,Sodium metabisulpite,PENDING VALUATION,Pending valuation,PENDING CLASSIFICATION,44621,Pending calculation,Pending calculation
159707,UGIFT-159735,Sodium sulphite (hydrated),PENDING VALUATION,Pending valuation,PENDING CLASSIFICATION,44621,Pending calculation,Pending calculation
159708,UGIFT-159736,Sodium thiosulphate (500g),PENDING VALUATION,Pending valuation,PENDING CLASSIFICATION,44621,Pending calculation,Pending calculation
159709,UGIFT-159737,Stains (Methylene blue (25g),PENDING VALUATION,Pending valuation,PENDING CLASSIFICATION,44621,Pending calculation,Pending calculation
159710,UGIFT-159738,Starch (soluble) (500g),PENDING VALUATION,Pending valuation,PENDING CLASSIFICATION,44621,Pending calculation,Pending calculation
159711,UGIFT-159739,Starch (soluble) (500g),PENDING VALUATION,Pending valuation,PENDING CLASSIFICATION,44621,Pending calculation,Pending calculation
159712,UGIFT-159740,Sucrose (500g),PENDING VALUATION,Pending valuation,PENDING CLASSIFICATION,44621,Pending calculation,Pending calculation
159713,UGIFT-159741,Sucrose (500g),PENDING VALUATION,Pending valuation,PENDING CLASSIFICATION,44621,Pending calculation,Pending calculation
159714,UGIFT-159742,Sudan (iii) solution (25g),PENDING VALUATION,Pending valuation,PENDING CLASSIFICATION,44621,Pending calculation,Pending calculation
159715,UGIFT-159743,Sulphuric acid (concentrated) (1l),PENDING VALUATION,Pending valuation,PENDING CLASSIFICATION,44621,Pending calculation,Pending calculation
159716,UGIFT-159744,Sulphuric acid (concentrated) (1l),PENDING VALUATION,Pending valuation,PENDING CLASSIFICATION,44621,Pending calculation,Pending calculation
159717,UGIFT-159745,Sulphur powder (500g),PENDING VALUATION,Pending valuation,PENDING CLASSIFICATION,44621,Pending calculation,Pending calculation
159718,UGIFT-159746,Sulphur powder (500g),PENDING VALUATION,Pending valuation,PENDING CLASSIFICATION,44621,Pending calculation,Pending calculation
159719,UGIFT-159747,Trypsin (10g),PENDING VALUATION,Pending valuation,PENDING CLASSIFICATION,44621,Pending calculation,Pending calculation
159720,UGIFT-159748,Trypsin (10g),PENDING VALUATION,Pending valuation,PENDING CLASSIFICATION,44621,Pending calculation,Pending calculation
159721,UGIFT-159749,Universal indicator (solution pH 1.0 –14.0),PENDING VALUATION,Pending valuation,PENDING CLASSIFICATION,44621,Pending calculation,Pending calculation
159722,UGIFT-159750,Universal indicator (solution pH 4.0 –11.0),PENDING VALUATION,Pending valuation,PENDING CLASSIFICATION,44621,Pending calculation,Pending calculation
159723,UGIFT-159751,Universal indicator pH chart 1.0 – 14.0,PENDING VALUATION,Pending valuation,PENDING CLASSIFICATION,44621,Pending calculation,Pending calculation
159724,UGIFT-159752,Urea (500g),PENDING VALUATION,Pending valuation,PENDING CLASSIFICATION,44621,Pending calculation,Pending calculation
159725,UGIFT-159753,Yeast (250g),NOT RECOGNIZED,Pending valuation,PENDING CLASSIFICATION,Not applicable - not received,0,0
159726,UGIFT-159754,Zinc (granules) (100g),PENDING VALUATION,Pending valuation,PENDING CLASSIFICATION,44621,Pending calculation,Pending calculation
159727,UGIFT-159755,Zinc powder (zinc dust),PENDING VALUATION,Pending valuation,PENDING CLASSIFICATION,44621,Pending calculation,Pending calculation
159728,UGIFT-159756,Zinc carbonate (250g),PENDING VALUATION,Pending valuation,PENDING CLASSIFICATION,44621,Pending calculation,Pending calculation
159729,UGIFT-159757,Zinc carbonate (250g),PENDING VALUATION,Pending valuation,PENDING CLASSIFICATION,44621,Pending calculation,Pending calculation
159730,UGIFT-159758,Zinc sulphate (500g),PENDING VALUATION,Pending valuation,PENDING CLASSIFICATION,44621,Pending calculation,Pending calculation
159731,UGIFT-159759,Charts digestive system,NOT RECOGNIZED,Pending valuation,PENDING CLASSIFICATION,Not applicable - not received,0,0
159732,UGIFT-159760,Charts human ear,NOT RECOGNIZED,Pending valuation,PENDING CLASSIFICATION,Not applicable - not received,0,0
159733,UGIFT-159761,Charts human nervous system,NOT RECOGNIZED,Pending valuation,PENDING CLASSIFICATION,Not applicable - not received,0,0
159734,UGIFT-159762,Charts human teeth,NOT RECOGNIZED,Pending valuation,PENDING CLASSIFICATION,Not applicable - not received,0,0
159735,UGIFT-159763,Charts reproductive female,NOT RECOGNIZED,Pending valuation,PENDING CLASSIFICATION,Not applicable - not received,0,0
159736,UGIFT-159764,Charts reproductive male,NOT RECOGNIZED,Pending valuation,PENDING CLASSIFICATION,Not applicable - not received,0,0
159737,UGIFT-159765,Charts skeleton,NOT RECOGNIZED,Pending valuation,PENDING CLASSIFICATION,Not applicable - not received,0,0
159740,UGIFT-159768,Model human Ear,PENDING VALUATION,Pending valuation,PENDING CLASSIFICATION,44621,Pending calculation,Pending calculation
159741,UGIFT-159769,Model human Eye,PENDING VALUATION,Pending valuation,PENDING CLASSIFICATION,44621,Pending calculation,Pending calculation
159742,UGIFT-159770,Model human Nervous system,PENDING VALUATION,Pending valuation,PENDING CLASSIFICATION,44621,Pending calculation,Pending calculation
159743,UGIFT-159771,Model human Teeth,PENDING VALUATION,Pending valuation,PENDING CLASSIFICATION,44621,Pending calculation,Pending calculation
159746,UGIFT-159774,Model Skeleton Full Size with Stand,PENDING VALUATION,Pending valuation,PENDING CLASSIFICATION,44621,Pending calculation,Pending calculation
159918,UGIFT-159946,LED movable theatre Light with back up battery,PENDING VALUATION,Pending valuation,PENDING CLASSIFICATION,44621,Pending calculation,Pending calculation
161178,UGIFT-161206,Acetaldehyde,PENDING VALUATION,Pending valuation,PENDING CLASSIFICATION,44621,Pending calculation,Pending calculation
161179,UGIFT-161207,Acetic acid,PENDING VALUATION,Pending valuation,PENDING CLASSIFICATION,44621,Pending calculation,Pending calculation
161180,UGIFT-161208,Abumen egg powder,PENDING VALUATION,Pending valuation,PENDING CLASSIFICATION,44621,Pending calculation,Pending calculation
161181,UGIFT-161209,Acetone(propanone),PENDING VALUATION,Pending valuation,PENDING CLASSIFICATION,44621,Pending calculation,Pending calculation
161182,UGIFT-161210,Aluminium Chloride,PENDING VALUATION,Pending valuation,PENDING CLASSIFICATION,44621,Pending calculation,Pending calculation
161183,UGIFT-161211,Aluminium Oxide,PENDING VALUATION,Pending valuation,PENDING CLASSIFICATION,44621,Pending calculation,Pending calculation
161184,UGIFT-161212,Aluminium nitrate,PENDING VALUATION,Pending valuation,PENDING CLASSIFICATION,44621,Pending calculation,Pending calculation
161185,UGIFT-161213,Aluminium sulphate,PENDING VALUATION,Pending valuation,PENDING CLASSIFICATION,44621,Pending calculation,Pending calculation
161186,UGIFT-161214,Ammonia solution-02,PENDING VALUATION,Pending valuation,PENDING CLASSIFICATION,44621,Pending calculation,Pending calculation
161187,UGIFT-161215,Ammonia Carbonate,PENDING VALUATION,Pending valuation,PENDING CLASSIFICATION,44621,Pending calculation,Pending calculation
161188,UGIFT-161216,Ammonia chloride,PENDING VALUATION,Pending valuation,PENDING CLASSIFICATION,44621,Pending calculation,Pending calculation
161189,UGIFT-161217,Ammonia ferric sulphate,PENDING VALUATION,Pending valuation,PENDING CLASSIFICATION,44621,Pending calculation,Pending calculation
161190,UGIFT-161218,Ammonia Nitrate,PENDING VALUATION,Pending valuation,PENDING CLASSIFICATION,44621,Pending calculation,Pending calculation
161191,UGIFT-161219,Ammonia oxalate,PENDING VALUATION,Pending valuation,PENDING CLASSIFICATION,44621,Pending calculation,Pending calculation
161192,UGIFT-161220,Ammonia sulphate,PENDING VALUATION,Pending valuation,PENDING CLASSIFICATION,44621,Pending calculation,Pending calculation
161193,UGIFT-161221,Ammonia thiocynate,PENDING VALUATION,Pending valuation,PENDING CLASSIFICATION,44621,Pending calculation,Pending calculation
161194,UGIFT-161222,Amalyse -03,PENDING VALUATION,Pending valuation,PENDING CLASSIFICATION,44621,Pending calculation,Pending calculation
161195,UGIFT-161223,Ascorbic acid-02,PENDING VALUATION,Pending valuation,PENDING CLASSIFICATION,44621,Pending calculation,Pending calculation
161196,UGIFT-161224,Barium Carbonate,PENDING VALUATION,Pending valuation,PENDING CLASSIFICATION,44621,Pending calculation,Pending calculation
161197,UGIFT-161225,Barium Chloride,PENDING VALUATION,Pending valuation,PENDING CLASSIFICATION,44621,Pending calculation,Pending calculation
161198,UGIFT-161226,Barium Nitrate,PENDING VALUATION,Pending valuation,PENDING CLASSIFICATION,44621,Pending calculation,Pending calculation
161199,UGIFT-161227,Barium Sulphate,PENDING VALUATION,Pending valuation,PENDING CLASSIFICATION,44621,Pending calculation,Pending calculation
161200,UGIFT-161228,Benedict's Solution-02,PENDING VALUATION,Pending valuation,PENDING CLASSIFICATION,44621,Pending calculation,Pending calculation
161201,UGIFT-161229,Benzaldehyde,PENDING VALUATION,Pending valuation,PENDING CLASSIFICATION,44621,Pending calculation,Pending calculation
161202,UGIFT-161230,Bicarbonate Indicator,PENDING VALUATION,Pending valuation,PENDING CLASSIFICATION,44621,Pending calculation,Pending calculation
161203,UGIFT-161231,Borax,PENDING VALUATION,Pending valuation,PENDING CLASSIFICATION,44621,Pending calculation,Pending calculation
161205,UGIFT-161233,Bromine Water,PENDING VALUATION,Pending valuation,PENDING CLASSIFICATION,44621,Pending calculation,Pending calculation
161206,UGIFT-161234,Bomothymol blu,PENDING VALUATION,Pending valuation,PENDING CLASSIFICATION,44621,Pending calculation,Pending calculation
161207,UGIFT-161235,Butan -1,PENDING VALUATION,Pending valuation,PENDING CLASSIFICATION,44621,Pending calculation,Pending calculation
161208,UGIFT-161236,Butan,PENDING VALUATION,Pending valuation,PENDING CLASSIFICATION,44621,Pending calculation,Pending calculation
161209,UGIFT-161237,Butan,PENDING VALUATION,Pending valuation,PENDING CLASSIFICATION,44621,Pending calculation,Pending calculation
161210,UGIFT-161238,Calcium Carbonate-02,PENDING VALUATION,Pending valuation,PENDING CLASSIFICATION,44621,Pending calculation,Pending calculation
161211,UGIFT-161239,Calcium hydroxide-02,PENDING VALUATION,Pending valuation,PENDING CLASSIFICATION,44621,Pending calculation,Pending calculation
161212,UGIFT-161240,Calcium metal,PENDING VALUATION,Pending valuation,PENDING CLASSIFICATION,44621,Pending calculation,Pending calculation
161213,UGIFT-161241,Chloroform (Trichloromethane),PENDING VALUATION,Pending valuation,PENDING CLASSIFICATION,44621,Pending calculation,Pending calculation
161214,UGIFT-161242,Chromium (iii) Sulphate,PENDING VALUATION,Pending valuation,PENDING CLASSIFICATION,44621,Pending calculation,Pending calculation
161215,UGIFT-161243,Cobalt Carbonate-02,PENDING VALUATION,Pending valuation,PENDING CLASSIFICATION,44621,Pending calculation,Pending calculation
161216,UGIFT-161244,Cobaltous Chloride,PENDING VALUATION,Pending valuation,PENDING CLASSIFICATION,44621,Pending calculation,Pending calculation
161217,UGIFT-161245,Copper (ii) Carbonate-02,PENDING VALUATION,Pending valuation,PENDING CLASSIFICATION,44621,Pending calculation,Pending calculation
161218,UGIFT-161246,Copper (ii) Sulphate (Anhydrous),PENDING VALUATION,Pending valuation,PENDING CLASSIFICATION,44621,Pending calculation,Pending calculation
161219,UGIFT-161247,Copper (II)Sulphate PENTAHYDRATE],PENDING VALUATION,Pending valuation,PENDING CLASSIFICATION,44621,Pending calculation,Pending calculation
161220,UGIFT-161248,Cupric Chloride-02,PENDING VALUATION,Pending valuation,PENDING CLASSIFICATION,44621,Pending calculation,Pending calculation
161221,UGIFT-161249,Diastase,PENDING VALUATION,Pending valuation,PENDING CLASSIFICATION,44621,Pending calculation,Pending calculation
161222,UGIFT-161250,Di-Sodium hydrogen ortho phosphate,PENDING VALUATION,Pending valuation,PENDING CLASSIFICATION,44621,Pending calculation,Pending calculation
161223,UGIFT-161251,"2,6 Dichlorophenol -indophenol-02",PENDING VALUATION,Pending valuation,PENDING CLASSIFICATION,44621,Pending calculation,Pending calculation
161224,UGIFT-161252,Dimethylglyoxime,PENDING VALUATION,Pending valuation,PENDING CLASSIFICATION,44621,Pending calculation,Pending calculation
161225,UGIFT-161253,Enzymes (diastase),PENDING VALUATION,Pending valuation,PENDING CLASSIFICATION,44621,Pending calculation,Pending calculation
161226,UGIFT-161254,Eosin,PENDING VALUATION,Pending valuation,PENDING CLASSIFICATION,44621,Pending calculation,Pending calculation
161227,UGIFT-161255,Ethanol-03,PENDING VALUATION,Pending valuation,PENDING CLASSIFICATION,44621,Pending calculation,Pending calculation
161228,UGIFT-161256,Fehling's solutions (No.1)-02,PENDING VALUATION,Pending valuation,PENDING CLASSIFICATION,44621,Pending calculation,Pending calculation
161229,UGIFT-161257,Fehling's solutions (No.2)-02,PENDING VALUATION,Pending valuation,PENDING CLASSIFICATION,44621,Pending calculation,Pending calculation
161230,UGIFT-161258,Ferric Sulphate,PENDING VALUATION,Pending valuation,PENDING CLASSIFICATION,44621,Pending calculation,Pending calculation
161231,UGIFT-161259,Ferrous Sulphate,PENDING VALUATION,Pending valuation,PENDING CLASSIFICATION,44621,Pending calculation,Pending calculation
161232,UGIFT-161260,Formaldehyde-02,PENDING VALUATION,Pending valuation,PENDING CLASSIFICATION,44621,Pending calculation,Pending calculation
161233,UGIFT-161261,Formic acid,PENDING VALUATION,Pending valuation,PENDING CLASSIFICATION,44621,Pending calculation,Pending calculation
161234,UGIFT-161262,Fructose-02,PENDING VALUATION,Pending valuation,PENDING CLASSIFICATION,44621,Pending calculation,Pending calculation
161235,UGIFT-161263,Glucose-02,PENDING VALUATION,Pending valuation,PENDING CLASSIFICATION,44621,Pending calculation,Pending calculation
161236,UGIFT-161264,Hydrochloric acid-02,PENDING VALUATION,Pending valuation,PENDING CLASSIFICATION,44621,Pending calculation,Pending calculation
161237,UGIFT-161265,Hydrogen peroxide (100 vol),PENDING VALUATION,Pending valuation,PENDING CLASSIFICATION,44621,Pending calculation,Pending calculation
161238,UGIFT-161266,Hydrogen peroxide (100 vol),PENDING VALUATION,Pending valuation,PENDING CLASSIFICATION,44621,Pending calculation,Pending calculation
161239,UGIFT-161267,Hydrochloric acid (2.5 L),PENDING VALUATION,Pending valuation,PENDING CLASSIFICATION,44621,Pending calculation,Pending calculation
161240,UGIFT-161268,Iodine crystals,PENDING VALUATION,Pending valuation,PENDING CLASSIFICATION,44621,Pending calculation,Pending calculation
161241,UGIFT-161269,Iodine Solution (Lugol's),PENDING VALUATION,Pending valuation,PENDING CLASSIFICATION,44621,Pending calculation,Pending calculation
161242,UGIFT-161270,Iron (III)Chloride (anhydrous),PENDING VALUATION,Pending valuation,PENDING CLASSIFICATION,44621,Pending calculation,Pending calculation
161243,UGIFT-161271,Lead (ii)chloride -02,PENDING VALUATION,Pending valuation,PENDING CLASSIFICATION,44621,Pending calculation,Pending calculation
161244,UGIFT-161272,Lead (ii)Nitrate,PENDING VALUATION,Pending valuation,PENDING CLASSIFICATION,44621,Pending calculation,Pending calculation
161245,UGIFT-161273,Lead (ii) Sulphate,PENDING VALUATION,Pending valuation,PENDING CLASSIFICATION,44621,Pending calculation,Pending calculation
161246,UGIFT-161274,Lead acetate,PENDING VALUATION,Pending valuation,PENDING CLASSIFICATION,44621,Pending calculation,Pending calculation
161247,UGIFT-161275,Lead carbonate,PENDING VALUATION,Pending valuation,PENDING CLASSIFICATION,44621,Pending calculation,Pending calculation
161248,UGIFT-161276,Lead monoxide,PENDING VALUATION,Pending valuation,PENDING CLASSIFICATION,44621,Pending calculation,Pending calculation
161249,UGIFT-161277,Lead (IV) oxide,PENDING VALUATION,Pending valuation,PENDING CLASSIFICATION,44621,Pending calculation,Pending calculation
161250,UGIFT-161278,LEISHMANS-05,PENDING VALUATION,Pending valuation,PENDING CLASSIFICATION,44621,Pending calculation,Pending calculation
161251,UGIFT-161279,Lime water-02,PENDING VALUATION,Pending valuation,PENDING CLASSIFICATION,44621,Pending calculation,Pending calculation
161257,UGIFT-161285,Magnesium (ribbon),PENDING VALUATION,Pending valuation,PENDING CLASSIFICATION,44621,Pending calculation,Pending calculation
161258,UGIFT-161286,Magnesium carbonate,PENDING VALUATION,Pending valuation,PENDING CLASSIFICATION,44621,Pending calculation,Pending calculation
161259,UGIFT-161287,Magnesium chloride,PENDING VALUATION,Pending valuation,PENDING CLASSIFICATION,44621,Pending calculation,Pending calculation
161260,UGIFT-161288,Magnesium Sulphate,PENDING VALUATION,Pending valuation,PENDING CLASSIFICATION,44621,Pending calculation,Pending calculation
161261,UGIFT-161289,Manganese chloride,PENDING VALUATION,Pending valuation,PENDING CLASSIFICATION,44621,Pending calculation,Pending calculation
161262,UGIFT-161290,Manganese nitrate-02,PENDING VALUATION,Pending valuation,PENDING CLASSIFICATION,44621,Pending calculation,Pending calculation
161263,UGIFT-161291,Manganese (iv)oxide-02,PENDING VALUATION,Pending valuation,PENDING CLASSIFICATION,44621,Pending calculation,Pending calculation
161264,UGIFT-161292,Marble chips-02,PENDING VALUATION,Pending valuation,PENDING CLASSIFICATION,44621,Pending calculation,Pending calculation
161265,UGIFT-161293,Methanol,PENDING VALUATION,Pending valuation,PENDING CLASSIFICATION,44621,Pending calculation,Pending calculation
161266,UGIFT-161294,Methyl orange indicator-02,PENDING VALUATION,Pending valuation,PENDING CLASSIFICATION,44621,Pending calculation,Pending calculation
161268,UGIFT-161296,Nickel (ii) carbonate,PENDING VALUATION,Pending valuation,PENDING CLASSIFICATION,44621,Pending calculation,Pending calculation
161269,UGIFT-161297,Nickel (ii) chloride,PENDING VALUATION,Pending valuation,PENDING CLASSIFICATION,44621,Pending calculation,Pending calculation
161270,UGIFT-161298,Nickel (ii) nitrate,PENDING VALUATION,Pending valuation,PENDING CLASSIFICATION,44621,Pending calculation,Pending calculation
161271,UGIFT-161299,Nickel (ii) sulphate,PENDING VALUATION,Pending valuation,PENDING CLASSIFICATION,44621,Pending calculation,Pending calculation
161272,UGIFT-161300,Nitric acid (concentrated),PENDING VALUATION,Pending valuation,PENDING CLASSIFICATION,44621,Pending calculation,Pending calculation
161273,UGIFT-161301,Nitric acid (concentrated),PENDING VALUATION,Pending valuation,PENDING CLASSIFICATION,44621,Pending calculation,Pending calculation
161274,UGIFT-161302,Oxalic acid-03,PENDING VALUATION,Pending valuation,PENDING CLASSIFICATION,44621,Pending calculation,Pending calculation
161275,UGIFT-161303,Pepsin,PENDING VALUATION,Pending valuation,PENDING CLASSIFICATION,44621,Pending calculation,Pending calculation
161276,UGIFT-161304,Phenol crystals-02,PENDING VALUATION,Pending valuation,PENDING CLASSIFICATION,44621,Pending calculation,Pending calculation
161277,UGIFT-161305,Phenolphthalein indicator solid-04,PENDING VALUATION,Pending valuation,PENDING CLASSIFICATION,44621,Pending calculation,Pending calculation
161278,UGIFT-161306,Plasticine bars,PENDING VALUATION,Pending valuation,PENDING CLASSIFICATION,44621,Pending calculation,Pending calculation
161279,UGIFT-161307,Potassium bromide,PENDING VALUATION,Pending valuation,PENDING CLASSIFICATION,44621,Pending calculation,Pending calculation
161280,UGIFT-161308,Potassium chlorate,PENDING VALUATION,Pending valuation,PENDING CLASSIFICATION,44621,Pending calculation,Pending calculation
161281,UGIFT-161309,Potassium chromate,PENDING VALUATION,Pending valuation,PENDING CLASSIFICATION,44621,Pending calculation,Pending calculation
161282,UGIFT-161310,Potassium dichromate,PENDING VALUATION,Pending valuation,PENDING CLASSIFICATION,44621,Pending calculation,Pending calculation
161283,UGIFT-161311,Potassium dichromate,PENDING VALUATION,Pending valuation,PENDING CLASSIFICATION,44621,Pending calculation,Pending calculation
161284,UGIFT-161312,Potassium ferricyanide,PENDING VALUATION,Pending valuation,PENDING CLASSIFICATION,44621,Pending calculation,Pending calculation
161285,UGIFT-161313,Potassium ferrous cyanide],PENDING VALUATION,Pending valuation,PENDING CLASSIFICATION,44621,Pending calculation,Pending calculation
161286,UGIFT-161314,Potassium iodate-02,PENDING VALUATION,Pending valuation,PENDING CLASSIFICATION,44621,Pending calculation,Pending calculation
161287,UGIFT-161315,Potassium iodite,PENDING VALUATION,Pending valuation,PENDING CLASSIFICATION,44621,Pending calculation,Pending calculation
161288,UGIFT-161316,Potassium nitrate,PENDING VALUATION,Pending valuation,PENDING CLASSIFICATION,44621,Pending calculation,Pending calculation
161289,UGIFT-161317,Potassium permanganate,PENDING VALUATION,Pending valuation,PENDING CLASSIFICATION,44621,Pending calculation,Pending calculation
161290,UGIFT-161318,Potassium thiocynate,PENDING VALUATION,Pending valuation,PENDING CLASSIFICATION,44621,Pending calculation,Pending calculation
161291,UGIFT-161319,Propan -2-01 (Iso-propyl alcohol),PENDING VALUATION,Pending valuation,PENDING CLASSIFICATION,44621,Pending calculation,Pending calculation
161292,UGIFT-161320,Propan -1-01,PENDING VALUATION,Pending valuation,PENDING CLASSIFICATION,44621,Pending calculation,Pending calculation
161293,UGIFT-161321,Silver nitrate (school grade)-02,PENDING VALUATION,Pending valuation,PENDING CLASSIFICATION,44621,Pending calculation,Pending calculation
161294,UGIFT-161322,Sodium acetate (ethanoate),PENDING VALUATION,Pending valuation,PENDING CLASSIFICATION,44621,Pending calculation,Pending calculation
161295,UGIFT-161323,Sodium benzoate,PENDING VALUATION,Pending valuation,PENDING CLASSIFICATION,44621,Pending calculation,Pending calculation
161296,UGIFT-161324,Sodium bicarbonate (sodium hydrogen carbonate)-02,PENDING VALUATION,Pending valuation,PENDING CLASSIFICATION,44621,Pending calculation,Pending calculation
161297,UGIFT-161325,Sodium bismuthate,PENDING VALUATION,Pending valuation,PENDING CLASSIFICATION,44621,Pending calculation,Pending calculation
161298,UGIFT-161326,Sodium carbonate (anhydrous)-02,PENDING VALUATION,Pending valuation,PENDING CLASSIFICATION,44621,Pending calculation,Pending calculation
161299,UGIFT-161327,Sodium carbonate (decahydrate),PENDING VALUATION,Pending valuation,PENDING CLASSIFICATION,44621,Pending calculation,Pending calculation
161300,UGIFT-161328,Sodium hydroxide pellets (500g)-04,PENDING VALUATION,Pending valuation,PENDING CLASSIFICATION,44621,Pending calculation,Pending calculation
161301,UGIFT-161329,Sodium metabisulpite,PENDING VALUATION,Pending valuation,PENDING CLASSIFICATION,44621,Pending calculation,Pending calculation
161302,UGIFT-161330,Sodium sulphite (hydrated),PENDING VALUATION,Pending valuation,PENDING CLASSIFICATION,44621,Pending calculation,Pending calculation
161303,UGIFT-161331,Sodium thiosulphate,PENDING VALUATION,Pending valuation,PENDING CLASSIFICATION,44621,Pending calculation,Pending calculation
161304,UGIFT-161332,Stains (Methylene blue),PENDING VALUATION,Pending valuation,PENDING CLASSIFICATION,44621,Pending calculation,Pending calculation
161305,UGIFT-161333,Starch(soluble)(500g)-02,PENDING VALUATION,Pending valuation,PENDING CLASSIFICATION,44621,Pending calculation,Pending calculation
161306,UGIFT-161334,Sucrose,PENDING VALUATION,Pending valuation,PENDING CLASSIFICATION,44621,Pending calculation,Pending calculation
161307,UGIFT-161335,Sudan (iii) solution,PENDING VALUATION,Pending valuation,PENDING CLASSIFICATION,44621,Pending calculation,Pending calculation
161308,UGIFT-161336,Sulphuric acid (concentrated)-02,PENDING VALUATION,Pending valuation,PENDING CLASSIFICATION,44621,Pending calculation,Pending calculation
161309,UGIFT-161337,Sulphur powder-02,PENDING VALUATION,Pending valuation,PENDING CLASSIFICATION,44621,Pending calculation,Pending calculation
161310,UGIFT-161338,Trypsin-02,PENDING VALUATION,Pending valuation,PENDING CLASSIFICATION,44621,Pending calculation,Pending calculation
161311,UGIFT-161339,Universal indicator (solution Ph1.0-14.0),PENDING VALUATION,Pending valuation,PENDING CLASSIFICATION,44621,Pending calculation,Pending calculation
161312,UGIFT-161340,Universal indicator (solution Ph4.0-11.0),PENDING VALUATION,Pending valuation,PENDING CLASSIFICATION,44621,Pending calculation,Pending calculation
161313,UGIFT-161341,Urea,PENDING VALUATION,Pending valuation,PENDING CLASSIFICATION,44621,Pending calculation,Pending calculation
161314,UGIFT-161342,Yeast,PENDING VALUATION,Pending valuation,PENDING CLASSIFICATION,44621,Pending calculation,Pending calculation
161315,UGIFT-161343,Zinc,PENDING VALUATION,Pending valuation,PENDING CLASSIFICATION,44621,Pending calculation,Pending calculation
161316,UGIFT-161344,Zinc powder (zinc dust),PENDING VALUATION,Pending valuation,PENDING CLASSIFICATION,44621,Pending calculation,Pending calculation
161317,UGIFT-161345,Zinc carbonate-02,PENDING VALUATION,Pending valuation,PENDING CLASSIFICATION,44621,Pending calculation,Pending calculation
161318,UGIFT-161346,Zinc Sulphate,PENDING VALUATION,Pending valuation,PENDING CLASSIFICATION,44621,Pending calculation,Pending calculation
161319,UGIFT-161347,Charts digestive system,PENDING VALUATION,Pending valuation,PENDING CLASSIFICATION,44621,Pending calculation,Pending calculation
161320,UGIFT-161348,Charts human ear,PENDING VALUATION,Pending valuation,PENDING CLASSIFICATION,44287,Pending calculation,Pending calculation
161321,UGIFT-161349,Charts human nervous system,PENDING VALUATION,Pending valuation,PENDING CLASSIFICATION,44287,Pending calculation,Pending calculation
161322,UGIFT-161350,Charts human teeth,PENDING VALUATION,Pending valuation,PENDING CLASSIFICATION,44287,Pending calculation,Pending calculation
161323,UGIFT-161351,Charts reproductive female,PENDING VALUATION,Pending valuation,PENDING CLASSIFICATION,44287,Pending calculation,Pending calculation
161324,UGIFT-161352,Charts reproductive male,PENDING VALUATION,Pending valuation,PENDING CLASSIFICATION,44287,Pending calculation,Pending calculation
161325,UGIFT-161353,Charts skeleton,PENDING VALUATION,Pending valuation,PENDING CLASSIFICATION,44621,Pending calculation,Pending calculation
161328,UGIFT-161356,Model human ear,PENDING VALUATION,Pending valuation,PENDING CLASSIFICATION,44621,Pending calculation,Pending calculation
161329,UGIFT-161357,Model human eye,PENDING VALUATION,Pending valuation,PENDING CLASSIFICATION,44621,Pending calculation,Pending calculation
161330,UGIFT-161358,Model human Nervous System,PENDING VALUATION,Pending valuation,PENDING CLASSIFICATION,44621,Pending calculation,Pending calculation
161331,UGIFT-161359,Model human teeth,PENDING VALUATION,Pending valuation,PENDING CLASSIFICATION,44621,Pending calculation,Pending calculation
161334,UGIFT-161362,Model Skeleton Full size with stand,PENDING VALUATION,Pending valuation,PENDING CLASSIFICATION,44621,Pending calculation,Pending calculation
161348,UGIFT-161376,Burrettes (50ml) BOROSILICATE ROTAFLOW STOPCOCK-10,PENDING VALUATION,Pending valuation,PENDING CLASSIFICATION,44621,Pending calculation,Pending calculation
161350,UGIFT-161378,Burrettes (50ml) PINCH CLIP NATURAL GLASS-10,PENDING VALUATION,Pending valuation,PENDING CLASSIFICATION,44621,Pending calculation,Pending calculation
161425,UGIFT-161453,spatuklas (75MM) S.S-05,PENDING VALUATION,Pending valuation,PENDING CLASSIFICATION,44621,Pending calculation,Pending calculation
161430,UGIFT-161458,Swithes (plug Keys ) two way-05,PENDING VALUATION,Pending valuation,PENDING CLASSIFICATION,44621,Pending calculation,Pending calculation
161439,UGIFT-161467,Triop Stands-10,PENDING VALUATION,Pending valuation,PENDING CLASSIFICATION,44621,Pending calculation,Pending calculation
161497,UGIFT-161525,Audio Visual Equipment,PENDING VALUATION,Pending valuation,MACHINERY AND EQUIPMENT,45806,Pending calculation,Pending calculation
162078,UGIFT-162106,Model Human Brain,PENDING VALUATION,Pending valuation,PENDING CLASSIFICATION,45778,Pending calculation,Pending calculation
162079,UGIFT-162107,Model Human Digestive System,PENDING VALUATION,Pending valuation,PENDING CLASSIFICATION,45778,Pending calculation,Pending calculation
162082,UGIFT-162110,Model Human Nervous System,PENDING VALUATION,Pending valuation,PENDING CLASSIFICATION,45778,Pending calculation,Pending calculation
162083,UGIFT-162111,Model Human Teeth,PENDING VALUATION,Pending valuation,PENDING CLASSIFICATION,45778,Pending calculation,Pending calculation
162085,UGIFT-162113,Model Skeleton Full Size,PENDING VALUATION,Pending valuation,PENDING CLASSIFICATION,45778,Pending calculation,Pending calculation
162087,UGIFT-162115,Anatomical Wall Charts,NOT RECOGNIZED,Pending valuation,PENDING CLASSIFICATION,Not applicable - not received,0,0
162939,UGIFT-162967,Audio Visual Equipment,PENDING VALUATION,Pending valuation,MACHINERY AND EQUIPMENT,45797,Pending calculation,Pending calculation
163033,UGIFT-163061,Most equipment and furniture were not yet delivered due to the on -going constructions,PENDING VALUATION,Pending valuation,PENDING CLASSIFICATION,44621,Pending calculation,Pending calculation
163034,UGIFT-163062,ICT equipment were not yet delivered to the school because of the on going constructions,NOT CAPITALIZED,0,PENDING CLASSIFICATION,Service date unconfirmed,0,0
163712,UGIFT-163740,Desk top Computers,PENDING VERIFICATION,800000,MACHINERY AND EQUIPMENT,44634,Pending verification,Pending verification
163779,UGIFT-163807,Audio Visual Equipment,PENDING VALUATION,Pending valuation,MACHINERY AND EQUIPMENT,45778,Pending calculation,Pending calculation
165768,UGIFT-165796,Audio Visual Equipment,PENDING VALUATION,Pending valuation,MACHINERY AND EQUIPMENT,44866,Pending calculation,Pending calculation
165839,UGIFT-165867,Audio Visual Equipment,PENDING VALUATION,Pending valuation,MACHINERY AND EQUIPMENT,44672,Pending calculation,Pending calculation
165858,UGIFT-165886,Buildings,PENDING VALUATION,Pending valuation,BUILDINGS AND STRUCTURES,44672,Pending calculation,Pending calculation
165894,UGIFT-165922,Audio Visual Equipment,PENDING VALUATION,Pending valuation,MACHINERY AND EQUIPMENT,44531,Pending calculation,Pending calculation
165990,UGIFT-166018,Audio Visual Equipment,PENDING VALUATION,Pending valuation,MACHINERY AND EQUIPMENT,44835,Pending calculation,Pending calculation
168358,UGIFT-168386,Audio Visual Equipment,PENDING VALUATION,Pending valuation,MACHINERY AND EQUIPMENT,45778,Pending calculation,Pending calculation
168359,UGIFT-168387,Audio Visual Equipment,PENDING VALUATION,Pending valuation,MACHINERY AND EQUIPMENT,45778,Pending calculation,Pending calculation
168476,UGIFT-168504,Buildings,PENDING VALUATION,Pending valuation,BUILDINGS AND STRUCTURES,45778,Pending calculation,Pending calculation
170831,UGIFT-170859,Bowl/kick stand small,PENDING VALUATION,Pending valuation,PENDING CLASSIFICATION,45778,Pending calculation,Pending calculation
170835,UGIFT-170863,Fetal scope,PENDING VALUATION,Pending valuation,PENDING CLASSIFICATION,45778,Pending calculation,Pending calculation
171093,UGIFT-171121,Audio Visual Equipment,PENDING VALUATION,Pending valuation,MACHINERY AND EQUIPMENT,45170,Pending calculation,Pending calculation
171242,UGIFT-171270,Audio Visual Equipment,PENDING VALUATION,Pending valuation,MACHINERY AND EQUIPMENT,44524,Pending calculation,Pending calculation
171262,UGIFT-171290,Oxygen therapy machine,PENDING VALUATION,Pending valuation,MACHINERY AND EQUIPMENT,44550,Pending calculation,Pending calculation
171296,UGIFT-171324,Mixer,PENDING VALUATION,Pending valuation,PENDING CLASSIFICATION,46178,Pending calculation,Pending calculation
171299,UGIFT-171327,Crossover,PENDING VALUATION,Pending valuation,PENDING CLASSIFICATION,46178,Pending calculation,Pending calculation
171300,UGIFT-171328,Rock,PENDING VALUATION,Pending valuation,PENDING CLASSIFICATION,46178,Pending calculation,Pending calculation
171301,UGIFT-171329,Bass,PENDING VALUATION,Pending valuation,PENDING CLASSIFICATION,46178,Pending calculation,Pending calculation
171303,UGIFT-171331,JBL tops,PENDING VALUATION,Pending valuation,PENDING CLASSIFICATION,44440,Pending calculation,Pending calculation
171365,UGIFT-171393,Desk top computers (monitor),PENDING VERIFICATION,1400000,MACHINERY AND EQUIPMENT,45828,Pending verification,Pending verification
171366,UGIFT-171394,Projector,PENDING VERIFICATION,3800000,MACHINERY AND EQUIPMENT,45828,Pending verification,Pending verification
171371,UGIFT-171399,CPU,PENDING VERIFICATION,1400000,MACHINERY AND EQUIPMENT,45828,Pending verification,Pending verification
171373,UGIFT-171401,Lab equipment,PENDING VALUATION,Pending valuation,PENDING CLASSIFICATION,45828,Pending calculation,Pending calculation
171384,UGIFT-171412,Football pitch,PENDING VALUATION,Pending valuation,MACHINERY AND EQUIPMENT,45809,Pending calculation,Pending calculation
171411,UGIFT-171439,Audio Visual Equipment,PENDING VALUATION,Pending valuation,MACHINERY AND EQUIPMENT,44988,Pending calculation,Pending calculation
171465,UGIFT-171493,Nasal Canulas,PENDING VALUATION,Pending valuation,PENDING CLASSIFICATION,45620,Pending calculation,Pending calculation
171483,UGIFT-171511,Audio Visual Equipment,PENDING VALUATION,Pending valuation,MACHINERY AND EQUIPMENT,45620,Pending calculation,Pending calculation
171526,UGIFT-171554,Wall mounted,PENDING VALUATION,Pending valuation,PENDING CLASSIFICATION,45273,Pending calculation,Pending calculation
171533,UGIFT-171561,Steel lockable,PENDING VALUATION,Pending valuation,PENDING CLASSIFICATION,45273,Pending calculation,Pending calculation
171534,UGIFT-171562,Glass ware instrument,PENDING VALUATION,Pending valuation,PENDING CLASSIFICATION,45275,Pending calculation,Pending calculation
171764,UGIFT-171792,Audio Visual Equipment,PENDING VALUATION,Pending valuation,MACHINERY AND EQUIPMENT,44524,Pending calculation,Pending calculation
171825,UGIFT-171853,Audio Visual Equipment,PENDING VALUATION,Pending valuation,MACHINERY AND EQUIPMENT,45807,Pending calculation,Pending calculation
171840,UGIFT-171868,Hand held,PENDING VALUATION,Pending valuation,PENDING CLASSIFICATION,45401,Pending calculation,Pending calculation
171847,UGIFT-171875,45L,PENDING VALUATION,Pending valuation,PENDING CLASSIFICATION,45401,Pending calculation,Pending calculation
171952,UGIFT-171980,Laboratory Stools,PENDING REVIEW,0,MACHINERY AND EQUIPMENT,46042,Pending calculation,Pending calculation
171967,UGIFT-171995,Power installation,PENDING VALUATION,Pending valuation,PENDING CLASSIFICATION,44986,Pending calculation,Pending calculation
172002,UGIFT-172030,laboratory stoolswooden,PENDING VALUATION,Pending valuation,PENDING CLASSIFICATION,44287,Pending calculation,Pending calculation
172613,UGIFT-172641,Shot Put,PENDING VALUATION,Pending valuation,MACHINERY AND EQUIPMENT,45839,Pending calculation,Pending calculation
172614,UGIFT-172642,Javelin,PENDING VALUATION,Pending valuation,MACHINERY AND EQUIPMENT,45839,Pending calculation,Pending calculation
172615,UGIFT-172643,Discus,PENDING VALUATION,Pending valuation,MACHINERY AND EQUIPMENT,45839,Pending calculation,Pending calculation
172616,UGIFT-172644,Volleyball Net,PENDING VALUATION,Pending valuation,MACHINERY AND EQUIPMENT,45839,Pending calculation,Pending calculation
172617,UGIFT-172645,Volleyball,PENDING VALUATION,Pending valuation,MACHINERY AND EQUIPMENT,45839,Pending calculation,Pending calculation
172618,UGIFT-172646,Netball,PENDING VALUATION,Pending valuation,MACHINERY AND EQUIPMENT,45839,Pending calculation,Pending calculation
172619,UGIFT-172647,Jerseys,PENDING VALUATION,Pending valuation,PENDING CLASSIFICATION,45839,Pending calculation,Pending calculation
172620,UGIFT-172648,Bibs,PENDING VALUATION,Pending valuation,PENDING CLASSIFICATION,45839,Pending calculation,Pending calculation
173009,UGIFT-173037,Value of the ICT items delivered,CAPITALIZED,124660000,PENDING CLASSIFICATION,45839,31165000.0,6233000.0
173021,UGIFT-173049,Automatic Voltage Protector,PENDING VALUATION,Pending valuation,PENDING CLASSIFICATION,45839,Pending calculation,Pending calculation
173024,UGIFT-173052,Charge Controller,PENDING VALUATION,Pending valuation,PENDING CLASSIFICATION,45839,Pending calculation,Pending calculation
173026,UGIFT-173054,Laser,PENDING VALUATION,Pending valuation,PENDING CLASSIFICATION,45839,Pending calculation,Pending calculation
174864,UGIFT-174892,Shortfalls noted at verification,PENDING VALUATION,Pending valuation,PENDING CLASSIFICATION,44682,Pending calculation,Pending calculation
174865,UGIFT-174893,Shortfalls noted at verification,PENDING VALUATION,Pending valuation,PENDING CLASSIFICATION,44682,Pending calculation,Pending calculation
174984,UGIFT-175012,APC,PENDING VALUATION,Pending valuation,PENDING CLASSIFICATION,44682,Pending calculation,Pending calculation
177121,UGIFT-177149,Goal posts,PENDING VALUATION,Pending valuation,MACHINERY AND EQUIPMENT,44572,Pending calculation,Pending calculation
177122,UGIFT-177150,Goal posts,PENDING VALUATION,Pending valuation,MACHINERY AND EQUIPMENT,44572,Pending calculation,Pending calculation
177190,UGIFT-177218,Land,PENDING VALUATION,Pending valuation,LAND,44562,Pending calculation,Pending calculation
177212,UGIFT-177240,Agriculture Laboratory,PENDING VALUATION,Pending valuation,PENDING CLASSIFICATION,44636,Pending calculation,Pending calculation
177240,UGIFT-177268,Store (Storage facilities),PENDING VALUATION,Pending valuation,PENDING CLASSIFICATION,44636,Pending calculation,Pending calculation
177241,UGIFT-177269,Site Office,PENDING VALUATION,Pending valuation,PENDING CLASSIFICATION,44636,Pending calculation,Pending calculation
178115,UGIFT-178143,Power Regulator (Power Voltage Switcher),PENDING VALUATION,Pending valuation,PENDING CLASSIFICATION,46168,Pending calculation,Pending calculation
178121,UGIFT-178149,Data Store (Video Recorder),PENDING VALUATION,Pending valuation,PENDING CLASSIFICATION,46168,Pending calculation,Pending calculation
178286,UGIFT-178314,Total value on the voucher,PENDING REVIEW,133321689,PENDING CLASSIFICATION,46174,Pending calculation,Pending calculation
178294,UGIFT-178322,Human Skeleton Model,PENDING VALUATION,Pending valuation,PENDING CLASSIFICATION,44621,Pending calculation,Pending calculation
178331,UGIFT-178359,Digital Video Recorder (DVR),PENDING VALUATION,Pending valuation,PENDING CLASSIFICATION,44621,Pending calculation,Pending calculation
178341,UGIFT-178369,UgIFT Microscale Irrigation Demonstration Site,PENDING VALUATION,Pending valuation,PENDING CLASSIFICATION,44621,Pending calculation,Pending calculation
178348,UGIFT-178376,Motor and Pestle,PENDING VALUATION,Pending valuation,PENDING CLASSIFICATION,44621,Pending calculation,Pending calculation
178404,UGIFT-178432,Nulfied Springs,PENDING VALUATION,Pending valuation,PENDING CLASSIFICATION,44621,Pending calculation,Pending calculation
178405,UGIFT-178433,Nulfied Springs,PENDING VALUATION,Pending valuation,PENDING CLASSIFICATION,44621,Pending calculation,Pending calculation
178406,UGIFT-178434,Nulfied Springs,PENDING VALUATION,Pending valuation,PENDING CLASSIFICATION,44621,Pending calculation,Pending calculation
178407,UGIFT-178435,Nulfied Springs,PENDING VALUATION,Pending valuation,PENDING CLASSIFICATION,44621,Pending calculation,Pending calculation
178408,UGIFT-178436,Nulfied Springs,PENDING VALUATION,Pending valuation,PENDING CLASSIFICATION,44621,Pending calculation,Pending calculation
178504,UGIFT-178532,Fractionating Column,PENDING VALUATION,Pending valuation,PENDING CLASSIFICATION,44621,Pending calculation,Pending calculation
178505,UGIFT-178533,Fractionating Column,PENDING VALUATION,Pending valuation,PENDING CLASSIFICATION,44621,Pending calculation,Pending calculation
178506,UGIFT-178534,Fractionating Column,PENDING VALUATION,Pending valuation,PENDING CLASSIFICATION,44621,Pending calculation,Pending calculation
178507,UGIFT-178535,Fractionating Column,PENDING VALUATION,Pending valuation,PENDING CLASSIFICATION,44621,Pending calculation,Pending calculation
178508,UGIFT-178536,Liebig Condenser,PENDING VALUATION,Pending valuation,PENDING CLASSIFICATION,44621,Pending calculation,Pending calculation
178509,UGIFT-178537,Liebig Condenser,PENDING VALUATION,Pending valuation,PENDING CLASSIFICATION,44621,Pending calculation,Pending calculation
178555,UGIFT-178583,Ticker Roller Tapes,PENDING VALUATION,Pending valuation,PENDING CLASSIFICATION,44621,Pending calculation,Pending calculation
178556,UGIFT-178584,Ticker Roller Tapes,PENDING VALUATION,Pending valuation,PENDING CLASSIFICATION,44621,Pending calculation,Pending calculation
178557,UGIFT-178585,Ticker Roller Tapes,PENDING VALUATION,Pending valuation,PENDING CLASSIFICATION,44621,Pending calculation,Pending calculation
178558,UGIFT-178586,Ticker Roller Tapes,PENDING VALUATION,Pending valuation,PENDING CLASSIFICATION,44621,Pending calculation,Pending calculation
178559,UGIFT-178587,Ticker Roller Tapes,PENDING VALUATION,Pending valuation,PENDING CLASSIFICATION,44621,Pending calculation,Pending calculation
178877,UGIFT-178905,Human Skeleton Model with Stand,PENDING VALUATION,Pending valuation,PENDING CLASSIFICATION,44621,Pending calculation,Pending calculation
178878,UGIFT-178906,Human Torso Model,PENDING VALUATION,Pending valuation,PENDING CLASSIFICATION,44621,Pending calculation,Pending calculation
179104,UGIFT-179132,Density Bottles,PENDING VALUATION,Pending valuation,PENDING CLASSIFICATION,44621,Pending calculation,Pending calculation
179105,UGIFT-179133,Density Bottles,PENDING VALUATION,Pending valuation,PENDING CLASSIFICATION,44621,Pending calculation,Pending calculation
179116,UGIFT-179144,Alcoholmeter,PENDING VALUATION,Pending valuation,PENDING CLASSIFICATION,44621,Pending calculation,Pending calculation
179117,UGIFT-179145,Alcoholmeter,PENDING VALUATION,Pending valuation,PENDING CLASSIFICATION,44621,Pending calculation,Pending calculation
179239,UGIFT-179267,U-Tube Manometer,PENDING VALUATION,Pending valuation,PENDING CLASSIFICATION,44621,Pending calculation,Pending calculation
179240,UGIFT-179268,"Chart, Digestive System",PENDING VALUATION,Pending valuation,PENDING CLASSIFICATION,44621,Pending calculation,Pending calculation
179241,UGIFT-179269,"Chart, Human Ear",PENDING VALUATION,Pending valuation,PENDING CLASSIFICATION,44621,Pending calculation,Pending calculation
179242,UGIFT-179270,"Chart, Human Nervous System",PENDING VALUATION,Pending valuation,PENDING CLASSIFICATION,44621,Pending calculation,Pending calculation
179243,UGIFT-179271,"Chart, Human Teeth",PENDING VALUATION,Pending valuation,PENDING CLASSIFICATION,44621,Pending calculation,Pending calculation
179244,UGIFT-179272,"Chart, Reproductive Female",PENDING VALUATION,Pending valuation,PENDING CLASSIFICATION,44621,Pending calculation,Pending calculation
179245,UGIFT-179273,"Chart, Reproductive Male",PENDING VALUATION,Pending valuation,PENDING CLASSIFICATION,44621,Pending calculation,Pending calculation
179246,UGIFT-179274,"Chart, Skeleton",PENDING VALUATION,Pending valuation,PENDING CLASSIFICATION,44621,Pending calculation,Pending calculation
179248,UGIFT-179276,Wooden Storage Box 100 cm x 75 cm x 75 cm,PENDING VALUATION,Pending valuation,PENDING CLASSIFICATION,44621,Pending calculation,Pending calculation
179249,UGIFT-179277,Wooden Storage Box 80 cm x 75 cm x 60 cm,PENDING VALUATION,Pending valuation,PENDING CLASSIFICATION,44621,Pending calculation,Pending calculation
179264,UGIFT-179292,"Funnels, Plastic",PENDING VALUATION,Pending valuation,PENDING CLASSIFICATION,44621,Pending calculation,Pending calculation
179265,UGIFT-179293,"Funnels, Plastic",PENDING VALUATION,Pending valuation,PENDING CLASSIFICATION,44621,Pending calculation,Pending calculation
179266,UGIFT-179294,"Funnels, Plastic",PENDING VALUATION,Pending valuation,PENDING CLASSIFICATION,44621,Pending calculation,Pending calculation
179267,UGIFT-179295,"Funnels, Plastic",PENDING VALUATION,Pending valuation,PENDING CLASSIFICATION,44621,Pending calculation,Pending calculation
179268,UGIFT-179296,"Funnels, Plastic",PENDING VALUATION,Pending valuation,PENDING CLASSIFICATION,44621,Pending calculation,Pending calculation
179284,UGIFT-179312,ICT Equipment,PENDING VALUATION,Pending valuation,PENDING CLASSIFICATION,44621,Pending calculation,Pending calculation
179308,UGIFT-179336,Counting chamber Neubauer- Improved,PENDING VERIFICATION,120000,MACHINERY AND EQUIPMENT,45778,Pending verification,Pending verification
179309,UGIFT-179337,Counting chamber Neubauer- Improved,PENDING VERIFICATION,120000,MACHINERY AND EQUIPMENT,45778,Pending verification,Pending verification
179433,UGIFT-179461,Examination light,PENDING VERIFICATION,600000,MACHINERY AND EQUIPMENT,45917,Pending verification,Pending verification
179434,UGIFT-179462,Examination light,PENDING VERIFICATION,600000,MACHINERY AND EQUIPMENT,45917,Pending verification,Pending verification
179478,UGIFT-179506,Screen board,PENDING VALUATION,Pending valuation,PENDING CLASSIFICATION,45992,Pending calculation,Pending calculation
179505,UGIFT-179533,Hand washing,PENDING VALUATION,Pending valuation,PENDING CLASSIFICATION,45992,Pending calculation,Pending calculation
179506,UGIFT-179534,Hand washing,PENDING VALUATION,Pending valuation,PENDING CLASSIFICATION,45992,Pending calculation,Pending calculation
179507,UGIFT-179535,Hand washing,PENDING VALUATION,Pending valuation,PENDING CLASSIFICATION,45992,Pending calculation,Pending calculation
179510,UGIFT-179538,Sign post,PENDING VALUATION,Pending valuation,MACHINERY AND EQUIPMENT,45992,Pending calculation,Pending calculation
179511,UGIFT-179539,Sign post,PENDING VALUATION,Pending valuation,MACHINERY AND EQUIPMENT,45992,Pending calculation,Pending calculation
179537,UGIFT-179565,Drums,PENDING VALUATION,Pending valuation,MACHINERY AND EQUIPMENT,45992,Pending calculation,Pending calculation
179557,UGIFT-179585,Bowel,PENDING VALUATION,Pending valuation,PENDING CLASSIFICATION,45992,Pending calculation,Pending calculation
179558,UGIFT-179586,Bowel,PENDING VALUATION,Pending valuation,PENDING CLASSIFICATION,45992,Pending calculation,Pending calculation
179559,UGIFT-179587,Bowel,PENDING VALUATION,Pending valuation,PENDING CLASSIFICATION,45992,Pending calculation,Pending calculation
179563,UGIFT-179591,Baby length board,PENDING VALUATION,Pending valuation,PENDING CLASSIFICATION,45992,Pending calculation,Pending calculation
179569,UGIFT-179597,Humidifier bottles 3 pcs,PENDING VALUATION,Pending valuation,PENDING CLASSIFICATION,45992,Pending calculation,Pending calculation
179570,UGIFT-179598,Humidifier bottles 3 pcs,PENDING VALUATION,Pending valuation,PENDING CLASSIFICATION,45992,Pending calculation,Pending calculation
179571,UGIFT-179599,Humidifier bottles 3 pcs,PENDING VALUATION,Pending valuation,PENDING CLASSIFICATION,45992,Pending calculation,Pending calculation
179572,UGIFT-179600,Humidifier bottles 3 pcs,PENDING VALUATION,Pending valuation,PENDING CLASSIFICATION,45992,Pending calculation,Pending calculation
179573,UGIFT-179601,Humidifier bottles 3 pcs,PENDING VALUATION,Pending valuation,PENDING CLASSIFICATION,45992,Pending calculation,Pending calculation
179574,UGIFT-179602,Humidifier bottles 3 pcs,PENDING VALUATION,Pending valuation,PENDING CLASSIFICATION,45992,Pending calculation,Pending calculation
179655,UGIFT-179683,Pediatric 50 pcs,NOT CAPITALIZED,0,PENDING CLASSIFICATION,45992,0,0
179656,UGIFT-179684,Pediatric 50 pcs,NOT CAPITALIZED,0,PENDING CLASSIFICATION,45992,0,0
179657,UGIFT-179685,Pediatric 50 pcs,NOT CAPITALIZED,0,PENDING CLASSIFICATION,45992,0,0
179658,UGIFT-179686,Pediatric 50 pcs,NOT CAPITALIZED,0,PENDING CLASSIFICATION,45992,0,0
179659,UGIFT-179687,Pediatric 50 pcs,NOT CAPITALIZED,0,PENDING CLASSIFICATION,45992,0,0
179660,UGIFT-179688,Pediatric 50 pcs,NOT CAPITALIZED,0,PENDING CLASSIFICATION,45992,0,0
179661,UGIFT-179689,Pediatric 50 pcs,NOT CAPITALIZED,0,PENDING CLASSIFICATION,45992,0,0
179662,UGIFT-179690,Pediatric 50 pcs,NOT CAPITALIZED,0,PENDING CLASSIFICATION,45992,0,0
179663,UGIFT-179691,Pediatric 50 pcs,NOT CAPITALIZED,0,PENDING CLASSIFICATION,45992,0,0
179664,UGIFT-179692,Pediatric 50 pcs,NOT CAPITALIZED,0,PENDING CLASSIFICATION,45992,0,0
179665,UGIFT-179693,Pediatric 50 pcs,NOT CAPITALIZED,0,PENDING CLASSIFICATION,45992,0,0
179666,UGIFT-179694,Pediatric 50 pcs,NOT CAPITALIZED,0,PENDING CLASSIFICATION,45992,0,0
179667,UGIFT-179695,Pediatric 50 pcs,NOT CAPITALIZED,0,PENDING CLASSIFICATION,45992,0,0
179668,UGIFT-179696,Pediatric 50 pcs,NOT CAPITALIZED,0,PENDING CLASSIFICATION,45992,0,0
179669,UGIFT-179697,Pediatric 50 pcs,NOT CAPITALIZED,0,PENDING CLASSIFICATION,45992,0,0
179670,UGIFT-179698,Pediatric 50 pcs,NOT CAPITALIZED,0,PENDING CLASSIFICATION,45992,0,0
179671,UGIFT-179699,Pediatric 50 pcs,NOT CAPITALIZED,0,PENDING CLASSIFICATION,45992,0,0
179672,UGIFT-179700,Pediatric 50 pcs,NOT CAPITALIZED,0,PENDING CLASSIFICATION,45992,0,0
179673,UGIFT-179701,Pediatric 50 pcs,NOT CAPITALIZED,0,PENDING CLASSIFICATION,45992,0,0
179674,UGIFT-179702,Pediatric 50 pcs,NOT CAPITALIZED,0,PENDING CLASSIFICATION,45992,0,0
179675,UGIFT-179703,Pediatric 50 pcs,NOT CAPITALIZED,0,PENDING CLASSIFICATION,45992,0,0
179676,UGIFT-179704,Pediatric 50 pcs,NOT CAPITALIZED,0,PENDING CLASSIFICATION,45992,0,0
179677,UGIFT-179705,Pediatric 50 pcs,NOT CAPITALIZED,0,PENDING CLASSIFICATION,45992,0,0
179678,UGIFT-179706,Pediatric 50 pcs,NOT CAPITALIZED,0,PENDING CLASSIFICATION,45992,0,0
179679,UGIFT-179707,Pediatric 50 pcs,NOT CAPITALIZED,0,PENDING CLASSIFICATION,45992,0,0
179680,UGIFT-179708,Pediatric 50 pcs,NOT CAPITALIZED,0,PENDING CLASSIFICATION,45992,0,0
179681,UGIFT-179709,Pediatric 50 pcs,NOT CAPITALIZED,0,PENDING CLASSIFICATION,45992,0,0
179682,UGIFT-179710,Pediatric 50 pcs,NOT CAPITALIZED,0,PENDING CLASSIFICATION,45992,0,0
179683,UGIFT-179711,Pediatric 50 pcs,NOT CAPITALIZED,0,PENDING CLASSIFICATION,45992,0,0
179684,UGIFT-179712,Pediatric 50 pcs,NOT CAPITALIZED,0,PENDING CLASSIFICATION,45992,0,0
179685,UGIFT-179713,Pediatric 50 pcs,NOT CAPITALIZED,0,PENDING CLASSIFICATION,45992,0,0
179686,UGIFT-179714,Pediatric 50 pcs,NOT CAPITALIZED,0,PENDING CLASSIFICATION,45992,0,0
179687,UGIFT-179715,Pediatric 50 pcs,NOT CAPITALIZED,0,PENDING CLASSIFICATION,45992,0,0
179688,UGIFT-179716,Pediatric 50 pcs,NOT CAPITALIZED,0,PENDING CLASSIFICATION,45992,0,0
179689,UGIFT-179717,Pediatric 50 pcs,NOT CAPITALIZED,0,PENDING CLASSIFICATION,45992,0,0
179690,UGIFT-179718,Pediatric 50 pcs,NOT CAPITALIZED,0,PENDING CLASSIFICATION,45992,0,0
179691,UGIFT-179719,Pediatric 50 pcs,NOT CAPITALIZED,0,PENDING CLASSIFICATION,45992,0,0
179692,UGIFT-179720,Pediatric 50 pcs,NOT CAPITALIZED,0,PENDING CLASSIFICATION,45992,0,0
179693,UGIFT-179721,Pediatric 50 pcs,NOT CAPITALIZED,0,PENDING CLASSIFICATION,45992,0,0
179694,UGIFT-179722,Pediatric 50 pcs,NOT CAPITALIZED,0,PENDING CLASSIFICATION,45992,0,0
179695,UGIFT-179723,Pediatric 50 pcs,NOT CAPITALIZED,0,PENDING CLASSIFICATION,45992,0,0
179696,UGIFT-179724,Pediatric 50 pcs,NOT CAPITALIZED,0,PENDING CLASSIFICATION,45992,0,0
179697,UGIFT-179725,Pediatric 50 pcs,NOT CAPITALIZED,0,PENDING CLASSIFICATION,45992,0,0
179698,UGIFT-179726,Pediatric 50 pcs,NOT CAPITALIZED,0,PENDING CLASSIFICATION,45992,0,0
179699,UGIFT-179727,Pediatric 50 pcs,NOT CAPITALIZED,0,PENDING CLASSIFICATION,45992,0,0
179700,UGIFT-179728,Pediatric 50 pcs,NOT CAPITALIZED,0,PENDING CLASSIFICATION,45992,0,0
179701,UGIFT-179729,Pediatric 50 pcs,NOT CAPITALIZED,0,PENDING CLASSIFICATION,45992,0,0
179702,UGIFT-179730,Pediatric 50 pcs,NOT CAPITALIZED,0,PENDING CLASSIFICATION,45992,0,0
179703,UGIFT-179731,Pediatric 50 pcs,NOT CAPITALIZED,0,PENDING CLASSIFICATION,45992,0,0
179704,UGIFT-179732,Pediatric 50 pcs,NOT CAPITALIZED,0,PENDING CLASSIFICATION,45992,0,0
179711,UGIFT-179739,Instrument cabaglass medium,PENDING VALUATION,Pending valuation,PENDING CLASSIFICATION,45992,Pending calculation,Pending calculation
179712,UGIFT-179740,Big instrument cabanda,PENDING VALUATION,Pending valuation,PENDING CLASSIFICATION,45992,Pending calculation,Pending calculation
179713,UGIFT-179741,Big instrument cabanda,PENDING VALUATION,Pending valuation,PENDING CLASSIFICATION,45992,Pending calculation,Pending calculation
179714,UGIFT-179742,Big instrument cabanda,PENDING VALUATION,Pending valuation,PENDING CLASSIFICATION,45992,Pending calculation,Pending calculation
179715,UGIFT-179743,Big instrument cabanda,PENDING VALUATION,Pending valuation,PENDING CLASSIFICATION,45992,Pending calculation,Pending calculation
180438,UGIFT-180466,Air Conditoner,PENDING VALUATION,Pending valuation,PENDING CLASSIFICATION,45992,Pending calculation,Pending calculation
180534,UGIFT-180562,Examination light,PENDING VERIFICATION,600000,MACHINERY AND EQUIPMENT,45917,Pending verification,Pending verification
180535,UGIFT-180563,Examination light,PENDING VERIFICATION,600000,MACHINERY AND EQUIPMENT,45917,Pending verification,Pending verification
180553,UGIFT-180581,Counting chamber Neubauer- Improved,PENDING VERIFICATION,55000,MACHINERY AND EQUIPMENT,45793,Pending verification,Pending verification
180554,UGIFT-180582,Counting chamber Neubauer- Improved,PENDING VERIFICATION,55000,MACHINERY AND EQUIPMENT,45793,Pending verification,Pending verification
180593,,"Weighing Scale with Height Meter, Adult",PENDING VERIFICATION,407040,MACHINERY AND EQUIPMENT,45793,Pending verification,Pending verification
180597,UGIFT-180625,Audio Visual Equipment,PENDING VALUATION,Pending valuation,MACHINERY AND EQUIPMENT,45778,Pending calculation,Pending calculation
180777,UGIFT-180805,16/5/25,NOT CAPITALIZED,0,PENDING CLASSIFICATION,45778,0,0
180778,UGIFT-180806,16/5/25,NOT CAPITALIZED,0,PENDING CLASSIFICATION,45778,0,0
180840,UGIFT-180868,Audio Visual Equipment,PENDING VALUATION,Pending valuation,MACHINERY AND EQUIPMENT,45778,Pending calculation,Pending calculation
181680,,Human body,PENDING VALUATION,Pending valuation,PENDING CLASSIFICATION,44621,Pending calculation,Pending calculation
181682,,Human nervous system,PENDING VALUATION,Pending valuation,PENDING CLASSIFICATION,44621,Pending calculation,Pending calculation
181683,,Digestive system,PENDING VALUATION,Pending valuation,PENDING CLASSIFICATION,44621,Pending calculation,Pending calculation
181684,,"Teeth, jaws and dental curve",PENDING VALUATION,Pending valuation,PENDING CLASSIFICATION,44621,Pending calculation,Pending calculation
181685,,Female reproductive system,PENDING VALUATION,Pending valuation,PENDING CLASSIFICATION,44621,Pending calculation,Pending calculation
181686,UGIFT-181714,Nervous system and brain,PENDING VALUATION,Pending valuation,PENDING CLASSIFICATION,44621,Pending calculation,Pending calculation
181687,,Human heart,PENDING VALUATION,Pending valuation,PENDING CLASSIFICATION,44621,Pending calculation,Pending calculation
181688,,Male reproductive system,PENDING VALUATION,Pending valuation,PENDING CLASSIFICATION,44621,Pending calculation,Pending calculation
181689,UGIFT-181717,Models and posters,PENDING VALUATION,Pending valuation,PENDING CLASSIFICATION,44621,Pending calculation,Pending calculation
181690,UGIFT-181718,Models and posters,PENDING VALUATION,Pending valuation,PENDING CLASSIFICATION,44621,Pending calculation,Pending calculation
181691,UGIFT-181719,Models and posters,PENDING VALUATION,Pending valuation,PENDING CLASSIFICATION,44621,Pending calculation,Pending calculation
181692,UGIFT-181720,Models and posters,PENDING VALUATION,Pending valuation,PENDING CLASSIFICATION,44621,Pending calculation,Pending calculation
181693,UGIFT-181721,Models and posters,PENDING VALUATION,Pending valuation,PENDING CLASSIFICATION,44621,Pending calculation,Pending calculation
181694,UGIFT-181722,Models and posters,PENDING VALUATION,Pending valuation,PENDING CLASSIFICATION,44621,Pending calculation,Pending calculation
181695,UGIFT-181723,Models and posters,PENDING VALUATION,Pending valuation,PENDING CLASSIFICATION,44621,Pending calculation,Pending calculation
181696,UGIFT-181724,Models and posters,PENDING VALUATION,Pending valuation,PENDING CLASSIFICATION,44621,Pending calculation,Pending calculation
181697,UGIFT-181725,Models and posters,PENDING VALUATION,Pending valuation,PENDING CLASSIFICATION,44621,Pending calculation,Pending calculation
181698,UGIFT-181726,Models and posters,PENDING VALUATION,Pending valuation,PENDING CLASSIFICATION,44621,Pending calculation,Pending calculation
181699,UGIFT-181727,Models and posters,PENDING VALUATION,Pending valuation,PENDING CLASSIFICATION,44621,Pending calculation,Pending calculation
181700,UGIFT-181728,Models and posters,PENDING VALUATION,Pending valuation,PENDING CLASSIFICATION,44621,Pending calculation,Pending calculation
181701,UGIFT-181729,Models and posters,PENDING VALUATION,Pending valuation,PENDING CLASSIFICATION,44621,Pending calculation,Pending calculation
181702,UGIFT-181730,Models and posters,PENDING VALUATION,Pending valuation,PENDING CLASSIFICATION,44621,Pending calculation,Pending calculation
181703,UGIFT-181731,Models and posters,PENDING VALUATION,Pending valuation,PENDING CLASSIFICATION,44621,Pending calculation,Pending calculation
181704,UGIFT-181732,Models and posters,PENDING VALUATION,Pending valuation,PENDING CLASSIFICATION,44621,Pending calculation,Pending calculation
181705,UGIFT-181733,Models and posters,PENDING VALUATION,Pending valuation,PENDING CLASSIFICATION,44621,Pending calculation,Pending calculation
181706,UGIFT-181734,Models and posters,PENDING VALUATION,Pending valuation,PENDING CLASSIFICATION,44621,Pending calculation,Pending calculation
181707,UGIFT-181735,Models and posters,PENDING VALUATION,Pending valuation,PENDING CLASSIFICATION,44621,Pending calculation,Pending calculation
181708,UGIFT-181736,Models and posters,PENDING VALUATION,Pending valuation,PENDING CLASSIFICATION,44621,Pending calculation,Pending calculation
181709,UGIFT-181737,Reproductive diseases chart,PENDING VALUATION,Pending valuation,PENDING CLASSIFICATION,44621,Pending calculation,Pending calculation
181710,UGIFT-181738,Reproductive diseases chart,PENDING VALUATION,Pending valuation,PENDING CLASSIFICATION,44621,Pending calculation,Pending calculation
181711,UGIFT-181739,Reproductive diseases chart,PENDING VALUATION,Pending valuation,PENDING CLASSIFICATION,44621,Pending calculation,Pending calculation
181712,UGIFT-181740,Reproductive diseases chart,PENDING VALUATION,Pending valuation,PENDING CLASSIFICATION,44621,Pending calculation,Pending calculation
181713,UGIFT-181741,Reproductive diseases chart,PENDING VALUATION,Pending valuation,PENDING CLASSIFICATION,44621,Pending calculation,Pending calculation
181714,UGIFT-181742,Reproductive diseases chart,PENDING VALUATION,Pending valuation,PENDING CLASSIFICATION,44621,Pending calculation,Pending calculation
181715,UGIFT-181743,Reproductive diseases chart,PENDING VALUATION,Pending valuation,PENDING CLASSIFICATION,44621,Pending calculation,Pending calculation
181716,UGIFT-181744,Reproductive diseases chart,PENDING VALUATION,Pending valuation,PENDING CLASSIFICATION,44621,Pending calculation,Pending calculation
181717,UGIFT-181745,Reproductive diseases chart,PENDING VALUATION,Pending valuation,PENDING CLASSIFICATION,44621,Pending calculation,Pending calculation
181718,UGIFT-181746,Reproductive diseases chart,PENDING VALUATION,Pending valuation,PENDING CLASSIFICATION,44621,Pending calculation,Pending calculation
181719,UGIFT-181747,Reproductive diseases chart,PENDING VALUATION,Pending valuation,PENDING CLASSIFICATION,44621,Pending calculation,Pending calculation
181720,UGIFT-181748,Reproductive diseases chart,PENDING VALUATION,Pending valuation,PENDING CLASSIFICATION,44621,Pending calculation,Pending calculation
181721,UGIFT-181749,Reproductive diseases chart,PENDING VALUATION,Pending valuation,PENDING CLASSIFICATION,44621,Pending calculation,Pending calculation
181722,UGIFT-181750,Reproductive diseases chart,PENDING VALUATION,Pending valuation,PENDING CLASSIFICATION,44621,Pending calculation,Pending calculation
181723,UGIFT-181751,Reproductive diseases chart,PENDING VALUATION,Pending valuation,PENDING CLASSIFICATION,44621,Pending calculation,Pending calculation
181891,UGIFT-181919,Trackers,PENDING VALUATION,Pending valuation,PENDING CLASSIFICATION,44621,Pending calculation,Pending calculation
181892,UGIFT-181920,Trackers,PENDING VALUATION,Pending valuation,PENDING CLASSIFICATION,44621,Pending calculation,Pending calculation
181893,UGIFT-181921,Trackers,PENDING VALUATION,Pending valuation,PENDING CLASSIFICATION,44621,Pending calculation,Pending calculation
181894,UGIFT-181922,Trackers,PENDING VALUATION,Pending valuation,PENDING CLASSIFICATION,44621,Pending calculation,Pending calculation
181895,UGIFT-181923,Trackers,PENDING VALUATION,Pending valuation,PENDING CLASSIFICATION,44621,Pending calculation,Pending calculation
181896,UGIFT-181924,Trackers,PENDING VALUATION,Pending valuation,PENDING CLASSIFICATION,44621,Pending calculation,Pending calculation
181897,UGIFT-181925,Trackers,PENDING VALUATION,Pending valuation,PENDING CLASSIFICATION,44621,Pending calculation,Pending calculation
181898,UGIFT-181926,Trackers,PENDING VALUATION,Pending valuation,PENDING CLASSIFICATION,44621,Pending calculation,Pending calculation
181899,UGIFT-181927,Trackers,PENDING VALUATION,Pending valuation,PENDING CLASSIFICATION,44621,Pending calculation,Pending calculation
181900,UGIFT-181928,Trackers,PENDING VALUATION,Pending valuation,PENDING CLASSIFICATION,44621,Pending calculation,Pending calculation
181901,UGIFT-181929,Trackers,PENDING VALUATION,Pending valuation,PENDING CLASSIFICATION,44621,Pending calculation,Pending calculation
181902,UGIFT-181930,Trackers,PENDING VALUATION,Pending valuation,PENDING CLASSIFICATION,44621,Pending calculation,Pending calculation
181903,UGIFT-181931,Trackers,PENDING VALUATION,Pending valuation,PENDING CLASSIFICATION,44621,Pending calculation,Pending calculation
181904,UGIFT-181932,Trackers,PENDING VALUATION,Pending valuation,PENDING CLASSIFICATION,44621,Pending calculation,Pending calculation
181905,UGIFT-181933,Trackers,PENDING VALUATION,Pending valuation,PENDING CLASSIFICATION,44621,Pending calculation,Pending calculation
181906,UGIFT-181934,Trackers,PENDING VALUATION,Pending valuation,PENDING CLASSIFICATION,44621,Pending calculation,Pending calculation
181907,UGIFT-181935,Trackers,PENDING VALUATION,Pending valuation,PENDING CLASSIFICATION,44621,Pending calculation,Pending calculation
181908,UGIFT-181936,Trackers,PENDING VALUATION,Pending valuation,PENDING CLASSIFICATION,44621,Pending calculation,Pending calculation
181909,UGIFT-181937,Trackers,PENDING VALUATION,Pending valuation,PENDING CLASSIFICATION,44621,Pending calculation,Pending calculation
181910,UGIFT-181938,Trackers,PENDING VALUATION,Pending valuation,PENDING CLASSIFICATION,44621,Pending calculation,Pending calculation
181911,UGIFT-181939,Trackers,PENDING VALUATION,Pending valuation,PENDING CLASSIFICATION,44621,Pending calculation,Pending calculation
181912,UGIFT-181940,Trackers,PENDING VALUATION,Pending valuation,PENDING CLASSIFICATION,44621,Pending calculation,Pending calculation
181913,UGIFT-181941,Trackers,PENDING VALUATION,Pending valuation,PENDING CLASSIFICATION,44621,Pending calculation,Pending calculation
181914,UGIFT-181942,Trackers,PENDING VALUATION,Pending valuation,PENDING CLASSIFICATION,44621,Pending calculation,Pending calculation
181915,UGIFT-181943,Trackers,PENDING VALUATION,Pending valuation,PENDING CLASSIFICATION,44621,Pending calculation,Pending calculation
181980,UGIFT-182008,Office Furniture,PENDING VALUATION,Pending valuation,PENDING CLASSIFICATION,45809,Pending calculation,Pending calculation
181981,UGIFT-182009,Board Room Furniture,PENDING VALUATION,Pending valuation,PENDING CLASSIFICATION,45809,Pending calculation,Pending calculation
181982,UGIFT-182010,Fire Extngiushers,PENDING VALUATION,Pending valuation,PENDING CLASSIFICATION,45809,Pending calculation,Pending calculation
181985,UGIFT-182013,Cold Room Equipment,PENDING VALUATION,Pending valuation,PENDING CLASSIFICATION,45809,Pending calculation,Pending calculation
182075,UGIFT-182103,Examination light,PENDING VERIFICATION,600000,MACHINERY AND EQUIPMENT,45828,Pending verification,Pending verification
182076,UGIFT-182104,Examination light,PENDING VERIFICATION,600000,MACHINERY AND EQUIPMENT,45828,Pending verification,Pending verification
182704,UGIFT-182732,Chemistry laboratory,PENDING VALUATION,Pending valuation,PENDING CLASSIFICATION,45909,Pending calculation,Pending calculation
182705,,Science laboratory,CAPITALIZED,185078565,PENDING CLASSIFICATION,43497,185078565.0,0.0
182975,UGIFT-183003,Further furniture item,PENDING REVIEW,350000,PENDING CLASSIFICATION,44562,332500.0,17500.0
183034,,Power stabiliser,CAPITALIZED,150000,PENDING CLASSIFICATION,44562,142500.0,7500.0
183047,UGIFT-183075,Science laboratories,CAPITALIZED,61692855,PENDING CLASSIFICATION,44562,58608212.0,3084642.0
183062,UGIFT-183090,Football field,PENDING VALUATION,Pending valuation,MACHINERY AND EQUIPMENT,44562,Pending calculation,Pending calculation
183106,UGIFT-183134,Audio Visual Equipment,PENDING VALUATION,Pending valuation,MACHINERY AND EQUIPMENT,45778,Pending calculation,Pending calculation
183189,UGIFT-183217,"Haemoglobin Meter, Sahli",PENDING VERIFICATION,8000000,MACHINERY AND EQUIPMENT,45793,Pending verification,Pending verification
183212,UGIFT-183240,Football Feild,CIP,Pending valuation,BUILDINGS AND STRUCTURES,Not yet in service,0,0
183772,,ICT& Lib,CIP,Pending valuation,BUILDINGS AND STRUCTURES,Not yet in service,0,0
183790,UGIFT-183818,Stretcher,PENDING VERIFICATION,2240000,MACHINERY AND EQUIPMENT,45901,Pending verification,Pending verification
183794,UGIFT-183822,"Oxygen Concentrator, Duo Flow",PENDING VERIFICATION,2750000,MACHINERY AND EQUIPMENT,45901,Pending verification,Pending verification
183884,UGIFT-183912,Football Feild,PENDING VALUATION,Pending valuation,MACHINERY AND EQUIPMENT,44562,Pending calculation,Pending calculation
184287,UGIFT-184315,Chemistry Labaratory,CAPITALIZED,15000000,PENDING CLASSIFICATION,46091,1750000.0,750000.0
184347,UGIFT-184375,ICT Controller,PENDING VALUATION,Pending valuation,PENDING CLASSIFICATION,45870,Pending calculation,Pending calculation
184348,UGIFT-184376,Sollar Battry,PENDING VALUATION,Pending valuation,PENDING CLASSIFICATION,45870,Pending calculation,Pending calculation
184349,UGIFT-184377,Soller Controller,PENDING VALUATION,Pending valuation,PENDING CLASSIFICATION,45870,Pending calculation,Pending calculation
184379,UGIFT-184407,Football Feild,PENDING VALUATION,Pending valuation,MACHINERY AND EQUIPMENT,45870,Pending calculation,Pending calculation
185411,UGIFT-185439,ICT Items,NOT RECOGNIZED,Pending valuation,PENDING CLASSIFICATION,Not applicable - not received,0,0
185588,UGIFT-185616,Office Chairs,PENDING VERIFICATION,145714,MACHINERY AND EQUIPMENT,45047,Pending verification,Pending verification
185589,UGIFT-185617,Office Chairs,PENDING VERIFICATION,145714,MACHINERY AND EQUIPMENT,45047,Pending verification,Pending verification
185590,UGIFT-185618,Office Chairs,PENDING VERIFICATION,145714,MACHINERY AND EQUIPMENT,45047,Pending verification,Pending verification
185591,UGIFT-185619,Office Chairs,PENDING VERIFICATION,145714,MACHINERY AND EQUIPMENT,45047,Pending verification,Pending verification
185592,UGIFT-185620,Office Chairs,PENDING VERIFICATION,145714,MACHINERY AND EQUIPMENT,45047,Pending verification,Pending verification
185593,UGIFT-185621,Office Chairs,PENDING VERIFICATION,145714,MACHINERY AND EQUIPMENT,45047,Pending verification,Pending verification
185594,UGIFT-185622,Office Chairs,PENDING VERIFICATION,145714,MACHINERY AND EQUIPMENT,45047,Pending verification,Pending verification
185595,UGIFT-185623,Office Chairs,PENDING VERIFICATION,145714,MACHINERY AND EQUIPMENT,45047,Pending verification,Pending verification
185596,UGIFT-185624,Office Chairs,PENDING VERIFICATION,145714,MACHINERY AND EQUIPMENT,45047,Pending verification,Pending verification
185597,UGIFT-185625,Office Chairs,PENDING VERIFICATION,145714,MACHINERY AND EQUIPMENT,45047,Pending verification,Pending verification
185598,UGIFT-185626,Office Chairs,PENDING VERIFICATION,145714,MACHINERY AND EQUIPMENT,45047,Pending verification,Pending verification
185599,UGIFT-185627,Office Chairs,PENDING VERIFICATION,145714,MACHINERY AND EQUIPMENT,45047,Pending verification,Pending verification
185600,UGIFT-185628,Office Chairs,PENDING VERIFICATION,145714,MACHINERY AND EQUIPMENT,45047,Pending verification,Pending verification
185601,UGIFT-185629,Office Chairs,PENDING VERIFICATION,145714,MACHINERY AND EQUIPMENT,45047,Pending verification,Pending verification
185602,UGIFT-185630,Office Chairs,PENDING VERIFICATION,145714,MACHINERY AND EQUIPMENT,45047,Pending verification,Pending verification
185603,UGIFT-185631,Office Chairs,PENDING VERIFICATION,145714,MACHINERY AND EQUIPMENT,45047,Pending verification,Pending verification
185604,UGIFT-185632,Office Chairs,PENDING VERIFICATION,145714,MACHINERY AND EQUIPMENT,45047,Pending verification,Pending verification
185605,UGIFT-185633,Office Chairs,PENDING VERIFICATION,145714,MACHINERY AND EQUIPMENT,45047,Pending verification,Pending verification
185606,UGIFT-185634,Office Chairs,PENDING VERIFICATION,145714,MACHINERY AND EQUIPMENT,45047,Pending verification,Pending verification
185607,UGIFT-185635,Office Chairs,PENDING VERIFICATION,145714,MACHINERY AND EQUIPMENT,45047,Pending verification,Pending verification
185608,UGIFT-185636,Office Chairs,PENDING VERIFICATION,145714,MACHINERY AND EQUIPMENT,45047,Pending verification,Pending verification
185609,UGIFT-185637,Office Chairs,PENDING VERIFICATION,145714,MACHINERY AND EQUIPMENT,45047,Pending verification,Pending verification
185610,UGIFT-185638,Office Chairs,PENDING VERIFICATION,145714,MACHINERY AND EQUIPMENT,45047,Pending verification,Pending verification
185611,UGIFT-185639,Office Chairs,PENDING VERIFICATION,145714,MACHINERY AND EQUIPMENT,45047,Pending verification,Pending verification
185612,UGIFT-185640,Office Chairs,PENDING VERIFICATION,145714,MACHINERY AND EQUIPMENT,45047,Pending verification,Pending verification
185613,UGIFT-185641,Office Chairs,PENDING VERIFICATION,145714,MACHINERY AND EQUIPMENT,45047,Pending verification,Pending verification
185614,UGIFT-185642,Office Chairs,PENDING VERIFICATION,145714,MACHINERY AND EQUIPMENT,45047,Pending verification,Pending verification
185615,UGIFT-185643,Office Chairs,PENDING VERIFICATION,145714,MACHINERY AND EQUIPMENT,45047,Pending verification,Pending verification
185616,UGIFT-185644,Office Chairs,PENDING VERIFICATION,145714,MACHINERY AND EQUIPMENT,45047,Pending verification,Pending verification
185617,UGIFT-185645,Office Chairs,PENDING VERIFICATION,145714,MACHINERY AND EQUIPMENT,45047,Pending verification,Pending verification
185618,UGIFT-185646,Office Chairs,PENDING VERIFICATION,145714,MACHINERY AND EQUIPMENT,45047,Pending verification,Pending verification
185619,UGIFT-185647,Office Chairs,PENDING VERIFICATION,145714,MACHINERY AND EQUIPMENT,45047,Pending verification,Pending verification
185620,UGIFT-185648,Office Chairs,PENDING VERIFICATION,145714,MACHINERY AND EQUIPMENT,45047,Pending verification,Pending verification
185621,UGIFT-185649,Office Chairs,PENDING VERIFICATION,145714,MACHINERY AND EQUIPMENT,45047,Pending verification,Pending verification
185622,UGIFT-185650,Office Chairs,PENDING VERIFICATION,145714,MACHINERY AND EQUIPMENT,45047,Pending verification,Pending verification
185623,UGIFT-185651,Office Chairs,PENDING VERIFICATION,145714,MACHINERY AND EQUIPMENT,45047,Pending verification,Pending verification
185624,UGIFT-185652,Office Chairs,PENDING VERIFICATION,145714,MACHINERY AND EQUIPMENT,45047,Pending verification,Pending verification
185625,UGIFT-185653,Office Chairs,PENDING VERIFICATION,145714,MACHINERY AND EQUIPMENT,45047,Pending verification,Pending verification
185626,UGIFT-185654,Office Chairs,PENDING VERIFICATION,145714,MACHINERY AND EQUIPMENT,45047,Pending verification,Pending verification
185627,UGIFT-185655,Office Chairs,PENDING VERIFICATION,145714,MACHINERY AND EQUIPMENT,45047,Pending verification,Pending verification
185628,UGIFT-185656,Office Chairs,PENDING VERIFICATION,145714,MACHINERY AND EQUIPMENT,45047,Pending verification,Pending verification
185629,UGIFT-185657,Office Chairs,PENDING VERIFICATION,145714,MACHINERY AND EQUIPMENT,45047,Pending verification,Pending verification
185630,UGIFT-185658,Office Chairs,PENDING VERIFICATION,145714,MACHINERY AND EQUIPMENT,45047,Pending verification,Pending verification
185631,UGIFT-185659,Office Chairs,PENDING VERIFICATION,145714,MACHINERY AND EQUIPMENT,45047,Pending verification,Pending verification
185632,UGIFT-185660,Office Chairs,PENDING VERIFICATION,145714,MACHINERY AND EQUIPMENT,45047,Pending verification,Pending verification
185633,UGIFT-185661,Office Chairs,PENDING VERIFICATION,145714,MACHINERY AND EQUIPMENT,45047,Pending verification,Pending verification
185634,UGIFT-185662,Office Chairs,PENDING VERIFICATION,145714,MACHINERY AND EQUIPMENT,45047,Pending verification,Pending verification
185635,UGIFT-185663,Office Chairs,PENDING VERIFICATION,145714,MACHINERY AND EQUIPMENT,45047,Pending verification,Pending verification
185636,UGIFT-185664,Office Chairs,PENDING VERIFICATION,145714,MACHINERY AND EQUIPMENT,45047,Pending verification,Pending verification
185637,UGIFT-185665,Office Chairs,PENDING VERIFICATION,145714,MACHINERY AND EQUIPMENT,45047,Pending verification,Pending verification
185638,UGIFT-185666,Office Chairs,PENDING VERIFICATION,145714,MACHINERY AND EQUIPMENT,45047,Pending verification,Pending verification
185639,UGIFT-185667,Office Chairs,PENDING VERIFICATION,145714,MACHINERY AND EQUIPMENT,45047,Pending verification,Pending verification
185640,UGIFT-185668,Office Chairs,PENDING VERIFICATION,145714,MACHINERY AND EQUIPMENT,45047,Pending verification,Pending verification
185641,UGIFT-185669,Office Chairs,PENDING VERIFICATION,145714,MACHINERY AND EQUIPMENT,45047,Pending verification,Pending verification
185642,UGIFT-185670,Office Chairs,PENDING VERIFICATION,145714,MACHINERY AND EQUIPMENT,45047,Pending verification,Pending verification
185643,UGIFT-185671,Office Chairs,PENDING VERIFICATION,145714,MACHINERY AND EQUIPMENT,45047,Pending verification,Pending verification
185644,UGIFT-185672,Office Chairs,PENDING VERIFICATION,145714,MACHINERY AND EQUIPMENT,45047,Pending verification,Pending verification
185645,UGIFT-185673,Office Chairs,PENDING VERIFICATION,145714,MACHINERY AND EQUIPMENT,45047,Pending verification,Pending verification
185646,UGIFT-185674,Office Chairs,PENDING VERIFICATION,145714,MACHINERY AND EQUIPMENT,45047,Pending verification,Pending verification
185647,UGIFT-185675,Office Chairs,PENDING VERIFICATION,145714,MACHINERY AND EQUIPMENT,45047,Pending verification,Pending verification
185648,UGIFT-185676,Office Chairs,PENDING VERIFICATION,145714,MACHINERY AND EQUIPMENT,45047,Pending verification,Pending verification
185649,UGIFT-185677,Office Chairs,PENDING VERIFICATION,145714,MACHINERY AND EQUIPMENT,45047,Pending verification,Pending verification
185650,UGIFT-185678,Office Chairs,PENDING VERIFICATION,145714,MACHINERY AND EQUIPMENT,45047,Pending verification,Pending verification
185651,UGIFT-185679,Office Chairs,PENDING VERIFICATION,145714,MACHINERY AND EQUIPMENT,45047,Pending verification,Pending verification
185652,UGIFT-185680,Office Chairs,PENDING VERIFICATION,145714,MACHINERY AND EQUIPMENT,45047,Pending verification,Pending verification
185653,UGIFT-185681,Office Chairs,PENDING VERIFICATION,145714,MACHINERY AND EQUIPMENT,45047,Pending verification,Pending verification
185654,UGIFT-185682,Office Chairs,PENDING VERIFICATION,145714,MACHINERY AND EQUIPMENT,45047,Pending verification,Pending verification
185655,UGIFT-185683,Office Chairs,PENDING VERIFICATION,145714,MACHINERY AND EQUIPMENT,45047,Pending verification,Pending verification
185656,UGIFT-185684,Office Chairs,PENDING VERIFICATION,145714,MACHINERY AND EQUIPMENT,45047,Pending verification,Pending verification
185657,UGIFT-185685,Office Chairs,PENDING VERIFICATION,145714,MACHINERY AND EQUIPMENT,45047,Pending verification,Pending verification
185658,UGIFT-185686,Office Chairs,PENDING VERIFICATION,145714,MACHINERY AND EQUIPMENT,45047,Pending verification,Pending verification
185659,UGIFT-185687,Office Chairs,PENDING VERIFICATION,145714,MACHINERY AND EQUIPMENT,45047,Pending verification,Pending verification
185660,UGIFT-185688,Office Chairs,PENDING VERIFICATION,145714,MACHINERY AND EQUIPMENT,45047,Pending verification,Pending verification
185661,UGIFT-185689,Office Chairs,PENDING VERIFICATION,145714,MACHINERY AND EQUIPMENT,45047,Pending verification,Pending verification
185662,UGIFT-185690,Office Chairs,PENDING VERIFICATION,145714,MACHINERY AND EQUIPMENT,45047,Pending verification,Pending verification
185663,UGIFT-185691,Office Chairs,PENDING VERIFICATION,145714,MACHINERY AND EQUIPMENT,45047,Pending verification,Pending verification
185664,UGIFT-185692,Office Chairs,PENDING VERIFICATION,145714,MACHINERY AND EQUIPMENT,45047,Pending verification,Pending verification
185665,UGIFT-185693,Office Chairs,PENDING VERIFICATION,145714,MACHINERY AND EQUIPMENT,45047,Pending verification,Pending verification
185666,UGIFT-185694,Office Chairs,PENDING VERIFICATION,145714,MACHINERY AND EQUIPMENT,45047,Pending verification,Pending verification
185667,UGIFT-185695,Office Chairs,PENDING VERIFICATION,145714,MACHINERY AND EQUIPMENT,45047,Pending verification,Pending verification
185668,UGIFT-185696,Office Chairs,PENDING VERIFICATION,145714,MACHINERY AND EQUIPMENT,45047,Pending verification,Pending verification
185669,UGIFT-185697,Office Chairs,PENDING VERIFICATION,145714,MACHINERY AND EQUIPMENT,45047,Pending verification,Pending verification
185670,UGIFT-185698,Office Chairs,PENDING VERIFICATION,145714,MACHINERY AND EQUIPMENT,45047,Pending verification,Pending verification
185671,UGIFT-185699,Office Chairs,PENDING VERIFICATION,145714,MACHINERY AND EQUIPMENT,45047,Pending verification,Pending verification
185672,UGIFT-185700,Office Chairs,PENDING VERIFICATION,145714,MACHINERY AND EQUIPMENT,45047,Pending verification,Pending verification
185673,UGIFT-185701,Office Chairs,PENDING VERIFICATION,145714,MACHINERY AND EQUIPMENT,45047,Pending verification,Pending verification
185674,UGIFT-185702,Office Chairs,PENDING VERIFICATION,145714,MACHINERY AND EQUIPMENT,45047,Pending verification,Pending verification
185675,UGIFT-185703,Office Chairs,PENDING VERIFICATION,145714,MACHINERY AND EQUIPMENT,45047,Pending verification,Pending verification
185676,UGIFT-185704,Office Chairs,PENDING VERIFICATION,145714,MACHINERY AND EQUIPMENT,45047,Pending verification,Pending verification
185677,UGIFT-185705,Office Chairs,PENDING VERIFICATION,145714,MACHINERY AND EQUIPMENT,45047,Pending verification,Pending verification
185678,UGIFT-185706,Office Chairs,PENDING VERIFICATION,145714,MACHINERY AND EQUIPMENT,45047,Pending verification,Pending verification
185679,UGIFT-185707,Office Chairs,PENDING VERIFICATION,145714,MACHINERY AND EQUIPMENT,45047,Pending verification,Pending verification
185680,UGIFT-185708,Office Chairs,PENDING VERIFICATION,145714,MACHINERY AND EQUIPMENT,45047,Pending verification,Pending verification
185681,UGIFT-185709,Office Chairs,PENDING VERIFICATION,145714,MACHINERY AND EQUIPMENT,45047,Pending verification,Pending verification
185682,UGIFT-185710,Office Chairs,PENDING VERIFICATION,145714,MACHINERY AND EQUIPMENT,45047,Pending verification,Pending verification
185683,UGIFT-185711,Office Chairs,PENDING VERIFICATION,145714,MACHINERY AND EQUIPMENT,45047,Pending verification,Pending verification
185684,UGIFT-185712,Office Chairs,PENDING VERIFICATION,145714,MACHINERY AND EQUIPMENT,45047,Pending verification,Pending verification
185685,UGIFT-185713,Office Chairs,PENDING VERIFICATION,145714,MACHINERY AND EQUIPMENT,45047,Pending verification,Pending verification
185686,UGIFT-185714,Office Chairs,PENDING VERIFICATION,145714,MACHINERY AND EQUIPMENT,45047,Pending verification,Pending verification
185687,UGIFT-185715,Office Chairs,PENDING VERIFICATION,145714,MACHINERY AND EQUIPMENT,45047,Pending verification,Pending verification
185688,UGIFT-185716,Office Chairs,PENDING VERIFICATION,145714,MACHINERY AND EQUIPMENT,45047,Pending verification,Pending verification
185689,UGIFT-185717,Office Chairs,PENDING VERIFICATION,145714,MACHINERY AND EQUIPMENT,45047,Pending verification,Pending verification
185690,UGIFT-185718,Office Chairs,PENDING VERIFICATION,145714,MACHINERY AND EQUIPMENT,45047,Pending verification,Pending verification
185691,UGIFT-185719,Office Chairs,PENDING VERIFICATION,145714,MACHINERY AND EQUIPMENT,45047,Pending verification,Pending verification
185692,UGIFT-185720,Office Chairs,PENDING VERIFICATION,145714,MACHINERY AND EQUIPMENT,45047,Pending verification,Pending verification
185693,UGIFT-185721,Office Chairs,PENDING VERIFICATION,145714,MACHINERY AND EQUIPMENT,45047,Pending verification,Pending verification
185694,UGIFT-185722,Office Chairs,PENDING VERIFICATION,145714,MACHINERY AND EQUIPMENT,45047,Pending verification,Pending verification
185695,UGIFT-185723,Office Chairs,PENDING VERIFICATION,145714,MACHINERY AND EQUIPMENT,45047,Pending verification,Pending verification
185696,UGIFT-185724,Office Chairs,PENDING VERIFICATION,145714,MACHINERY AND EQUIPMENT,45047,Pending verification,Pending verification
185697,UGIFT-185725,Office Chairs,PENDING VERIFICATION,145714,MACHINERY AND EQUIPMENT,45047,Pending verification,Pending verification
185698,UGIFT-185726,Office Chairs,PENDING VERIFICATION,145714,MACHINERY AND EQUIPMENT,45047,Pending verification,Pending verification
185699,UGIFT-185727,Office Chairs,PENDING VERIFICATION,145714,MACHINERY AND EQUIPMENT,45047,Pending verification,Pending verification
185700,UGIFT-185728,Office Chairs,PENDING VERIFICATION,145714,MACHINERY AND EQUIPMENT,45047,Pending verification,Pending verification
185701,UGIFT-185729,Office Chairs,PENDING VERIFICATION,145714,MACHINERY AND EQUIPMENT,45047,Pending verification,Pending verification
185702,UGIFT-185730,Office Chairs,PENDING VERIFICATION,145714,MACHINERY AND EQUIPMENT,45047,Pending verification,Pending verification
185703,UGIFT-185731,Office Chairs,PENDING VERIFICATION,145714,MACHINERY AND EQUIPMENT,45047,Pending verification,Pending verification
185704,UGIFT-185732,Office Chairs,PENDING VERIFICATION,145714,MACHINERY AND EQUIPMENT,45047,Pending verification,Pending verification
185705,UGIFT-185733,Office Chairs,PENDING VERIFICATION,145714,MACHINERY AND EQUIPMENT,45047,Pending verification,Pending verification
185706,UGIFT-185734,Office Chairs,PENDING VERIFICATION,145714,MACHINERY AND EQUIPMENT,45047,Pending verification,Pending verification
185707,UGIFT-185735,Office Chairs,PENDING VERIFICATION,145714,MACHINERY AND EQUIPMENT,45047,Pending verification,Pending verification
185708,UGIFT-185736,Office Chairs,PENDING VERIFICATION,145714,MACHINERY AND EQUIPMENT,45047,Pending verification,Pending verification
185709,UGIFT-185737,Office Chairs,PENDING VERIFICATION,145714,MACHINERY AND EQUIPMENT,45047,Pending verification,Pending verification
185710,UGIFT-185738,Office Chairs,PENDING VERIFICATION,145714,MACHINERY AND EQUIPMENT,45047,Pending verification,Pending verification
185711,UGIFT-185739,Office Chairs,PENDING VERIFICATION,145714,MACHINERY AND EQUIPMENT,45047,Pending verification,Pending verification
185712,UGIFT-185740,Office Chairs,PENDING VERIFICATION,145714,MACHINERY AND EQUIPMENT,45047,Pending verification,Pending verification
185713,UGIFT-185741,Office Chairs,PENDING VERIFICATION,145714,MACHINERY AND EQUIPMENT,45047,Pending verification,Pending verification
185714,UGIFT-185742,Office Chairs,PENDING VERIFICATION,145714,MACHINERY AND EQUIPMENT,45047,Pending verification,Pending verification
185715,UGIFT-185743,Office Chairs,PENDING VERIFICATION,145714,MACHINERY AND EQUIPMENT,45047,Pending verification,Pending verification
185716,UGIFT-185744,Office Chairs,PENDING VERIFICATION,145714,MACHINERY AND EQUIPMENT,45047,Pending verification,Pending verification
185717,UGIFT-185745,Office Chairs,PENDING VERIFICATION,145714,MACHINERY AND EQUIPMENT,45047,Pending verification,Pending verification
185718,UGIFT-185746,Office Chairs,PENDING VERIFICATION,145714,MACHINERY AND EQUIPMENT,45047,Pending verification,Pending verification
185719,UGIFT-185747,Office Chairs,PENDING VERIFICATION,145714,MACHINERY AND EQUIPMENT,45047,Pending verification,Pending verification
185720,UGIFT-185748,Office Chairs,PENDING VERIFICATION,145714,MACHINERY AND EQUIPMENT,45047,Pending verification,Pending verification
185721,UGIFT-185749,Office Chairs,PENDING VERIFICATION,145714,MACHINERY AND EQUIPMENT,45047,Pending verification,Pending verification
185722,UGIFT-185750,Office Chairs,PENDING VERIFICATION,145714,MACHINERY AND EQUIPMENT,45047,Pending verification,Pending verification
185723,UGIFT-185751,Office Chairs,PENDING VERIFICATION,145714,MACHINERY AND EQUIPMENT,45047,Pending verification,Pending verification
185724,UGIFT-185752,Office Chairs,PENDING VERIFICATION,145714,MACHINERY AND EQUIPMENT,45047,Pending verification,Pending verification
185725,UGIFT-185753,Office Chairs,PENDING VERIFICATION,145714,MACHINERY AND EQUIPMENT,45047,Pending verification,Pending verification
185726,UGIFT-185754,Office Chairs,PENDING VERIFICATION,145714,MACHINERY AND EQUIPMENT,45047,Pending verification,Pending verification
185727,UGIFT-185755,Office Chairs,PENDING VERIFICATION,145714,MACHINERY AND EQUIPMENT,45047,Pending verification,Pending verification
185728,UGIFT-185756,Office Chairs,PENDING VERIFICATION,145714,MACHINERY AND EQUIPMENT,45047,Pending verification,Pending verification
185729,UGIFT-185757,Office Chairs,PENDING VERIFICATION,145714,MACHINERY AND EQUIPMENT,45047,Pending verification,Pending verification
185730,UGIFT-185758,Office Chairs,PENDING VERIFICATION,145714,MACHINERY AND EQUIPMENT,45047,Pending verification,Pending verification
185731,UGIFT-185759,Office Chairs,PENDING VERIFICATION,145714,MACHINERY AND EQUIPMENT,45047,Pending verification,Pending verification
185732,UGIFT-185760,Office Chairs,PENDING VERIFICATION,145714,MACHINERY AND EQUIPMENT,45047,Pending verification,Pending verification
185733,UGIFT-185761,Office Chairs,PENDING VERIFICATION,145714,MACHINERY AND EQUIPMENT,45047,Pending verification,Pending verification
185734,UGIFT-185762,Office Chairs,PENDING VERIFICATION,145714,MACHINERY AND EQUIPMENT,45047,Pending verification,Pending verification
185735,UGIFT-185763,Office Chairs,PENDING VERIFICATION,145714,MACHINERY AND EQUIPMENT,45047,Pending verification,Pending verification
185736,UGIFT-185764,Office Chairs,PENDING VERIFICATION,145714,MACHINERY AND EQUIPMENT,45047,Pending verification,Pending verification
185737,UGIFT-185765,Office Chairs,PENDING VERIFICATION,145714,MACHINERY AND EQUIPMENT,45047,Pending verification,Pending verification
185738,UGIFT-185766,Office Chairs,PENDING VERIFICATION,145714,MACHINERY AND EQUIPMENT,45047,Pending verification,Pending verification
185739,UGIFT-185767,Office Chairs,PENDING VERIFICATION,145714,MACHINERY AND EQUIPMENT,45047,Pending verification,Pending verification
185740,UGIFT-185768,Office Chairs,PENDING VERIFICATION,145714,MACHINERY AND EQUIPMENT,45047,Pending verification,Pending verification
185741,UGIFT-185769,Office Chairs,PENDING VERIFICATION,145714,MACHINERY AND EQUIPMENT,45047,Pending verification,Pending verification
185742,UGIFT-185770,Office Chairs,PENDING VERIFICATION,145714,MACHINERY AND EQUIPMENT,45047,Pending verification,Pending verification
185743,UGIFT-185771,Office Chairs,PENDING VERIFICATION,145714,MACHINERY AND EQUIPMENT,45047,Pending verification,Pending verification
185744,UGIFT-185772,Office Chairs,PENDING VERIFICATION,145714,MACHINERY AND EQUIPMENT,45047,Pending verification,Pending verification
185745,UGIFT-185773,Office Chairs,PENDING VERIFICATION,145714,MACHINERY AND EQUIPMENT,45047,Pending verification,Pending verification
185746,UGIFT-185774,Office Chairs,PENDING VERIFICATION,145714,MACHINERY AND EQUIPMENT,45047,Pending verification,Pending verification
185747,UGIFT-185775,Office Chairs,PENDING VERIFICATION,145714,MACHINERY AND EQUIPMENT,45047,Pending verification,Pending verification
185748,UGIFT-185776,Office Chairs,PENDING VERIFICATION,145714,MACHINERY AND EQUIPMENT,45047,Pending verification,Pending verification
185749,UGIFT-185777,Office Chairs,PENDING VERIFICATION,145714,MACHINERY AND EQUIPMENT,45047,Pending verification,Pending verification
185750,UGIFT-185778,Office Chairs,PENDING VERIFICATION,145714,MACHINERY AND EQUIPMENT,45047,Pending verification,Pending verification
185751,UGIFT-185779,Office Chairs,PENDING VERIFICATION,145714,MACHINERY AND EQUIPMENT,45047,Pending verification,Pending verification
185752,UGIFT-185780,Office Chairs,PENDING VERIFICATION,145714,MACHINERY AND EQUIPMENT,45047,Pending verification,Pending verification
185753,UGIFT-185781,Office Chairs,PENDING VERIFICATION,145714,MACHINERY AND EQUIPMENT,45047,Pending verification,Pending verification
185754,UGIFT-185782,Office Chairs,PENDING VERIFICATION,145714,MACHINERY AND EQUIPMENT,45047,Pending verification,Pending verification
185755,UGIFT-185783,Office Chairs,PENDING VERIFICATION,145714,MACHINERY AND EQUIPMENT,45047,Pending verification,Pending verification
185756,UGIFT-185784,Office Chairs,PENDING VERIFICATION,145714,MACHINERY AND EQUIPMENT,45047,Pending verification,Pending verification
185757,UGIFT-185785,Office Chairs,PENDING VERIFICATION,145714,MACHINERY AND EQUIPMENT,45047,Pending verification,Pending verification
185758,UGIFT-185786,Office Chairs,PENDING VERIFICATION,145714,MACHINERY AND EQUIPMENT,45047,Pending verification,Pending verification
185759,UGIFT-185787,Office Chairs,PENDING VERIFICATION,145714,MACHINERY AND EQUIPMENT,45047,Pending verification,Pending verification
185760,UGIFT-185788,Office Chairs,PENDING VERIFICATION,145714,MACHINERY AND EQUIPMENT,45047,Pending verification,Pending verification
185761,UGIFT-185789,Office Chairs,PENDING VERIFICATION,145714,MACHINERY AND EQUIPMENT,45047,Pending verification,Pending verification
185762,UGIFT-185790,Office Chairs,PENDING VERIFICATION,145714,MACHINERY AND EQUIPMENT,45047,Pending verification,Pending verification
185763,UGIFT-185791,Office Chairs,PENDING VERIFICATION,145714,MACHINERY AND EQUIPMENT,45047,Pending verification,Pending verification
185764,UGIFT-185792,Office Chairs,PENDING VERIFICATION,145714,MACHINERY AND EQUIPMENT,45047,Pending verification,Pending verification
185765,UGIFT-185793,Office Chairs,PENDING VERIFICATION,145714,MACHINERY AND EQUIPMENT,45047,Pending verification,Pending verification
185766,UGIFT-185794,Office Chairs,PENDING VERIFICATION,145714,MACHINERY AND EQUIPMENT,45047,Pending verification,Pending verification
185767,UGIFT-185795,Office Chairs,PENDING VERIFICATION,145714,MACHINERY AND EQUIPMENT,45047,Pending verification,Pending verification
185768,UGIFT-185796,Office Chairs,PENDING VERIFICATION,145714,MACHINERY AND EQUIPMENT,45047,Pending verification,Pending verification
185769,UGIFT-185797,Office Chairs,PENDING VERIFICATION,145714,MACHINERY AND EQUIPMENT,45047,Pending verification,Pending verification
185770,UGIFT-185798,Office Chairs,PENDING VERIFICATION,145714,MACHINERY AND EQUIPMENT,45047,Pending verification,Pending verification
185771,UGIFT-185799,Office Chairs,PENDING VERIFICATION,145714,MACHINERY AND EQUIPMENT,45047,Pending verification,Pending verification
185772,UGIFT-185800,Office Chairs,PENDING VERIFICATION,145714,MACHINERY AND EQUIPMENT,45047,Pending verification,Pending verification
185773,UGIFT-185801,Office Chairs,PENDING VERIFICATION,145714,MACHINERY AND EQUIPMENT,45047,Pending verification,Pending verification
185774,UGIFT-185802,Office Chairs,PENDING VERIFICATION,145714,MACHINERY AND EQUIPMENT,45047,Pending verification,Pending verification
185775,UGIFT-185803,Office Chairs,PENDING VERIFICATION,145714,MACHINERY AND EQUIPMENT,45047,Pending verification,Pending verification
185776,UGIFT-185804,Office Chairs,PENDING VERIFICATION,145714,MACHINERY AND EQUIPMENT,45047,Pending verification,Pending verification
185777,UGIFT-185805,Office Chairs,PENDING VERIFICATION,145714,MACHINERY AND EQUIPMENT,45047,Pending verification,Pending verification
185778,UGIFT-185806,Office Chairs,PENDING VERIFICATION,145714,MACHINERY AND EQUIPMENT,45047,Pending verification,Pending verification
185779,UGIFT-185807,Office Chairs,PENDING VERIFICATION,145714,MACHINERY AND EQUIPMENT,45047,Pending verification,Pending verification
185780,UGIFT-185808,Office Chairs,PENDING VERIFICATION,145714,MACHINERY AND EQUIPMENT,45047,Pending verification,Pending verification
185781,UGIFT-185809,Office Chairs,PENDING VERIFICATION,145714,MACHINERY AND EQUIPMENT,45047,Pending verification,Pending verification
185782,UGIFT-185810,Office Chairs,PENDING VERIFICATION,145714,MACHINERY AND EQUIPMENT,45047,Pending verification,Pending verification
185783,UGIFT-185811,Office Chairs,PENDING VERIFICATION,145714,MACHINERY AND EQUIPMENT,45047,Pending verification,Pending verification
185784,UGIFT-185812,Office Chairs,PENDING VERIFICATION,145714,MACHINERY AND EQUIPMENT,45047,Pending verification,Pending verification
185785,UGIFT-185813,Office Chairs,PENDING VERIFICATION,145714,MACHINERY AND EQUIPMENT,45047,Pending verification,Pending verification
185786,UGIFT-185814,Office Chairs,PENDING VERIFICATION,145714,MACHINERY AND EQUIPMENT,45047,Pending verification,Pending verification
185787,UGIFT-185815,Office Chairs,PENDING VERIFICATION,145714,MACHINERY AND EQUIPMENT,45047,Pending verification,Pending verification
185788,UGIFT-185816,Office Chairs,PENDING VERIFICATION,145714,MACHINERY AND EQUIPMENT,45047,Pending verification,Pending verification
185789,UGIFT-185817,Office Chairs,PENDING VERIFICATION,145714,MACHINERY AND EQUIPMENT,45047,Pending verification,Pending verification
185790,UGIFT-185818,Office Chairs,PENDING VERIFICATION,145714,MACHINERY AND EQUIPMENT,45047,Pending verification,Pending verification
185791,UGIFT-185819,Office Chairs,PENDING VERIFICATION,145714,MACHINERY AND EQUIPMENT,45047,Pending verification,Pending verification
185792,UGIFT-185820,Office Chairs,PENDING VERIFICATION,145714,MACHINERY AND EQUIPMENT,45047,Pending verification,Pending verification
185793,UGIFT-185821,Office Chairs,PENDING VERIFICATION,145714,MACHINERY AND EQUIPMENT,45047,Pending verification,Pending verification
185794,UGIFT-185822,Office Chairs,PENDING VERIFICATION,145714,MACHINERY AND EQUIPMENT,45047,Pending verification,Pending verification
185795,UGIFT-185823,Office Chairs,PENDING VERIFICATION,145714,MACHINERY AND EQUIPMENT,45047,Pending verification,Pending verification
185796,UGIFT-185824,Office Chairs,PENDING VERIFICATION,145714,MACHINERY AND EQUIPMENT,45047,Pending verification,Pending verification
185797,UGIFT-185825,Office Chairs,PENDING VERIFICATION,145714,MACHINERY AND EQUIPMENT,45047,Pending verification,Pending verification
185798,UGIFT-185826,Office Chairs,PENDING VERIFICATION,145714,MACHINERY AND EQUIPMENT,45047,Pending verification,Pending verification
185799,UGIFT-185827,Office Chairs,PENDING VERIFICATION,145714,MACHINERY AND EQUIPMENT,45047,Pending verification,Pending verification
185800,UGIFT-185828,Office Chairs,PENDING VERIFICATION,145714,MACHINERY AND EQUIPMENT,45047,Pending verification,Pending verification
185801,UGIFT-185829,Office Chairs,PENDING VERIFICATION,145714,MACHINERY AND EQUIPMENT,45047,Pending verification,Pending verification
185802,UGIFT-185830,Office Chairs,PENDING VERIFICATION,145714,MACHINERY AND EQUIPMENT,45047,Pending verification,Pending verification
185803,UGIFT-185831,Office Chairs,PENDING VERIFICATION,145714,MACHINERY AND EQUIPMENT,45047,Pending verification,Pending verification
185804,UGIFT-185832,Office Chairs,PENDING VERIFICATION,145714,MACHINERY AND EQUIPMENT,45047,Pending verification,Pending verification
185805,UGIFT-185833,Office Chairs,PENDING VERIFICATION,145714,MACHINERY AND EQUIPMENT,45047,Pending verification,Pending verification
185806,UGIFT-185834,Office Chairs,PENDING VERIFICATION,145714,MACHINERY AND EQUIPMENT,45047,Pending verification,Pending verification
185807,UGIFT-185835,Office Chairs,PENDING VERIFICATION,145714,MACHINERY AND EQUIPMENT,45047,Pending verification,Pending verification
185808,UGIFT-185836,Office Chairs,PENDING VERIFICATION,145714,MACHINERY AND EQUIPMENT,45047,Pending verification,Pending verification
185809,UGIFT-185837,Office Chairs,PENDING VERIFICATION,145714,MACHINERY AND EQUIPMENT,45047,Pending verification,Pending verification
185810,UGIFT-185838,Office Chairs,PENDING VERIFICATION,145714,MACHINERY AND EQUIPMENT,45047,Pending verification,Pending verification
185811,UGIFT-185839,Office Chairs,PENDING VERIFICATION,145714,MACHINERY AND EQUIPMENT,45047,Pending verification,Pending verification
185812,UGIFT-185840,Office Chairs,PENDING VERIFICATION,145714,MACHINERY AND EQUIPMENT,45047,Pending verification,Pending verification
185813,UGIFT-185841,Office Chairs,PENDING VERIFICATION,145714,MACHINERY AND EQUIPMENT,45047,Pending verification,Pending verification
185814,UGIFT-185842,Office Chairs,PENDING VERIFICATION,145714,MACHINERY AND EQUIPMENT,45047,Pending verification,Pending verification
185815,UGIFT-185843,Office Chairs,PENDING VERIFICATION,145714,MACHINERY AND EQUIPMENT,45047,Pending verification,Pending verification
185816,UGIFT-185844,Office Chairs,PENDING VERIFICATION,145714,MACHINERY AND EQUIPMENT,45047,Pending verification,Pending verification
185817,UGIFT-185845,Office Chairs,PENDING VERIFICATION,145714,MACHINERY AND EQUIPMENT,45047,Pending verification,Pending verification
185818,UGIFT-185846,Office Chairs,PENDING VERIFICATION,145714,MACHINERY AND EQUIPMENT,45047,Pending verification,Pending verification
185819,UGIFT-185847,Office Chairs,PENDING VERIFICATION,145714,MACHINERY AND EQUIPMENT,45047,Pending verification,Pending verification
185820,UGIFT-185848,Office Chairs,PENDING VERIFICATION,145714,MACHINERY AND EQUIPMENT,45047,Pending verification,Pending verification
185821,UGIFT-185849,Office Chairs,PENDING VERIFICATION,145714,MACHINERY AND EQUIPMENT,45047,Pending verification,Pending verification
185822,UGIFT-185850,Office Chairs,PENDING VERIFICATION,145714,MACHINERY AND EQUIPMENT,45047,Pending verification,Pending verification
185823,UGIFT-185851,Office Chairs,PENDING VERIFICATION,145714,MACHINERY AND EQUIPMENT,45047,Pending verification,Pending verification
185824,UGIFT-185852,Office Chairs,PENDING VERIFICATION,145714,MACHINERY AND EQUIPMENT,45047,Pending verification,Pending verification
185825,UGIFT-185853,Office Chairs,PENDING VERIFICATION,145714,MACHINERY AND EQUIPMENT,45047,Pending verification,Pending verification
185826,UGIFT-185854,Office Chairs,PENDING VERIFICATION,145714,MACHINERY AND EQUIPMENT,45047,Pending verification,Pending verification
185827,UGIFT-185855,Office Chairs,PENDING VERIFICATION,145714,MACHINERY AND EQUIPMENT,45047,Pending verification,Pending verification
185828,UGIFT-185856,Office Chairs,PENDING VERIFICATION,145714,MACHINERY AND EQUIPMENT,45047,Pending verification,Pending verification
185829,UGIFT-185857,Office Chairs,PENDING VERIFICATION,145714,MACHINERY AND EQUIPMENT,45047,Pending verification,Pending verification
185830,UGIFT-185858,Office Chairs,PENDING VERIFICATION,145714,MACHINERY AND EQUIPMENT,45047,Pending verification,Pending verification
185831,UGIFT-185859,Office Chairs,PENDING VERIFICATION,145714,MACHINERY AND EQUIPMENT,45047,Pending verification,Pending verification
185832,UGIFT-185860,Office Chairs,PENDING VERIFICATION,145714,MACHINERY AND EQUIPMENT,45047,Pending verification,Pending verification
185833,UGIFT-185861,Office Chairs,PENDING VERIFICATION,145714,MACHINERY AND EQUIPMENT,45047,Pending verification,Pending verification
185834,UGIFT-185862,Office Chairs,PENDING VERIFICATION,145714,MACHINERY AND EQUIPMENT,45047,Pending verification,Pending verification
185835,UGIFT-185863,Office Chairs,PENDING VERIFICATION,145714,MACHINERY AND EQUIPMENT,45047,Pending verification,Pending verification
185836,UGIFT-185864,Office Chairs,PENDING VERIFICATION,145714,MACHINERY AND EQUIPMENT,45047,Pending verification,Pending verification
185837,UGIFT-185865,Office Chairs,PENDING VERIFICATION,145714,MACHINERY AND EQUIPMENT,45047,Pending verification,Pending verification
185838,UGIFT-185866,Office Chairs,PENDING VERIFICATION,145714,MACHINERY AND EQUIPMENT,45047,Pending verification,Pending verification
185839,UGIFT-185867,Office Chairs,PENDING VERIFICATION,145714,MACHINERY AND EQUIPMENT,45047,Pending verification,Pending verification
185840,UGIFT-185868,Office Chairs,PENDING VERIFICATION,145714,MACHINERY AND EQUIPMENT,45047,Pending verification,Pending verification
185841,UGIFT-185869,Office Chairs,PENDING VERIFICATION,145714,MACHINERY AND EQUIPMENT,45047,Pending verification,Pending verification
185842,UGIFT-185870,Office Chairs,PENDING VERIFICATION,145714,MACHINERY AND EQUIPMENT,45047,Pending verification,Pending verification
185843,UGIFT-185871,Office Chairs,PENDING VERIFICATION,145714,MACHINERY AND EQUIPMENT,45047,Pending verification,Pending verification
185844,UGIFT-185872,Office Chairs,PENDING VERIFICATION,145714,MACHINERY AND EQUIPMENT,45047,Pending verification,Pending verification
185845,UGIFT-185873,Office Chairs,PENDING VERIFICATION,145714,MACHINERY AND EQUIPMENT,45047,Pending verification,Pending verification
185846,UGIFT-185874,Office Chairs,PENDING VERIFICATION,145714,MACHINERY AND EQUIPMENT,45047,Pending verification,Pending verification
185847,UGIFT-185875,Office Chairs,PENDING VERIFICATION,145714,MACHINERY AND EQUIPMENT,45047,Pending verification,Pending verification
185848,UGIFT-185876,Office Chairs,PENDING VERIFICATION,145714,MACHINERY AND EQUIPMENT,45047,Pending verification,Pending verification
185849,UGIFT-185877,Office Chairs,PENDING VERIFICATION,145714,MACHINERY AND EQUIPMENT,45047,Pending verification,Pending verification
185850,UGIFT-185878,Office Chairs,PENDING VERIFICATION,145714,MACHINERY AND EQUIPMENT,45047,Pending verification,Pending verification
185851,UGIFT-185879,Office Chairs,PENDING VERIFICATION,145714,MACHINERY AND EQUIPMENT,45047,Pending verification,Pending verification
185852,UGIFT-185880,Office Chairs,PENDING VERIFICATION,145714,MACHINERY AND EQUIPMENT,45047,Pending verification,Pending verification
185853,UGIFT-185881,Office Chairs,PENDING VERIFICATION,145714,MACHINERY AND EQUIPMENT,45047,Pending verification,Pending verification
185854,UGIFT-185882,Office Chairs,PENDING VERIFICATION,145714,MACHINERY AND EQUIPMENT,45047,Pending verification,Pending verification
185855,UGIFT-185883,Office Chairs,PENDING VERIFICATION,145714,MACHINERY AND EQUIPMENT,45047,Pending verification,Pending verification
185856,UGIFT-185884,Office Chairs,PENDING VERIFICATION,145714,MACHINERY AND EQUIPMENT,45047,Pending verification,Pending verification
185857,UGIFT-185885,Office Chairs,PENDING VERIFICATION,145714,MACHINERY AND EQUIPMENT,45047,Pending verification,Pending verification
185858,UGIFT-185886,Office Chairs,PENDING VERIFICATION,145714,MACHINERY AND EQUIPMENT,45047,Pending verification,Pending verification
185859,UGIFT-185887,Office Chairs,PENDING VERIFICATION,145714,MACHINERY AND EQUIPMENT,45047,Pending verification,Pending verification
185860,UGIFT-185888,Office Chairs,PENDING VERIFICATION,145714,MACHINERY AND EQUIPMENT,45047,Pending verification,Pending verification
185861,UGIFT-185889,Office Chairs,PENDING VERIFICATION,145714,MACHINERY AND EQUIPMENT,45047,Pending verification,Pending verification
185862,UGIFT-185890,Office Chairs,PENDING VERIFICATION,145714,MACHINERY AND EQUIPMENT,45047,Pending verification,Pending verification
185863,UGIFT-185891,Office Chairs,PENDING VERIFICATION,145714,MACHINERY AND EQUIPMENT,45047,Pending verification,Pending verification
185864,UGIFT-185892,Office Chairs,PENDING VERIFICATION,145714,MACHINERY AND EQUIPMENT,45047,Pending verification,Pending verification
185865,UGIFT-185893,Office Chairs,PENDING VERIFICATION,145714,MACHINERY AND EQUIPMENT,45047,Pending verification,Pending verification
185866,UGIFT-185894,Office Chairs,PENDING VERIFICATION,145714,MACHINERY AND EQUIPMENT,45047,Pending verification,Pending verification
185867,UGIFT-185895,Office Chairs,PENDING VERIFICATION,145714,MACHINERY AND EQUIPMENT,45047,Pending verification,Pending verification
185868,UGIFT-185896,Office Chairs,PENDING VERIFICATION,145714,MACHINERY AND EQUIPMENT,45047,Pending verification,Pending verification
185869,UGIFT-185897,Office Chairs,PENDING VERIFICATION,145714,MACHINERY AND EQUIPMENT,45047,Pending verification,Pending verification
185870,UGIFT-185898,Office Chairs,PENDING VERIFICATION,145714,MACHINERY AND EQUIPMENT,45047,Pending verification,Pending verification
185871,UGIFT-185899,Office Chairs,PENDING VERIFICATION,145714,MACHINERY AND EQUIPMENT,45047,Pending verification,Pending verification
185872,UGIFT-185900,Office Chairs,PENDING VERIFICATION,145714,MACHINERY AND EQUIPMENT,45047,Pending verification,Pending verification
185873,UGIFT-185901,Office Chairs,PENDING VERIFICATION,145714,MACHINERY AND EQUIPMENT,45047,Pending verification,Pending verification
185874,UGIFT-185902,Office Chairs,PENDING VERIFICATION,145714,MACHINERY AND EQUIPMENT,45047,Pending verification,Pending verification
185875,UGIFT-185903,Office Chairs,PENDING VERIFICATION,145714,MACHINERY AND EQUIPMENT,45047,Pending verification,Pending verification
185876,UGIFT-185904,Office Chairs,PENDING VERIFICATION,145714,MACHINERY AND EQUIPMENT,45047,Pending verification,Pending verification
185877,UGIFT-185905,Office Chairs,PENDING VERIFICATION,145714,MACHINERY AND EQUIPMENT,45047,Pending verification,Pending verification
185878,UGIFT-185906,Office Chairs,PENDING VERIFICATION,145714,MACHINERY AND EQUIPMENT,45047,Pending verification,Pending verification
185879,UGIFT-185907,Office Chairs,PENDING VERIFICATION,145714,MACHINERY AND EQUIPMENT,45047,Pending verification,Pending verification
185880,UGIFT-185908,Office Chairs,PENDING VERIFICATION,145714,MACHINERY AND EQUIPMENT,45047,Pending verification,Pending verification
185881,UGIFT-185909,Office Chairs,PENDING VERIFICATION,145714,MACHINERY AND EQUIPMENT,45047,Pending verification,Pending verification
185882,UGIFT-185910,Office Chairs,PENDING VERIFICATION,145714,MACHINERY AND EQUIPMENT,45047,Pending verification,Pending verification
185883,UGIFT-185911,Office Chairs,PENDING VERIFICATION,145714,MACHINERY AND EQUIPMENT,45047,Pending verification,Pending verification
185884,UGIFT-185912,Office Chairs,PENDING VERIFICATION,145714,MACHINERY AND EQUIPMENT,45047,Pending verification,Pending verification
185885,UGIFT-185913,Office Chairs,PENDING VERIFICATION,145714,MACHINERY AND EQUIPMENT,45047,Pending verification,Pending verification
185886,UGIFT-185914,Office Chairs,PENDING VERIFICATION,145714,MACHINERY AND EQUIPMENT,45047,Pending verification,Pending verification
185887,UGIFT-185915,Office Chairs,PENDING VERIFICATION,145714,MACHINERY AND EQUIPMENT,45047,Pending verification,Pending verification
185888,UGIFT-185916,Office Chairs,PENDING VERIFICATION,145714,MACHINERY AND EQUIPMENT,45047,Pending verification,Pending verification
185889,UGIFT-185917,Office Chairs,PENDING VERIFICATION,145714,MACHINERY AND EQUIPMENT,45047,Pending verification,Pending verification
185890,UGIFT-185918,Office Chairs,PENDING VERIFICATION,145714,MACHINERY AND EQUIPMENT,45047,Pending verification,Pending verification
185891,UGIFT-185919,Office Chairs,PENDING VERIFICATION,145714,MACHINERY AND EQUIPMENT,45047,Pending verification,Pending verification
185892,UGIFT-185920,Office Chairs,PENDING VERIFICATION,145714,MACHINERY AND EQUIPMENT,45047,Pending verification,Pending verification
185893,UGIFT-185921,Office Chairs,PENDING VERIFICATION,145714,MACHINERY AND EQUIPMENT,45047,Pending verification,Pending verification
185894,UGIFT-185922,Office Chairs,PENDING VERIFICATION,145714,MACHINERY AND EQUIPMENT,45047,Pending verification,Pending verification
185895,UGIFT-185923,Office Chairs,PENDING VERIFICATION,145714,MACHINERY AND EQUIPMENT,45047,Pending verification,Pending verification
185896,UGIFT-185924,Office Chairs,PENDING VERIFICATION,145714,MACHINERY AND EQUIPMENT,45047,Pending verification,Pending verification
185897,UGIFT-185925,Office Chairs,PENDING VERIFICATION,145714,MACHINERY AND EQUIPMENT,45047,Pending verification,Pending verification
185898,UGIFT-185926,Office Chairs,PENDING VERIFICATION,145714,MACHINERY AND EQUIPMENT,45047,Pending verification,Pending verification
185899,UGIFT-185927,Office Chairs,PENDING VERIFICATION,145714,MACHINERY AND EQUIPMENT,45047,Pending verification,Pending verification
186112,UGIFT-186140,building,PENDING VALUATION,Pending valuation,BUILDINGS AND STRUCTURES,45047,Pending calculation,Pending calculation
186220,UGIFT-186248,"Stool, Laboratory",PENDING VERIFICATION,240000,MACHINERY AND EQUIPMENT,44876,Pending verification,Pending verification
186221,UGIFT-186249,"Stool, Laboratory",PENDING VERIFICATION,240000,MACHINERY AND EQUIPMENT,44876,Pending verification,Pending verification
186290,UGIFT-186318,Firewell,CAPITALIZED,2000000,PENDING CLASSIFICATION,45792,566667.0,100000.0
186366,UGIFT-186394,Wheel Chair,PENDING VERIFICATION,160000,MACHINERY AND EQUIPMENT,45057,Pending verification,Pending verification
186367,UGIFT-186395,Wheel Chair,PENDING VERIFICATION,160000,MACHINERY AND EQUIPMENT,45057,Pending verification,Pending verification
186368,UGIFT-186396,Wheel Chair,PENDING VERIFICATION,160000,MACHINERY AND EQUIPMENT,45057,Pending verification,Pending verification
186369,UGIFT-186397,Wheel Chair,PENDING VERIFICATION,160000,MACHINERY AND EQUIPMENT,45057,Pending verification,Pending verification
186370,UGIFT-186398,Audio Visual Equipment,PENDING VALUATION,Pending valuation,MACHINERY AND EQUIPMENT,45057,Pending calculation,Pending calculation
186550,UGIFT-186578,Project,PENDING VALUATION,Pending valuation,PENDING CLASSIFICATION,45505,Pending calculation,Pending calculation
186621,UGIFT-186649,Project,PENDING VALUATION,Pending valuation,PENDING CLASSIFICATION,45505,Pending calculation,Pending calculation
186715,UGIFT-186743,Audio Visual Equipment,PENDING VALUATION,Pending valuation,MACHINERY AND EQUIPMENT,45505,Pending calculation,Pending calculation
186780,UGIFT-186808,"Stool, Laboratory",PENDING VERIFICATION,240000,MACHINERY AND EQUIPMENT,45513,Pending verification,Pending verification
186781,UGIFT-186809,"Stool, Laboratory",PENDING VERIFICATION,240000,MACHINERY AND EQUIPMENT,45513,Pending verification,Pending verification
186806,UGIFT-186834,Counting chamber Neubauer- Improved,PENDING VERIFICATION,230000,MACHINERY AND EQUIPMENT,45512,Pending verification,Pending verification
186836,UGIFT-186864,Audio Visual Equipment,PENDING VALUATION,Pending valuation,MACHINERY AND EQUIPMENT,45505,Pending calculation,Pending calculation
187290,UGIFT-187318,Audio Equipment,PENDING VALUATION,Pending valuation,PENDING CLASSIFICATION,45911,Pending calculation,Pending calculation
187730,UGIFT-187758,B.P. Machine (Aneroid wall mounted),PENDING VERIFICATION,213333,MACHINERY AND EQUIPMENT,45911,Pending verification,Pending verification
187731,UGIFT-187759,B.P. Machine (Aneroid wall mounted),PENDING VERIFICATION,213333,MACHINERY AND EQUIPMENT,45911,Pending verification,Pending verification
187992,UGIFT-188020,Science laboratory equipments,PENDING VALUATION,Pending valuation,PENDING CLASSIFICATION,45505,Pending calculation,Pending calculation
188137,UGIFT-188165,ICT Items,NOT RECOGNIZED,Pending valuation,PENDING CLASSIFICATION,Not applicable - not received,0,0
188187,UGIFT-188215,Toilets,PENDING REVIEW,0,BUILDINGS AND STRUCTURES,Commissioning status unresolved,Pending calculation,Pending calculation
188188,UGIFT-188216,Toilets,PENDING REVIEW,0,BUILDINGS AND STRUCTURES,Commissioning status unresolved,Pending calculation,Pending calculation
188378,UGIFT-188406,Toilets,PENDING REVIEW,0,BUILDINGS AND STRUCTURES,Commissioning status unresolved,Pending calculation,Pending calculation
188379,UGIFT-188407,Toilets,PENDING REVIEW,0,BUILDINGS AND STRUCTURES,Commissioning status unresolved,Pending calculation,Pending calculation
188739,UGIFT-188767,B.P. Machine (Aneroid wall mounted),PENDING VERIFICATION,350000,MACHINERY AND EQUIPMENT,45369,Pending verification,Pending verification
188740,UGIFT-188768,B.P. Machine (Aneroid wall mounted),PENDING VERIFICATION,350000,MACHINERY AND EQUIPMENT,45369,Pending verification,Pending verification
188757,UGIFT-188785,Glucometer,PENDING VERIFICATION,100000,MACHINERY AND EQUIPMENT,45369,Pending verification,Pending verification
188787,UGIFT-188815,Audio Visual Equipment,PENDING VALUATION,Pending valuation,MACHINERY AND EQUIPMENT,45901,Pending calculation,Pending calculation
189437,UGIFT-189465,Single seaters,PENDING VALUATION,Pending valuation,PENDING CLASSIFICATION,44607,Pending calculation,Pending calculation
189590,UGIFT-189618,Audio Visual Equipment,PENDING VALUATION,Pending valuation,MACHINERY AND EQUIPMENT,45200,Pending calculation,Pending calculation
191096,UGIFT-191124,Instrument Trolley,PENDING VERIFICATION,750000,MACHINERY AND EQUIPMENT,45818,Pending verification,Pending verification
191120,UGIFT-191148,Audio Visual Equipment,PENDING VALUATION,Pending valuation,MACHINERY AND EQUIPMENT,45809,Pending calculation,Pending calculation
192131,UGIFT-192159,Audio Visual Equipment,PENDING VALUATION,Pending valuation,MACHINERY AND EQUIPMENT,45870,Pending calculation,Pending calculation
192559,UGIFT-192587,SmartScreen T. V,PENDING VALUATION,Pending valuation,PENDING CLASSIFICATION,45806,Pending calculation,Pending calculation
192698,UGIFT-192726,Networking,PENDING VALUATION,Pending valuation,PENDING CLASSIFICATION,45778,Pending calculation,Pending calculation
192699,UGIFT-192727,Installation & internet connection,PENDING VALUATION,Pending valuation,PENDING CLASSIFICATION,45778,Pending calculation,Pending calculation
193002,UGIFT-193030,Football field,PENDING VALUATION,Pending valuation,MACHINERY AND EQUIPMENT,44348,Pending calculation,Pending calculation
194732,UGIFT-194760,Gas system,PENDING VALUATION,Pending valuation,PENDING CLASSIFICATION,45870,Pending calculation,Pending calculation
194733,UGIFT-194761,Gas system,PENDING VALUATION,Pending valuation,PENDING CLASSIFICATION,45870,Pending calculation,Pending calculation
194819,UGIFT-194847,Pitch,PENDING VALUATION,Pending valuation,PENDING CLASSIFICATION,45870,Pending calculation,Pending calculation
195633,UGIFT-195661,Football field,PENDING VALUATION,Pending valuation,MACHINERY AND EQUIPMENT,45870,Pending calculation,Pending calculation
196188,UGIFT-196216,Audio Visual Equipment,PENDING VALUATION,Pending valuation,MACHINERY AND EQUIPMENT,44621,Pending calculation,Pending calculation
196861,UGIFT-196889,Small 0.6/1.2,PENDING VALUATION,Pending valuation,PENDING CLASSIFICATION,44621,Pending calculation,Pending calculation
196862,UGIFT-196890,Small 0.6/1.2,PENDING VALUATION,Pending valuation,PENDING CLASSIFICATION,44621,Pending calculation,Pending calculation
196863,UGIFT-196891,Small 0.6/1.2,PENDING VALUATION,Pending valuation,PENDING CLASSIFICATION,44621,Pending calculation,Pending calculation
196864,UGIFT-196892,Small 0.6/1.2,PENDING VALUATION,Pending valuation,PENDING CLASSIFICATION,44621,Pending calculation,Pending calculation
196865,UGIFT-196893,Small 0.6/1.2,PENDING VALUATION,Pending valuation,PENDING CLASSIFICATION,44621,Pending calculation,Pending calculation
196866,UGIFT-196894,Small 0.6/1.2,PENDING VALUATION,Pending valuation,PENDING CLASSIFICATION,44621,Pending calculation,Pending calculation
196867,UGIFT-196895,Small 0.6/1.2,PENDING VALUATION,Pending valuation,PENDING CLASSIFICATION,44621,Pending calculation,Pending calculation
196868,UGIFT-196896,Small 0.6/1.2,PENDING VALUATION,Pending valuation,PENDING CLASSIFICATION,44621,Pending calculation,Pending calculation
196869,UGIFT-196897,Small 0.6/1.2,PENDING VALUATION,Pending valuation,PENDING CLASSIFICATION,44621,Pending calculation,Pending calculation
196870,UGIFT-196898,0.83/1.7,NOT CAPITALIZED,0,PENDING CLASSIFICATION,44621,0,0
196871,UGIFT-196899,0.83/1.7,NOT CAPITALIZED,0,PENDING CLASSIFICATION,44621,0,0
196872,UGIFT-196900,0.83/1.7,NOT CAPITALIZED,0,PENDING CLASSIFICATION,44621,0,0
196873,UGIFT-196901,0.83/1.7,NOT CAPITALIZED,0,PENDING CLASSIFICATION,44621,0,0
196874,UGIFT-196902,0.83/1.7,NOT CAPITALIZED,0,PENDING CLASSIFICATION,44621,0,0
196875,UGIFT-196903,0.83/1.7,NOT CAPITALIZED,0,PENDING CLASSIFICATION,44621,0,0
196876,UGIFT-196904,0.83/1.7,NOT CAPITALIZED,0,PENDING CLASSIFICATION,44621,0,0
196877,UGIFT-196905,0.83/1.7,NOT CAPITALIZED,0,PENDING CLASSIFICATION,44621,0,0
196878,UGIFT-196906,0.83/1.7,NOT CAPITALIZED,0,PENDING CLASSIFICATION,44621,0,0
196879,UGIFT-196907,0.83/1.7,NOT CAPITALIZED,0,PENDING CLASSIFICATION,44621,0,0
196880,UGIFT-196908,0.83/1.7,NOT CAPITALIZED,0,PENDING CLASSIFICATION,44621,0,0
196881,UGIFT-196909,0.83/1.7,NOT CAPITALIZED,0,PENDING CLASSIFICATION,44621,0,0
196882,UGIFT-196910,0.83/1.7,NOT CAPITALIZED,0,PENDING CLASSIFICATION,44621,0,0
196883,UGIFT-196911,0.83/1.7,NOT CAPITALIZED,0,PENDING CLASSIFICATION,44621,0,0
196884,UGIFT-196912,0.83/1.7,NOT CAPITALIZED,0,PENDING CLASSIFICATION,44621,0,0
196885,UGIFT-196913,0.83/1.7,NOT CAPITALIZED,0,PENDING CLASSIFICATION,44621,0,0
196886,UGIFT-196914,0.83/1.7,NOT CAPITALIZED,0,PENDING CLASSIFICATION,44621,0,0
196887,UGIFT-196915,0.83/1.7,NOT CAPITALIZED,0,PENDING CLASSIFICATION,44621,0,0
196888,UGIFT-196916,0.83/1.7,NOT CAPITALIZED,0,PENDING CLASSIFICATION,44621,0,0
196889,UGIFT-196917,0.83/1.7,NOT CAPITALIZED,0,PENDING CLASSIFICATION,44621,0,0
196890,UGIFT-196918,0.83/1.7,NOT CAPITALIZED,0,PENDING CLASSIFICATION,44621,0,0
196891,UGIFT-196919,0.83/1.7,NOT CAPITALIZED,0,PENDING CLASSIFICATION,44621,0,0
196892,UGIFT-196920,0.83/1.7,NOT CAPITALIZED,0,PENDING CLASSIFICATION,44621,0,0
196893,UGIFT-196921,0.83/1.7,NOT CAPITALIZED,0,PENDING CLASSIFICATION,44621,0,0
196894,UGIFT-196922,0.83/1.7,NOT CAPITALIZED,0,PENDING CLASSIFICATION,44621,0,0
196895,UGIFT-196923,0.83/1.7,NOT CAPITALIZED,0,PENDING CLASSIFICATION,44621,0,0
196896,UGIFT-196924,0.83/1.7,NOT CAPITALIZED,0,PENDING CLASSIFICATION,44621,0,0
196897,UGIFT-196925,0.83/1.7,NOT CAPITALIZED,0,PENDING CLASSIFICATION,44621,0,0
196898,UGIFT-196926,0.83/1.7,NOT CAPITALIZED,0,PENDING CLASSIFICATION,44621,0,0
196899,UGIFT-196927,0.83/1.7,NOT CAPITALIZED,0,PENDING CLASSIFICATION,44621,0,0
196900,UGIFT-196928,0.83/1.7,NOT CAPITALIZED,0,PENDING CLASSIFICATION,44621,0,0
196901,UGIFT-196929,0.83/1.7,NOT CAPITALIZED,0,PENDING CLASSIFICATION,44621,0,0
196902,UGIFT-196930,0.83/1.7,NOT CAPITALIZED,0,PENDING CLASSIFICATION,44621,0,0
196903,UGIFT-196931,0.83/1.7,NOT CAPITALIZED,0,PENDING CLASSIFICATION,44621,0,0
196904,UGIFT-196932,0.83/1.7,NOT CAPITALIZED,0,PENDING CLASSIFICATION,44621,0,0
196905,UGIFT-196933,0.83/1.7,NOT CAPITALIZED,0,PENDING CLASSIFICATION,44621,0,0
196906,UGIFT-196934,0.83/1.7,NOT CAPITALIZED,0,PENDING CLASSIFICATION,44621,0,0
196907,UGIFT-196935,0.83/1.7,NOT CAPITALIZED,0,PENDING CLASSIFICATION,44621,0,0
196908,UGIFT-196936,0.83/1.7,NOT CAPITALIZED,0,PENDING CLASSIFICATION,44621,0,0
196909,UGIFT-196937,0.83/1.7,NOT CAPITALIZED,0,PENDING CLASSIFICATION,44621,0,0
196910,UGIFT-196938,0.83/1.7,NOT CAPITALIZED,0,PENDING CLASSIFICATION,44621,0,0
196911,UGIFT-196939,0.83/1.7,NOT CAPITALIZED,0,PENDING CLASSIFICATION,44621,0,0
196912,UGIFT-196940,0.83/1.7,NOT CAPITALIZED,0,PENDING CLASSIFICATION,44621,0,0
196913,UGIFT-196941,0.83/1.7,NOT CAPITALIZED,0,PENDING CLASSIFICATION,44621,0,0
196914,UGIFT-196942,0.83/1.7,NOT CAPITALIZED,0,PENDING CLASSIFICATION,44621,0,0
196915,UGIFT-196943,0.8/1.8,NOT CAPITALIZED,0,PENDING CLASSIFICATION,44621,0,0
196916,UGIFT-196944,0.8/1.8,NOT CAPITALIZED,0,PENDING CLASSIFICATION,44621,0,0
196917,UGIFT-196945,0.8/1.8,NOT CAPITALIZED,0,PENDING CLASSIFICATION,44621,0,0
196918,UGIFT-196946,0.8/1.8,NOT CAPITALIZED,0,PENDING CLASSIFICATION,44621,0,0
196919,UGIFT-196947,0.8/1.8,NOT CAPITALIZED,0,PENDING CLASSIFICATION,44621,0,0
196920,UGIFT-196948,0.8/1.8,NOT CAPITALIZED,0,PENDING CLASSIFICATION,44621,0,0
196921,UGIFT-196949,0.8/1.8,NOT CAPITALIZED,0,PENDING CLASSIFICATION,44621,0,0
196922,UGIFT-196950,0.8/1.8,NOT CAPITALIZED,0,PENDING CLASSIFICATION,44621,0,0
196923,UGIFT-196951,0.8/1.8,NOT CAPITALIZED,0,PENDING CLASSIFICATION,44621,0,0
196924,UGIFT-196952,0.8/1.8,NOT CAPITALIZED,0,PENDING CLASSIFICATION,44621,0,0
196925,UGIFT-196953,0.8/1.8,NOT CAPITALIZED,0,PENDING CLASSIFICATION,44621,0,0
196926,UGIFT-196954,0.8/1.8,NOT CAPITALIZED,0,PENDING CLASSIFICATION,44621,0,0
196927,UGIFT-196955,0.8/1.8,NOT CAPITALIZED,0,PENDING CLASSIFICATION,44621,0,0
196928,UGIFT-196956,0.8/1.8,NOT CAPITALIZED,0,PENDING CLASSIFICATION,44621,0,0
196929,UGIFT-196957,0.8/1.8,NOT CAPITALIZED,0,PENDING CLASSIFICATION,44621,0,0
196930,UGIFT-196958,0.8/1.8,NOT CAPITALIZED,0,PENDING CLASSIFICATION,44621,0,0
196931,UGIFT-196959,0.8/1.8,NOT CAPITALIZED,0,PENDING CLASSIFICATION,44621,0,0
196932,UGIFT-196960,0.8/1.8,NOT CAPITALIZED,0,PENDING CLASSIFICATION,44621,0,0
196933,UGIFT-196961,0.8/1.8,NOT CAPITALIZED,0,PENDING CLASSIFICATION,44621,0,0
196934,UGIFT-196962,0.8/1.8,NOT CAPITALIZED,0,PENDING CLASSIFICATION,44621,0,0
196935,UGIFT-196963,0.8/1.8,NOT CAPITALIZED,0,PENDING CLASSIFICATION,44621,0,0
196936,UGIFT-196964,0.8/1.8,NOT CAPITALIZED,0,PENDING CLASSIFICATION,44621,0,0
196937,UGIFT-196965,0.8/1.8,NOT CAPITALIZED,0,PENDING CLASSIFICATION,44621,0,0
196938,UGIFT-196966,0.8/1.8,NOT CAPITALIZED,0,PENDING CLASSIFICATION,44621,0,0
196939,UGIFT-196967,0.8/1.8,NOT CAPITALIZED,0,PENDING CLASSIFICATION,44621,0,0
196940,UGIFT-196968,0.8/1.8,NOT CAPITALIZED,0,PENDING CLASSIFICATION,44621,0,0
196941,UGIFT-196969,0.8/1.8,NOT CAPITALIZED,0,PENDING CLASSIFICATION,44621,0,0
196942,UGIFT-196970,0.8/1.8,NOT CAPITALIZED,0,PENDING CLASSIFICATION,44621,0,0
196943,UGIFT-196971,0.8/1.8,NOT CAPITALIZED,0,PENDING CLASSIFICATION,44621,0,0
196944,UGIFT-196972,0.8/1.8,NOT CAPITALIZED,0,PENDING CLASSIFICATION,44621,0,0
196945,UGIFT-196973,0.8/1.8,NOT CAPITALIZED,0,PENDING CLASSIFICATION,44621,0,0
196946,UGIFT-196974,0.8/1.8,NOT CAPITALIZED,0,PENDING CLASSIFICATION,44621,0,0
196947,UGIFT-196975,0.8/1.8,NOT CAPITALIZED,0,PENDING CLASSIFICATION,44621,0,0
196948,UGIFT-196976,0.8/1.8,NOT CAPITALIZED,0,PENDING CLASSIFICATION,44621,0,0
196949,UGIFT-196977,0.8/1.8,NOT CAPITALIZED,0,PENDING CLASSIFICATION,44621,0,0
196950,UGIFT-196978,0.8/1.8,NOT CAPITALIZED,0,PENDING CLASSIFICATION,44621,0,0
196951,UGIFT-196979,0.8/1.8,NOT CAPITALIZED,0,PENDING CLASSIFICATION,44621,0,0
196952,UGIFT-196980,0.8/1.8,NOT CAPITALIZED,0,PENDING CLASSIFICATION,44621,0,0
196953,UGIFT-196981,0.8/1.8,NOT CAPITALIZED,0,PENDING CLASSIFICATION,44621,0,0
196954,UGIFT-196982,0.8/1.8,NOT CAPITALIZED,0,PENDING CLASSIFICATION,44621,0,0
196955,UGIFT-196983,0.8/1.8,NOT CAPITALIZED,0,PENDING CLASSIFICATION,44621,0,0
196956,UGIFT-196984,0.8/1.8,NOT CAPITALIZED,0,PENDING CLASSIFICATION,44621,0,0
196957,UGIFT-196985,0.8/1.8,NOT CAPITALIZED,0,PENDING CLASSIFICATION,44621,0,0
196958,UGIFT-196986,0.8/1.8,NOT CAPITALIZED,0,PENDING CLASSIFICATION,44621,0,0
196959,UGIFT-196987,0.8/1.8,NOT CAPITALIZED,0,PENDING CLASSIFICATION,44621,0,0
196960,UGIFT-196988,0.8/1.8,NOT CAPITALIZED,0,PENDING CLASSIFICATION,44621,0,0
196961,UGIFT-196989,0.8/1.8,NOT CAPITALIZED,0,PENDING CLASSIFICATION,44621,0,0
196962,UGIFT-196990,0.8/1.8,NOT CAPITALIZED,0,PENDING CLASSIFICATION,44621,0,0
196963,UGIFT-196991,0.8/1.8,NOT CAPITALIZED,0,PENDING CLASSIFICATION,44621,0,0
196964,UGIFT-196992,0.7/1.45,NOT CAPITALIZED,0,PENDING CLASSIFICATION,44621,0,0
196965,UGIFT-196993,0.7/1.45,NOT CAPITALIZED,0,PENDING CLASSIFICATION,44621,0,0
196966,UGIFT-196994,0.7/1.45,NOT CAPITALIZED,0,PENDING CLASSIFICATION,44621,0,0
196967,UGIFT-196995,0.7/1.45,NOT CAPITALIZED,0,PENDING CLASSIFICATION,44621,0,0
196968,UGIFT-196996,0.7/1.45,NOT CAPITALIZED,0,PENDING CLASSIFICATION,44621,0,0
196969,UGIFT-196997,0.7/1.45,NOT CAPITALIZED,0,PENDING CLASSIFICATION,44621,0,0
197097,UGIFT-197125,Video Recorder,PENDING VALUATION,Pending valuation,PENDING CLASSIFICATION,44621,Pending calculation,Pending calculation
197121,UGIFT-197149,ICT - Libray,PENDING VALUATION,Pending valuation,PENDING CLASSIFICATION,44621,Pending calculation,Pending calculation
197124,UGIFT-197152,External Works,CAPITALIZED,43420000,PENDING CLASSIFICATION,44621,39801667.0,2171000.0
197511,UGIFT-197539,Delivery Bed,PENDING VERIFICATION,5500000,MACHINERY AND EQUIPMENT,45701,Pending verification,Pending verification
197512,UGIFT-197540,Delivery Bed,PENDING VERIFICATION,5500000,MACHINERY AND EQUIPMENT,45701,Pending verification,Pending verification
198075,25,Monitors,PENDING VERIFICATION,8000000,MACHINERY AND EQUIPMENT,45231,Pending verification,Pending verification
198076,25,Monitors,PENDING VERIFICATION,8000000,MACHINERY AND EQUIPMENT,45231,Pending verification,Pending verification
198087,,Video recorder,PENDING VALUATION,Pending valuation,PENDING CLASSIFICATION,45689,Pending calculation,Pending calculation
198325,UGIFT-198353,AC Unit,CAPITALIZED,4012000,PENDING CLASSIFICATION,45784,1136733.0,200600.0
198761,UGIFT-198789,Sunction machine,PENDING VALUATION,Pending valuation,MACHINERY AND EQUIPMENT,45717,Pending calculation,Pending calculation
198882,UGIFT-198910,Waste pit,PENDING VALUATION,Pending valuation,PENDING CLASSIFICATION,45717,Pending calculation,Pending calculation
198902,UGIFT-198930,Human torso anatomical model,PENDING VALUATION,Pending valuation,PENDING CLASSIFICATION,45717,Pending calculation,Pending calculation
198920,UGIFT-198948,Electrical distribution board,PENDING VALUATION,Pending valuation,PENDING CLASSIFICATION,45717,Pending calculation,Pending calculation
199463,UGIFT-199491,Chemicals,PENDING VALUATION,Pending valuation,PENDING CLASSIFICATION,44621,Pending calculation,Pending calculation
199466,UGIFT-199494,Electricity meter,PENDING VALUATION,Pending valuation,PENDING CLASSIFICATION,45717,Pending calculation,Pending calculation
199470,UGIFT-199498,Science laboratory,CAPITALIZED,61692855,PENDING CLASSIFICATION,46054,8225714.0,3084643.0
199471,UGIFT-199499,Science laboratory,CAPITALIZED,61692855,PENDING CLASSIFICATION,46054,8225714.0,3084643.0
199473,UGIFT-199501,ICT Laboratory,CAPITALIZED,377421055,PENDING CLASSIFICATION,45809,100645615.0,18871053.0
199608,UGIFT-199636,30 gauge,PENDING VALUATION,Pending valuation,PENDING CLASSIFICATION,45717,Pending calculation,Pending calculation
199609,UGIFT-199637,30 gauge,PENDING VALUATION,Pending valuation,PENDING CLASSIFICATION,45717,Pending calculation,Pending calculation
199610,UGIFT-199638,26 gauge,PENDING VALUATION,Pending valuation,PENDING CLASSIFICATION,45717,Pending calculation,Pending calculation
199925,UGIFT-199953,Skeleton model,PENDING VALUATION,Pending valuation,PENDING CLASSIFICATION,45717,Pending calculation,Pending calculation
200078,UGIFT-200106,Glamps,PENDING VALUATION,Pending valuation,PENDING CLASSIFICATION,45717,Pending calculation,Pending calculation
200079,UGIFT-200107,Glamps,PENDING VALUATION,Pending valuation,PENDING CLASSIFICATION,45717,Pending calculation,Pending calculation
200080,UGIFT-200108,Glamps,PENDING VALUATION,Pending valuation,PENDING CLASSIFICATION,45717,Pending calculation,Pending calculation
200081,UGIFT-200109,Glamps,PENDING VALUATION,Pending valuation,PENDING CLASSIFICATION,45717,Pending calculation,Pending calculation
200082,UGIFT-200110,Glamps,PENDING VALUATION,Pending valuation,PENDING CLASSIFICATION,45717,Pending calculation,Pending calculation
200118,UGIFT-200146,Charts,PENDING VALUATION,Pending valuation,PENDING CLASSIFICATION,45717,Pending calculation,Pending calculation
200119,UGIFT-200147,Charts,PENDING VALUATION,Pending valuation,PENDING CLASSIFICATION,45717,Pending calculation,Pending calculation
200120,UGIFT-200148,Charts,PENDING VALUATION,Pending valuation,PENDING CLASSIFICATION,45717,Pending calculation,Pending calculation
200121,UGIFT-200149,Charts,PENDING VALUATION,Pending valuation,PENDING CLASSIFICATION,45717,Pending calculation,Pending calculation
200122,UGIFT-200150,Charts,PENDING VALUATION,Pending valuation,PENDING CLASSIFICATION,45717,Pending calculation,Pending calculation
200134,UGIFT-200162,Extension,PENDING VALUATION,Pending valuation,PENDING CLASSIFICATION,44621,Pending calculation,Pending calculation
200141,UGIFT-200169,Canister,PENDING VALUATION,Pending valuation,PENDING CLASSIFICATION,45717,Pending calculation,Pending calculation
200142,UGIFT-200170,Canister,PENDING VALUATION,Pending valuation,PENDING CLASSIFICATION,45717,Pending calculation,Pending calculation
200143,UGIFT-200171,Canister,PENDING VALUATION,Pending valuation,PENDING CLASSIFICATION,45717,Pending calculation,Pending calculation
200144,UGIFT-200172,Canister,PENDING VALUATION,Pending valuation,PENDING CLASSIFICATION,45717,Pending calculation,Pending calculation
200145,UGIFT-200173,Canister,PENDING VALUATION,Pending valuation,PENDING CLASSIFICATION,45717,Pending calculation,Pending calculation
200146,UGIFT-200174,Canister,PENDING VALUATION,Pending valuation,PENDING CLASSIFICATION,45717,Pending calculation,Pending calculation
200147,UGIFT-200175,Canister,PENDING VALUATION,Pending valuation,PENDING CLASSIFICATION,45717,Pending calculation,Pending calculation
200148,UGIFT-200176,Canister,PENDING VALUATION,Pending valuation,PENDING CLASSIFICATION,45717,Pending calculation,Pending calculation
200149,UGIFT-200177,Canister,PENDING VALUATION,Pending valuation,PENDING CLASSIFICATION,45717,Pending calculation,Pending calculation
200150,UGIFT-200178,Canister,PENDING VALUATION,Pending valuation,PENDING CLASSIFICATION,45717,Pending calculation,Pending calculation
200161,UGIFT-200189,Universal indicator charts,PENDING VALUATION,Pending valuation,PENDING CLASSIFICATION,45717,Pending calculation,Pending calculation
200162,UGIFT-200190,Universal indicator charts,PENDING VALUATION,Pending valuation,PENDING CLASSIFICATION,45717,Pending calculation,Pending calculation
200163,UGIFT-200191,Universal indicator charts,PENDING VALUATION,Pending valuation,PENDING CLASSIFICATION,45717,Pending calculation,Pending calculation
200164,UGIFT-200192,Universal indicator charts,PENDING VALUATION,Pending valuation,PENDING CLASSIFICATION,45717,Pending calculation,Pending calculation
200165,UGIFT-200193,Universal indicator charts,PENDING VALUATION,Pending valuation,PENDING CLASSIFICATION,45717,Pending calculation,Pending calculation
200166,UGIFT-200194,Universal indicator charts,PENDING VALUATION,Pending valuation,PENDING CLASSIFICATION,45717,Pending calculation,Pending calculation
200167,UGIFT-200195,Universal indicator charts,PENDING VALUATION,Pending valuation,PENDING CLASSIFICATION,45717,Pending calculation,Pending calculation
200168,UGIFT-200196,Universal indicator charts,PENDING VALUATION,Pending valuation,PENDING CLASSIFICATION,45717,Pending calculation,Pending calculation
200169,UGIFT-200197,Universal indicator charts,PENDING VALUATION,Pending valuation,PENDING CLASSIFICATION,45717,Pending calculation,Pending calculation
200170,UGIFT-200198,Universal indicator charts,PENDING VALUATION,Pending valuation,PENDING CLASSIFICATION,45717,Pending calculation,Pending calculation
200171,UGIFT-200199,Universal indicator charts,PENDING VALUATION,Pending valuation,PENDING CLASSIFICATION,45717,Pending calculation,Pending calculation
200172,UGIFT-200200,Universal indicator charts,PENDING VALUATION,Pending valuation,PENDING CLASSIFICATION,45717,Pending calculation,Pending calculation
200173,UGIFT-200201,Universal indicator charts,PENDING VALUATION,Pending valuation,PENDING CLASSIFICATION,45717,Pending calculation,Pending calculation
200286,UGIFT-200314,Power search protectors,PENDING VALUATION,Pending valuation,PENDING CLASSIFICATION,45717,Pending calculation,Pending calculation
200289,UGIFT-200317,Office package,PENDING VALUATION,Pending valuation,PENDING CLASSIFICATION,45729,Pending calculation,Pending calculation
200293,UGIFT-200321,Dvr,PENDING VALUATION,Pending valuation,PENDING CLASSIFICATION,45729,Pending calculation,Pending calculation
200294,UGIFT-200322,Hard drive 2TB,PENDING VALUATION,Pending valuation,PENDING CLASSIFICATION,45729,Pending calculation,Pending calculation
200304,UGIFT-200332,Zinc carbonate,PENDING VALUATION,Pending valuation,PENDING CLASSIFICATION,45717,Pending calculation,Pending calculation
200305,UGIFT-200333,Magnesium nitrate,PENDING VALUATION,Pending valuation,PENDING CLASSIFICATION,45717,Pending calculation,Pending calculation
200306,UGIFT-200334,Sucrose,PENDING VALUATION,Pending valuation,PENDING CLASSIFICATION,45717,Pending calculation,Pending calculation
200307,UGIFT-200335,Sucrose,PENDING VALUATION,Pending valuation,PENDING CLASSIFICATION,45717,Pending calculation,Pending calculation
200308,UGIFT-200336,Sodium sulphate,PENDING VALUATION,Pending valuation,PENDING CLASSIFICATION,45717,Pending calculation,Pending calculation
200309,UGIFT-200337,Sodium acetate,PENDING VALUATION,Pending valuation,PENDING CLASSIFICATION,45717,Pending calculation,Pending calculation
200314,UGIFT-200342,Starch,PENDING VALUATION,Pending valuation,PENDING CLASSIFICATION,45717,Pending calculation,Pending calculation
200315,UGIFT-200343,Starch,PENDING VALUATION,Pending valuation,PENDING CLASSIFICATION,45717,Pending calculation,Pending calculation
200316,UGIFT-200344,Zinc dust,PENDING VALUATION,Pending valuation,PENDING CLASSIFICATION,45717,Pending calculation,Pending calculation
200317,UGIFT-200345,Sodium thiosulphate,PENDING VALUATION,Pending valuation,PENDING CLASSIFICATION,45717,Pending calculation,Pending calculation
200318,UGIFT-200346,Aluminum oxide,PENDING VALUATION,Pending valuation,PENDING CLASSIFICATION,45717,Pending calculation,Pending calculation
200319,UGIFT-200347,Aluminum sulphate,PENDING VALUATION,Pending valuation,PENDING CLASSIFICATION,45717,Pending calculation,Pending calculation
200320,UGIFT-200348,Potassium iodate,PENDING VALUATION,Pending valuation,PENDING CLASSIFICATION,45717,Pending calculation,Pending calculation
200321,UGIFT-200349,Potassium iodate,PENDING VALUATION,Pending valuation,PENDING CLASSIFICATION,45717,Pending calculation,Pending calculation
200322,UGIFT-200350,Phenolalein indicator,PENDING VALUATION,Pending valuation,PENDING CLASSIFICATION,45717,Pending calculation,Pending calculation
200323,UGIFT-200351,Phenolalein indicator,PENDING VALUATION,Pending valuation,PENDING CLASSIFICATION,45717,Pending calculation,Pending calculation
200324,UGIFT-200352,Methanol,PENDING VALUATION,Pending valuation,PENDING CLASSIFICATION,45717,Pending calculation,Pending calculation
200325,UGIFT-200353,Methanol,PENDING VALUATION,Pending valuation,PENDING CLASSIFICATION,45717,Pending calculation,Pending calculation
200326,UGIFT-200354,Methanol,PENDING VALUATION,Pending valuation,PENDING CLASSIFICATION,45717,Pending calculation,Pending calculation
200327,UGIFT-200355,Methanol,PENDING VALUATION,Pending valuation,PENDING CLASSIFICATION,45717,Pending calculation,Pending calculation
200328,UGIFT-200356,Sulphuric acid,PENDING VALUATION,Pending valuation,PENDING CLASSIFICATION,45717,Pending calculation,Pending calculation
200329,UGIFT-200357,Hydrochloric acid,PENDING VALUATION,Pending valuation,PENDING CLASSIFICATION,45717,Pending calculation,Pending calculation
200330,UGIFT-200358,Hydrochloric acid,PENDING VALUATION,Pending valuation,PENDING CLASSIFICATION,45717,Pending calculation,Pending calculation
200331,UGIFT-200359,Bromine water,PENDING VALUATION,Pending valuation,PENDING CLASSIFICATION,45717,Pending calculation,Pending calculation
200332,UGIFT-200360,Chrolophom,PENDING VALUATION,Pending valuation,PENDING CLASSIFICATION,45717,Pending calculation,Pending calculation
200333,UGIFT-200361,Chrolophom,PENDING VALUATION,Pending valuation,PENDING CLASSIFICATION,45717,Pending calculation,Pending calculation
200334,UGIFT-200362,Sodium hydrogen carbonate,PENDING VALUATION,Pending valuation,PENDING CLASSIFICATION,45717,Pending calculation,Pending calculation
200335,UGIFT-200363,Sodium hydrogen carbonate,PENDING VALUATION,Pending valuation,PENDING CLASSIFICATION,45717,Pending calculation,Pending calculation
200336,UGIFT-200364,Potassium chlorate,PENDING VALUATION,Pending valuation,PENDING CLASSIFICATION,45717,Pending calculation,Pending calculation
200337,UGIFT-200365,Cobalt (II) carbonate,PENDING VALUATION,Pending valuation,PENDING CLASSIFICATION,45717,Pending calculation,Pending calculation
200338,UGIFT-200366,Pepsin 25gm,PENDING VALUATION,Pending valuation,PENDING CLASSIFICATION,44927,Pending calculation,Pending calculation
200339,UGIFT-200367,Pepsin 25gm,PENDING VALUATION,Pending valuation,PENDING CLASSIFICATION,44927,Pending calculation,Pending calculation
200340,UGIFT-200368,Pepsin 25gm,PENDING VALUATION,Pending valuation,PENDING CLASSIFICATION,44927,Pending calculation,Pending calculation
200341,UGIFT-200369,Trypsin,PENDING VALUATION,Pending valuation,PENDING CLASSIFICATION,45717,Pending calculation,Pending calculation
200342,UGIFT-200370,Trypsin,PENDING VALUATION,Pending valuation,PENDING CLASSIFICATION,45717,Pending calculation,Pending calculation
200343,UGIFT-200371,Fructose,PENDING VALUATION,Pending valuation,PENDING CLASSIFICATION,45717,Pending calculation,Pending calculation
200344,UGIFT-200372,Fructose,PENDING VALUATION,Pending valuation,PENDING CLASSIFICATION,45717,Pending calculation,Pending calculation
200345,UGIFT-200373,Eosin yellow,PENDING VALUATION,Pending valuation,PENDING CLASSIFICATION,45717,Pending calculation,Pending calculation
200347,UGIFT-200375,Potassium cyanide,PENDING VALUATION,Pending valuation,PENDING CLASSIFICATION,45717,Pending calculation,Pending calculation
200348,UGIFT-200376,Leishman’s stain,PENDING VALUATION,Pending valuation,PENDING CLASSIFICATION,45717,Pending calculation,Pending calculation
200349,UGIFT-200377,Sliver nitrate,PENDING VALUATION,Pending valuation,PENDING CLASSIFICATION,45717,Pending calculation,Pending calculation
200350,UGIFT-200378,Sliver nitrate,PENDING VALUATION,Pending valuation,PENDING CLASSIFICATION,45717,Pending calculation,Pending calculation
200351,UGIFT-200379,Methyl orange,PENDING VALUATION,Pending valuation,PENDING CLASSIFICATION,45717,Pending calculation,Pending calculation
200352,UGIFT-200380,Lead monoxide,PENDING VALUATION,Pending valuation,PENDING CLASSIFICATION,45717,Pending calculation,Pending calculation
200353,UGIFT-200381,Lead oxide,PENDING VALUATION,Pending valuation,PENDING CLASSIFICATION,45717,Pending calculation,Pending calculation
200354,UGIFT-200382,Sodium bismathioxide,PENDING VALUATION,Pending valuation,PENDING CLASSIFICATION,45717,Pending calculation,Pending calculation
200355,UGIFT-200383,Formaldehyde 37%,PENDING VALUATION,Pending valuation,PENDING CLASSIFICATION,45717,Pending calculation,Pending calculation
200356,UGIFT-200384,Formaldehyde 37%,PENDING VALUATION,Pending valuation,PENDING CLASSIFICATION,45717,Pending calculation,Pending calculation
200357,UGIFT-200385,Bi-carbonate indicator,PENDING VALUATION,Pending valuation,PENDING CLASSIFICATION,45717,Pending calculation,Pending calculation
200358,UGIFT-200386,Potassium cremate,PENDING VALUATION,Pending valuation,PENDING CLASSIFICATION,45717,Pending calculation,Pending calculation
200359,UGIFT-200387,Iodine solution,PENDING VALUATION,Pending valuation,PENDING CLASSIFICATION,45717,Pending calculation,Pending calculation
200360,UGIFT-200388,Benedict solution,PENDING VALUATION,Pending valuation,PENDING CLASSIFICATION,45717,Pending calculation,Pending calculation
200361,UGIFT-200389,Hydrogen peroxide,PENDING VALUATION,Pending valuation,PENDING CLASSIFICATION,45717,Pending calculation,Pending calculation
200362,UGIFT-200390,Ethanol,PENDING VALUATION,Pending valuation,PENDING CLASSIFICATION,45717,Pending calculation,Pending calculation
200363,UGIFT-200391,Brain model,PENDING VALUATION,Pending valuation,PENDING CLASSIFICATION,45717,Pending calculation,Pending calculation
200364,UGIFT-200392,Eye model,PENDING VALUATION,Pending valuation,PENDING CLASSIFICATION,45748,Pending calculation,Pending calculation
200430,UGIFT-200458,Pestles,PENDING VALUATION,Pending valuation,PENDING CLASSIFICATION,45717,Pending calculation,Pending calculation
200431,UGIFT-200459,Pestles,PENDING VALUATION,Pending valuation,PENDING CLASSIFICATION,45717,Pending calculation,Pending calculation
200432,UGIFT-200460,Pestles,PENDING VALUATION,Pending valuation,PENDING CLASSIFICATION,45717,Pending calculation,Pending calculation
200433,UGIFT-200461,Pestles,PENDING VALUATION,Pending valuation,PENDING CLASSIFICATION,45717,Pending calculation,Pending calculation
200434,UGIFT-200462,Pestles,PENDING VALUATION,Pending valuation,PENDING CLASSIFICATION,45717,Pending calculation,Pending calculation
200480,UGIFT-200508,Heart model,PENDING VALUATION,Pending valuation,PENDING CLASSIFICATION,45748,Pending calculation,Pending calculation
200481,UGIFT-200509,Digestive system model,PENDING VALUATION,Pending valuation,PENDING CLASSIFICATION,45717,Pending calculation,Pending calculation
200512,UGIFT-200540,Glass 100ml,PENDING VALUATION,Pending valuation,PENDING CLASSIFICATION,45717,Pending calculation,Pending calculation
200513,UGIFT-200541,Glass 100ml,PENDING VALUATION,Pending valuation,PENDING CLASSIFICATION,45717,Pending calculation,Pending calculation
200514,UGIFT-200542,Glass 100ml,PENDING VALUATION,Pending valuation,PENDING CLASSIFICATION,45717,Pending calculation,Pending calculation
200515,UGIFT-200543,Glass 100ml,PENDING VALUATION,Pending valuation,PENDING CLASSIFICATION,45717,Pending calculation,Pending calculation
200516,UGIFT-200544,Glass 100ml,PENDING VALUATION,Pending valuation,PENDING CLASSIFICATION,45717,Pending calculation,Pending calculation
200517,UGIFT-200545,Plastic 1000ml,PENDING VALUATION,Pending valuation,PENDING CLASSIFICATION,45717,Pending calculation,Pending calculation
200518,UGIFT-200546,Plastic 1000ml,PENDING VALUATION,Pending valuation,PENDING CLASSIFICATION,45717,Pending calculation,Pending calculation
200519,UGIFT-200547,Plastic 250ml,PENDING VALUATION,Pending valuation,PENDING CLASSIFICATION,44927,Pending calculation,Pending calculation
200520,UGIFT-200548,Plastic 250ml,PENDING VALUATION,Pending valuation,PENDING CLASSIFICATION,44927,Pending calculation,Pending calculation
200521,UGIFT-200549,Ear model,PENDING VALUATION,Pending valuation,PENDING CLASSIFICATION,45748,Pending calculation,Pending calculation
200522,UGIFT-200550,Respiratory system model,PENDING VALUATION,Pending valuation,PENDING CLASSIFICATION,45717,Pending calculation,Pending calculation
200523,UGIFT-200551,Neuron model,PENDING VALUATION,Pending valuation,PENDING CLASSIFICATION,45717,Pending calculation,Pending calculation
201028,UGIFT-201056,Absorbent gauze,PENDING VALUATION,Pending valuation,PENDING CLASSIFICATION,45717,Pending calculation,Pending calculation
201247,UGIFT-201275,Glass funnels,PENDING VALUATION,Pending valuation,PENDING CLASSIFICATION,45717,Pending calculation,Pending calculation
201248,UGIFT-201276,Glass funnels,PENDING VALUATION,Pending valuation,PENDING CLASSIFICATION,45717,Pending calculation,Pending calculation
201249,UGIFT-201277,Glass funnels,PENDING VALUATION,Pending valuation,PENDING CLASSIFICATION,45717,Pending calculation,Pending calculation
201250,UGIFT-201278,Glass funnels,PENDING VALUATION,Pending valuation,PENDING CLASSIFICATION,45717,Pending calculation,Pending calculation
201251,UGIFT-201279,Glass funnels,PENDING VALUATION,Pending valuation,PENDING CLASSIFICATION,45717,Pending calculation,Pending calculation
201299,UGIFT-201327,Zinc sulphate,PENDING VALUATION,Pending valuation,PENDING CLASSIFICATION,45717,Pending calculation,Pending calculation
201300,UGIFT-201328,Lime water,PENDING VALUATION,Pending valuation,PENDING CLASSIFICATION,45717,Pending calculation,Pending calculation
201301,UGIFT-201329,Lead nitrate,PENDING VALUATION,Pending valuation,PENDING CLASSIFICATION,45717,Pending calculation,Pending calculation
201302,UGIFT-201330,Sodium hydroxide,PENDING VALUATION,Pending valuation,PENDING CLASSIFICATION,45717,Pending calculation,Pending calculation
201303,UGIFT-201331,Sodium hydroxide,PENDING VALUATION,Pending valuation,PENDING CLASSIFICATION,45717,Pending calculation,Pending calculation
201304,UGIFT-201332,Sodium hydroxide,PENDING VALUATION,Pending valuation,PENDING CLASSIFICATION,45717,Pending calculation,Pending calculation
201305,UGIFT-201333,Sodium hydroxide,PENDING VALUATION,Pending valuation,PENDING CLASSIFICATION,45717,Pending calculation,Pending calculation
201306,UGIFT-201334,Copper (II) sulphate,PENDING VALUATION,Pending valuation,PENDING CLASSIFICATION,45717,Pending calculation,Pending calculation
201307,UGIFT-201335,Copper (II) sulphate,PENDING VALUATION,Pending valuation,PENDING CLASSIFICATION,45717,Pending calculation,Pending calculation
201308,UGIFT-201336,Copper (II) sulphate,PENDING VALUATION,Pending valuation,PENDING CLASSIFICATION,45717,Pending calculation,Pending calculation
201309,UGIFT-201337,Sodium carbonate,PENDING VALUATION,Pending valuation,PENDING CLASSIFICATION,45717,Pending calculation,Pending calculation
201310,UGIFT-201338,Sodium carbonate,PENDING VALUATION,Pending valuation,PENDING CLASSIFICATION,45717,Pending calculation,Pending calculation
201311,UGIFT-201339,Sodium carbonate,PENDING VALUATION,Pending valuation,PENDING CLASSIFICATION,45717,Pending calculation,Pending calculation
201312,UGIFT-201340,Universal indicator,PENDING VALUATION,Pending valuation,PENDING CLASSIFICATION,45717,Pending calculation,Pending calculation
201313,UGIFT-201341,Calcium carbonate,PENDING VALUATION,Pending valuation,PENDING CLASSIFICATION,45717,Pending calculation,Pending calculation
201314,UGIFT-201342,Lead (II) carbonate,PENDING VALUATION,Pending valuation,PENDING CLASSIFICATION,45717,Pending calculation,Pending calculation
201349,UGIFT-201377,Priniter,CAPITALIZED,2000000,PENDING CLASSIFICATION,44564,1900000.0,100000.0
201413,UGIFT-201441,Microscope Binocular,PENDING VERIFICATION,1616900,MACHINERY AND EQUIPMENT,45901,Pending verification,Pending verification
202107,UGIFT-202135,"Oxygen Therapy Apparatus, Mininum 45L cylinder",PENDING VERIFICATION,1400000,MACHINERY AND EQUIPMENT,45901,Pending verification,Pending verification
202189,UGIFT-202217,Otoscope,PENDING VERIFICATION,284480,MACHINERY AND EQUIPMENT,45901,Pending verification,Pending verification
202201,UGIFT-202229,Audio Visual Equipment,PENDING VERIFICATION,Pending valuation,MACHINERY AND EQUIPMENT,45962,Pending verification,Pending verification
202209,UGIFT-202237,"Instrument Set, Basic ENT",PENDING VERIFICATION,2016000,MACHINERY AND EQUIPMENT,45809,Pending verification,Pending verification
202214,UGIFT-202242,Bedside Locker,PENDING VERIFICATION,150000,MACHINERY AND EQUIPMENT,45078,Pending verification,Pending verification
202217,UGIFT-202245,"Oxygen Therapy Apparatus, Mininum 45L cylinder",PENDING VERIFICATION,1400000,MACHINERY AND EQUIPMENT,45901,Pending verification,Pending verification
202229,UGIFT-202257,"Instrument Set, Stitch Removing",PENDING VERIFICATION,448000,MACHINERY AND EQUIPMENT,45901,Pending verification,Pending verification
202233,UGIFT-202261,"Fetoscope, Doppler",PENDING VERIFICATION,50000,MACHINERY AND EQUIPMENT,45967,Pending verification,Pending verification
202234,UGIFT-202262,Bubble CPAP,PENDING VERIFICATION,5058800,MACHINERY AND EQUIPMENT,45967,Pending verification,Pending verification
202238,UGIFT-202266,"Hemoglobin Meter, Sahli",PENDING VERIFICATION,357903,MACHINERY AND EQUIPMENT,45962,Pending verification,Pending verification
202239,UGIFT-202267,Delivery Bed,PENDING VERIFICATION,3360000,MACHINERY AND EQUIPMENT,45901,Pending verification,Pending verification
202240,UGIFT-202268,Examination light,PENDING VERIFICATION,187784,MACHINERY AND EQUIPMENT,45901,Pending verification,Pending verification
202241,UGIFT-202269,"Instrument set, ENT Basic for HCIII",PENDING VERIFICATION,1681680,MACHINERY AND EQUIPMENT,45809,Pending verification,Pending verification
202242,UGIFT-202270,"Bag Valve mask (Ambu Bag), Neonatal",PENDING VERIFICATION,20000,MACHINERY AND EQUIPMENT,45323,Pending verification,Pending verification
202243,UGIFT-202271,Incubator,PENDING VERIFICATION,357903,MACHINERY AND EQUIPMENT,45323,Pending verification,Pending verification
203100,UGIFT-203128,Audio Visual Equipment,PENDING VERIFICATION,4446475,MACHINERY AND EQUIPMENT,46111,Pending verification,Pending verification
203454,UGIFT-203482,Audio Visual Equipment,PENDING VALUATION,Pending valuation,MACHINERY AND EQUIPMENT,46235,Pending calculation,Pending calculation
203760,UGIFT-203788,Audio Visual Equipment,PENDING VALUATION,Pending valuation,MACHINERY AND EQUIPMENT,45809,Pending calculation,Pending calculation
204617,UGIFT-204645,Weighing sacle Infant,PENDING VALUATION,Pending valuation,PENDING CLASSIFICATION,44228,Pending calculation,Pending calculation
204623,UGIFT-204651,Audio Visual Equipment,PENDING VALUATION,Pending valuation,MACHINERY AND EQUIPMENT,44228,Pending calculation,Pending calculation
205751,UGIFT-205779,Audio Visual Equipment,PENDING VALUATION,Pending valuation,MACHINERY AND EQUIPMENT,44621,Pending calculation,Pending calculation
206854,UGIFT-206882,Residential Buildings,PENDING VERIFICATION,20236057,BUILDINGS AND STRUCTURES,45813,Pending verification,Pending verification
208144,UGIFT-208172,"Instrument set, ENT Basic for HCIII",PENDING VERIFICATION,1681680,MACHINERY AND EQUIPMENT,45231,Pending verification,Pending verification
208168,UGIFT-208196,Lay ground,PENDING VALUATION,Pending valuation,PENDING CLASSIFICATION,45870,Pending calculation,Pending calculation
208268,UGIFT-208296,Boards,PENDING VALUATION,Pending valuation,PENDING CLASSIFICATION,44593,Pending calculation,Pending calculation
208290,001,Air,PENDING VALUATION,Pending valuation,PENDING CLASSIFICATION,44593,Pending calculation,Pending calculation
209303,UGIFT-209331,Double Cabin Pick-up,PENDING VERIFICATION,185567869,MACHINERY AND EQUIPMENT,45108,Pending verification,Pending verification
209327,UGIFT-209355,Vehicles,PENDING VALUATION,Pending valuation,PENDING CLASSIFICATION,44743,Pending calculation,Pending calculation
209328,UGIFT-209356,Vehicles,PENDING VALUATION,Pending valuation,PENDING CLASSIFICATION,44743,Pending calculation,Pending calculation
209394,UGIFT-209422,Accessories,PENDING VALUATION,Pending valuation,PENDING CLASSIFICATION,45776,Pending calculation,Pending calculation
209395,UGIFT-209423,Accessories,PENDING VALUATION,Pending valuation,PENDING CLASSIFICATION,45776,Pending calculation,Pending calculation
209396,UGIFT-209424,Accessories,PENDING VALUATION,Pending valuation,PENDING CLASSIFICATION,45776,Pending calculation,Pending calculation
209397,UGIFT-209425,Accessories,PENDING VALUATION,Pending valuation,PENDING CLASSIFICATION,45776,Pending calculation,Pending calculation
209398,UGIFT-209426,Accessories,PENDING VALUATION,Pending valuation,PENDING CLASSIFICATION,45776,Pending calculation,Pending calculation
209534,UGIFT-209562,Accessories,PENDING VALUATION,Pending valuation,PENDING CLASSIFICATION,45776,Pending calculation,Pending calculation
209535,UGIFT-209563,Accessories,PENDING VALUATION,Pending valuation,PENDING CLASSIFICATION,45776,Pending calculation,Pending calculation
209536,UGIFT-209564,Accessories,PENDING VALUATION,Pending valuation,PENDING CLASSIFICATION,45776,Pending calculation,Pending calculation
209537,UGIFT-209565,Accessories,PENDING VALUATION,Pending valuation,PENDING CLASSIFICATION,45776,Pending calculation,Pending calculation
209538,UGIFT-209566,Accessories,PENDING VALUATION,Pending valuation,PENDING CLASSIFICATION,45776,Pending calculation,Pending calculation
209570,UGIFT-209598,Dell Optiplex Desktop Computer,PENDING VERIFICATION,900000,MACHINERY AND EQUIPMENT,44727,Pending verification,Pending verification
209571,UGIFT-209599,Dell Optiplex Desktop Computer,PENDING VERIFICATION,900000,MACHINERY AND EQUIPMENT,44727,Pending verification,Pending verification
209572,UGIFT-209600,Dell Optiplex Desktop Computer,PENDING VERIFICATION,900000,MACHINERY AND EQUIPMENT,44727,Pending verification,Pending verification
209573,UGIFT-209601,Apc-ups 1000VA,PENDING VERIFICATION,384000,MACHINERY AND EQUIPMENT,44727,Pending verification,Pending verification
209574,UGIFT-209602,Dell Optiplex Desktop Computer,PENDING VERIFICATION,900000,MACHINERY AND EQUIPMENT,44727,Pending verification,Pending verification
209575,UGIFT-209603,Dell Optiplex Desktop Computer,PENDING VERIFICATION,900000,MACHINERY AND EQUIPMENT,44727,Pending verification,Pending verification
209576,UGIFT-209604,Dell Optiplex Desktop Computer,PENDING VERIFICATION,900000,MACHINERY AND EQUIPMENT,44727,Pending verification,Pending verification
209577,UGIFT-209605,Apc-ups 1000VA,PENDING VERIFICATION,384000,MACHINERY AND EQUIPMENT,44727,Pending verification,Pending verification
209578,UGIFT-209606,Dell Optiplex Desktop Computer,PENDING VERIFICATION,900000,MACHINERY AND EQUIPMENT,44727,Pending verification,Pending verification
209579,UGIFT-209607,Dell Optiplex Desktop Computer,PENDING VERIFICATION,900000,MACHINERY AND EQUIPMENT,44727,Pending verification,Pending verification
209580,UGIFT-209608,Dell Optiplex Desktop Computer,PENDING VERIFICATION,900000,MACHINERY AND EQUIPMENT,44727,Pending verification,Pending verification
209581,UGIFT-209609,Apc-ups 1000VA,PENDING VERIFICATION,384000,MACHINERY AND EQUIPMENT,44727,Pending verification,Pending verification
209582,UGIFT-209610,Dell Optiplex Desktop Computer,PENDING VERIFICATION,900000,MACHINERY AND EQUIPMENT,44727,Pending verification,Pending verification
209583,UGIFT-209611,Dell Optiplex Desktop Computer,PENDING VERIFICATION,900000,MACHINERY AND EQUIPMENT,44727,Pending verification,Pending verification
209584,UGIFT-209612,Dell Optiplex Desktop Computer,PENDING VERIFICATION,900000,MACHINERY AND EQUIPMENT,44727,Pending verification,Pending verification
209585,UGIFT-209613,Apc-ups 1000VA,PENDING VERIFICATION,384000,MACHINERY AND EQUIPMENT,44727,Pending verification,Pending verification
209649,UGIFT-209677,Laptop Mouse,PENDING REVIEW,60000,PENDING CLASSIFICATION,46162,Pending calculation,Pending calculation
209653,UGIFT-209681,Laptop Mouse,PENDING REVIEW,60000,PENDING CLASSIFICATION,46178,Pending calculation,Pending calculation
209754,UGIFT-209782,Laptop Mouse,PENDING REVIEW,60000,PENDING CLASSIFICATION,46162,Pending calculation,Pending calculation
209758,UGIFT-209786,Laptop Mouse,PENDING REVIEW,60000,PENDING CLASSIFICATION,46178,Pending calculation,Pending calculation
209883,UGIFT-209911,Kyocera Heavy Duty Copiers,PENDING VALUATION,Pending valuation,PENDING CLASSIFICATION,45250,Pending calculation,Pending calculation
210217,UGIFT-210245,UPSs,PENDING VALUATION,Pending valuation,PENDING CLASSIFICATION,45250,Pending calculation,Pending calculation
210375,UGIFT-210403,Airbone ground penetrating ladder (GPR),PENDING VALUATION,Pending valuation,PENDING CLASSIFICATION,46119,Pending calculation,Pending calculation
210376,UGIFT-210404,Airbone ground penetrating ladder (GPR),PENDING VALUATION,Pending valuation,PENDING CLASSIFICATION,46119,Pending calculation,Pending calculation
210377,UGIFT-210405,Airbone ground penetrating ladder (GPR),PENDING VALUATION,Pending valuation,PENDING CLASSIFICATION,46119,Pending calculation,Pending calculation
210378,UGIFT-210406,Airbone ground penetrating ladder (GPR),PENDING VALUATION,Pending valuation,PENDING CLASSIFICATION,46119,Pending calculation,Pending calculation
210379,UGIFT-210407,Airbone ground penetrating ladder (GPR),PENDING VALUATION,Pending valuation,PENDING CLASSIFICATION,46119,Pending calculation,Pending calculation
210380,UGIFT-210408,Airbone ground penetrating ladder (GPR),PENDING VALUATION,Pending valuation,PENDING CLASSIFICATION,46119,Pending calculation,Pending calculation
210381,UGIFT-210409,Airbone ground penetrating ladder (GPR),PENDING VALUATION,Pending valuation,PENDING CLASSIFICATION,46119,Pending calculation,Pending calculation
210484,UGIFT-210512,Laptop Mouse,NOT CAPITALIZED,0,PENDING CLASSIFICATION,46162,0,0
210487,UGIFT-210515,Laptop Mouse,NOT CAPITALIZED,0,PENDING CLASSIFICATION,46178,0,0
210514,UGIFT-210542,Oracle Internet Developer Suite,PENDING VALUATION,Pending valuation,PENDING CLASSIFICATION,44713,Pending calculation,Pending calculation
214567,UGIFT-214595,Vehicles Under Ugift Project,PENDING VALUATION,Pending valuation,PENDING CLASSIFICATION,44713,Pending calculation,Pending calculation
214792,UGIFT-214856,Dell OptiPlex-3080MT Core i54GB,CAPITALIZED,3481000,PENDING CLASSIFICATION,44588,3306950.0,174050.0
214796,UGIFT-214860,Dell OptiPlex-3080MT Core i5 4GB,CAPITALIZED,3481000,PENDING CLASSIFICATION,44588,3306950.0,174050.0
214845,UGIFT-214909,Notebook Metallic Security Cable Lock,PENDING REVIEW,120000,PENDING CLASSIFICATION,45056,Pending calculation,Pending calculation
214846,UGIFT-214910,Notebook Metallic Security Cable Lock,PENDING REVIEW,120000,PENDING CLASSIFICATION,45056,Pending calculation,Pending calculation
214847,UGIFT-214911,Notebook Metallic Security Cable Lock,PENDING REVIEW,120000,PENDING CLASSIFICATION,45056,Pending calculation,Pending calculation
214848,UGIFT-214912,Notebook Metallic Security Cable Lock,PENDING REVIEW,120000,PENDING CLASSIFICATION,45056,Pending calculation,Pending calculation
214849,UGIFT-214913,Notebook Metallic Security Cable Lock,PENDING REVIEW,120000,PENDING CLASSIFICATION,45056,Pending calculation,Pending calculation
214915,UGIFT-214979,Ministry Of Local Government,PENDING VALUATION,Pending valuation,PENDING CLASSIFICATION,45505,Pending calculation,Pending calculation
214924,UGIFT-214988,Ppda,PENDING VALUATION,Pending valuation,PENDING CLASSIFICATION,45505,Pending calculation,Pending calculation
214934,UGIFT-214998,"Drone-1 with Accessories, Aircraft",CAPITALIZED,199197216,PENDING CLASSIFICATION,45776,59759165.0,9959861.0
214935,UGIFT-214999,"Drone-2 with Accessories, Aircraft",PENDING VALUATION,Pending valuation,PENDING CLASSIFICATION,45776,Pending calculation,Pending calculation
214936,UGIFT-215000,Handheld GPS,PENDING VALUATION,Pending valuation,PENDING CLASSIFICATION,45776,Pending calculation,Pending calculation
215217,UGIFT-215281,Huawei IdeaShare Key,CAPITALIZED,492874,PENDING CLASSIFICATION,45776,147862.0,24643.0
215273,UGIFT-215337,Condition,PENDING VALUATION,Pending valuation,PENDING CLASSIFICATION,44621,Pending calculation,Pending calculation
215274,UGIFT-215338,A- Good in Use,PENDING VALUATION,Pending valuation,PENDING CLASSIFICATION,44621,Pending calculation,Pending calculation
215275,UGIFT-215339,B- Good Not in Use,PENDING VALUATION,Pending valuation,PENDING CLASSIFICATION,44621,Pending calculation,Pending calculation
215276,UGIFT-215340,C-In Use Needs Repair,PENDING VALUATION,Pending valuation,PENDING CLASSIFICATION,44621,Pending calculation,Pending calculation
215277,UGIFT-215341,D-In Use Needs Replacement,PENDING VALUATION,Pending valuation,PENDING CLASSIFICATION,44621,Pending calculation,Pending calculation
215278,UGIFT-215342,E-Out of order Repairable,PENDING VALUATION,Pending valuation,PENDING CLASSIFICATION,44621,Pending calculation,Pending calculation
215279,UGIFT-215343,F-Out of Order Needs Replacement,PENDING VALUATION,Pending valuation,PENDING CLASSIFICATION,44621,Pending calculation,Pending calculation
215280,UGIFT-215344,G-Disposed off,PENDING VALUATION,Pending valuation,PENDING CLASSIFICATION,44621,Pending calculation,Pending calculation
215345,UGIFT-215409,other items receceived,PENDING VALUATION,Pending valuation,PENDING CLASSIFICATION,44621,Pending calculation,Pending calculation
215346,UGIFT-215410,Item,PENDING VALUATION,Pending valuation,PENDING CLASSIFICATION,44621,Pending calculation,Pending calculation
215348,UGIFT-215412,Hand stripper,PENDING VALUATION,Pending valuation,PENDING CLASSIFICATION,44621,Pending calculation,Pending calculation
215356,UGIFT-215420,Capillary tubes,PENDING VALUATION,Pending valuation,PENDING CLASSIFICATION,44621,Pending calculation,Pending calculation
215357,UGIFT-215421,sterile gauze,PENDING VALUATION,Pending valuation,PENDING CLASSIFICATION,44621,Pending calculation,Pending calculation
215358,UGIFT-215422,vacutainers 6Ml,PENDING VALUATION,Pending valuation,PENDING CLASSIFICATION,44621,Pending calculation,Pending calculation
215359,UGIFT-215423,vacutainers 4Ml,PENDING VALUATION,Pending valuation,PENDING CLASSIFICATION,44621,Pending calculation,Pending calculation
215360,UGIFT-215424,blood lancets,PENDING VALUATION,Pending valuation,PENDING CLASSIFICATION,44621,Pending calculation,Pending calculation
215363,UGIFT-215427,Aprons,PENDING VALUATION,Pending valuation,PENDING CLASSIFICATION,44621,Pending calculation,Pending calculation
215365,UGIFT-215429,Automatic micropipettes,PENDING VALUATION,Pending valuation,PENDING CLASSIFICATION,44621,Pending calculation,Pending calculation
215373,UGIFT-215437,single blood bags,PENDING VALUATION,Pending valuation,PENDING CLASSIFICATION,44621,Pending calculation,Pending calculation
215374,UGIFT-215438,Quadrupple blood bags,PENDING VALUATION,Pending valuation,PENDING CLASSIFICATION,44621,Pending calculation,Pending calculation
216964,UGIFT-217150,Huawei IdeaShare Key,CAPITALIZED,492874,PENDING CLASSIFICATION,45776,147862.0,24643.0
220340,UGIFT-220527,other items receceived,PENDING VALUATION,Pending valuation,PENDING CLASSIFICATION,44621,Pending calculation,Pending calculation
222551,UGIFT-222753,Boosters (Nm3/hr),PENDING VALUATION,Pending valuation,PENDING CLASSIFICATION,44621,Pending calculation,Pending calculation
222552,UGIFT-222754,Chillers (Nm3/hr),PENDING VALUATION,Pending valuation,PENDING CLASSIFICATION,44621,Pending calculation,Pending calculation
222664,UGIFT-222866,Boosters (Nm3/hr),PENDING VALUATION,Pending valuation,PENDING CLASSIFICATION,44621,Pending calculation,Pending calculation
222665,UGIFT-222867,Chillers (Nm3/hr),PENDING VALUATION,Pending valuation,PENDING CLASSIFICATION,44621,Pending calculation,Pending calculation
222899,UGIFT-223101,Boosters (Nm3/hr),PENDING VALUATION,Pending valuation,PENDING CLASSIFICATION,44621,Pending calculation,Pending calculation
222900,UGIFT-223102,Chillers (Nm3/hr),PENDING VALUATION,Pending valuation,PENDING CLASSIFICATION,44621,Pending calculation,Pending calculation
223012,UGIFT-223214,Boosters (Nm3/hr),PENDING VALUATION,Pending valuation,PENDING CLASSIFICATION,44621,Pending calculation,Pending calculation
223013,UGIFT-223215,Chillers (Nm3/hr),PENDING VALUATION,Pending valuation,PENDING CLASSIFICATION,44621,Pending calculation,Pending calculation
224848,M1420174,Hospitals,CAPITALIZED,700000000,PENDING CLASSIFICATION,45474,31500000.0,3500000.0
224849,M1420182,Hospitals,CAPITALIZED,471000000,PENDING CLASSIFICATION,45474,21195000.0,2355000.0
224850,M1420238,Schools,CAPITALIZED,80000000,PENDING CLASSIFICATION,45474,3600000.0,400000.0
224851,M1420239,Schools,CAPITALIZED,80000000,PENDING CLASSIFICATION,45474,3600000.0,400000.0
224852,M1420419,Hospitals,CAPITALIZED,40000000,PENDING CLASSIFICATION,45474,1800000.0,200000.0
224853,M1420422,Libraries,CAPITALIZED,50000000,PENDING CLASSIFICATION,45474,2250000.0,250000.0
224854,M1420441,Hospitals,CAPITALIZED,300000000,PENDING CLASSIFICATION,45474,13500000.0,1500000.0
224855,M1420442,Hospitals,CAPITALIZED,300000000,PENDING CLASSIFICATION,45474,13500000.0,1500000.0
224856,M1420456,Hospitals,CAPITALIZED,50000000,PENDING CLASSIFICATION,45474,2250000.0,250000.0
224857,M1420459,Hospitals,CAPITALIZED,100000000,PENDING CLASSIFICATION,45474,4500000.0,500000.0
224858,M1420460,Hospitals,CAPITALIZED,5000000,PENDING CLASSIFICATION,45474,225000.0,25000.0
224859,M1420469,Hospitals,CAPITALIZED,57347188,PENDING CLASSIFICATION,45474,2580623.0,286735.0
224860,M1420470,Schools,CAPITALIZED,1445531546,PENDING CLASSIFICATION,45474,65048920.0,7227658.0
224861,M1420472,Hospitals,CAPITALIZED,107811447,PENDING CLASSIFICATION,45474,4851515.0,539057.0
224862,M1420482,Hospitals,CAPITALIZED,154213281,PENDING CLASSIFICATION,45474,6939598.0,771067.0
224863,M1420488,Schools,CAPITALIZED,503984434,PENDING CLASSIFICATION,45474,22679300.0,2519923.0
224864,M161609,Schools,CAPITALIZED,60000000,PENDING CLASSIFICATION,45108,3900000.0,300000.0
224865,M161673,Hospitals,CAPITALIZED,240000000,PENDING CLASSIFICATION,45108,15600000.0,1200000.0
224866,M197078,Schools,CAPITALIZED,80000000,PENDING CLASSIFICATION,45108,5200000.0,400000.0
224867,M198838,Hospitals,CAPITALIZED,180000000,PENDING CLASSIFICATION,45108,11700000.0,900000.0
224942,UGIFT-225205,MOTOR CYCLES-Honda,CAPITALIZED,19349999.899999999,MACHINERY AND EQUIPMENT,Service date unconfirmed,Pending calculation,Pending calculation
