Excel row,Asset number,Item,Class,Description,Reason
502,UGIFT-000502,Audio Visual Equipment,OTHER ICT EQUIPMENT,,No suitable comparable price
665,UGIFT-000665,Audio Visual Equipment,OTHER ICT EQUIPMENT,,No suitable comparable price
855,UGIFT-000855,Audio Visual Equipment,OTHER ICT EQUIPMENT,,No suitable comparable price
1013,UGIFT-001013,Audio Visual Equipment,OTHER ICT EQUIPMENT,,No suitable comparable price
1142,UGIFT-001142,Audio Visual Equipment,OTHER ICT EQUIPMENT,,No suitable comparable price
1233,UGIFT-001233,Audio Visual Equipment,OTHER ICT EQUIPMENT,,No suitable comparable price
1317,UGIFT-001317,Audio Visual Equipment,OTHER ICT EQUIPMENT,,No suitable comparable price
1428,UGIFT-001428,Audio Visual Equipment,OTHER ICT EQUIPMENT,,No suitable comparable price
1527,UGIFT-001527,Audio Visual Equipment,OTHER ICT EQUIPMENT,,No suitable comparable price
1637,UGIFT-001637,Audio Visual Equipment,OTHER ICT EQUIPMENT,,No suitable comparable price
2126,UGIFT-002126,Audio Visual Equipment,OTHER ICT EQUIPMENT,,No suitable comparable price
2255,UGIFT-002255,Audio Visual Equipment,OTHER ICT EQUIPMENT,,No suitable comparable price
2393,UGIFT-002393,Audio Visual Equipment,OTHER ICT EQUIPMENT,,No suitable comparable price
2721,UGIFT-002721,Audio Visual Equipment,OTHER ICT EQUIPMENT,1 audio visual tool that helps people learn by using both hearing and seeing at the same time,No suitable comparable price
2890,UGIFT-002890,Audio Visual Equipment,OTHER ICT EQUIPMENT,,No suitable comparable price
3231,UGIFT-003231,Audio Visual Equipment,OTHER ICT EQUIPMENT,,No suitable comparable price
3315,UGIFT-003315,Audio Visual Equipment,OTHER ICT EQUIPMENT,,No suitable comparable price
3413,UGIFT-003413,Audio Visual Equipment,OTHER ICT EQUIPMENT,,No suitable comparable price
3726,UGIFT-003726,Audio Visual Equipment,OTHER ICT EQUIPMENT,,No suitable comparable price
3908,UGIFT-003908,Audio Visual Equipment,OTHER ICT EQUIPMENT,,No suitable comparable price
4158,UGIFT-004158,Audio Visual Equipment,OTHER ICT EQUIPMENT,Not verrified,No suitable comparable price
4544,UGIFT-004544,Audio Visual Equipment,OTHER ICT EQUIPMENT,,No suitable comparable price
4773,UGIFT-004773,Movable lamp for emergency lighting,PENDING CLASSIFICATION,Inventory quantity: 1,No suitable comparable price
4777,UGIFT-004777,Screening careens,PENDING CLASSIFICATION,Inventory quantity: 4,No suitable comparable price
4778,UGIFT-004778,Screening careens,PENDING CLASSIFICATION,Inventory quantity: 4,No suitable comparable price
4779,UGIFT-004779,Screening careens,PENDING CLASSIFICATION,Inventory quantity: 4,No suitable comparable price
4780,UGIFT-004780,Screening careens,PENDING CLASSIFICATION,Inventory quantity: 4,No suitable comparable price
4809,UGIFT-004809,Buildings,NON RESIDENTIAL BUILDINGS,Inventory quantity: 5,No suitable comparable price
4810,UGIFT-004810,Buildings,NON RESIDENTIAL BUILDINGS,Inventory quantity: 5,No suitable comparable price
4811,UGIFT-004811,Buildings,NON RESIDENTIAL BUILDINGS,Inventory quantity: 5,No suitable comparable price
4812,UGIFT-004812,Buildings,NON RESIDENTIAL BUILDINGS,Inventory quantity: 5,No suitable comparable price
4813,UGIFT-004813,Buildings,NON RESIDENTIAL BUILDINGS,Inventory quantity: 5,No suitable comparable price
4899,UGIFT-004899,Audio Visual Equipment,OTHER ICT EQUIPMENT,,No suitable comparable price
5095,UGIFT-005095,Silver in color with 2 partitions,PENDING CLASSIFICATION,,No suitable comparable price
5096,UGIFT-005096,Silver in color with 2 partitions,PENDING CLASSIFICATION,,No suitable comparable price
5097,UGIFT-005097,Silver in color with 2 partitions,PENDING CLASSIFICATION,,No suitable comparable price
5098,UGIFT-005098,Silver in color with 2 partitions,PENDING CLASSIFICATION,,No suitable comparable price
5512,UGIFT-005512,Office,PENDING CLASSIFICATION,Brown,No suitable comparable price
5541,UGIFT-005541,Dnetwork,PENDING CLASSIFICATION,Grey,No suitable comparable price
5551,UGIFT-005551,Class,PENDING CLASSIFICATION,,No suitable comparable price
5552,UGIFT-005552,Rooms,PENDING CLASSIFICATION,,No suitable comparable price
5554,UGIFT-005554,Room,PENDING CLASSIFICATION,,No suitable comparable price
5556,UGIFT-005556,Science,PENDING CLASSIFICATION,,No suitable comparable price
5559,UGIFT-005559,ICT Lib,PENDING CLASSIFICATION,2 ROOMS,No suitable comparable price
5569,UGIFT-005569,Office,PENDING CLASSIFICATION,Brown,No suitable comparable price
5595,UGIFT-005595,Class,PENDING CLASSIFICATION,2ROOMS EACH,No suitable comparable price
5608,UGIFT-005608,Office,PENDING CLASSIFICATION,Light Brown,No suitable comparable price
5620,UGIFT-005620,Dnetwork,PENDING CLASSIFICATION,Grey,No suitable comparable price
5626,UGIFT-005626,Printe,PENDING CLASSIFICATION,STILL IN BOXES,No suitable comparable price
5629,UGIFT-005629,Class,PENDING CLASSIFICATION,2ROOMS EACH,No suitable comparable price
5881,UGIFT-005881,Office,PENDING CLASSIFICATION,Brown,No suitable comparable price
5894,UGIFT-005894,Dnetwork,PENDING CLASSIFICATION,Grey,No suitable comparable price
5903,UGIFT-005931,Class,PENDING CLASSIFICATION,2ROOMS EACH,No suitable comparable price
5905,UGIFT-005933,Science,PENDING CLASSIFICATION,,No suitable comparable price
6176,UGIFT-006204,Audio Visual Equipment,OTHER ICT EQUIPMENT,Flat screen,No suitable comparable price
6431,UGIFT-006459,Audio Visual Equipment,OTHER ICT EQUIPMENT,,No suitable comparable price
6607,UGIFT-006635,Audio Visual Equipment,OTHER ICT EQUIPMENT,,No suitable comparable price
6771,UGIFT-006799,Audio Visual Equipment,OTHER ICT EQUIPMENT,,No suitable comparable price
7797,UGIFT-007825,Audio Visual Equipment,OTHER ICT EQUIPMENT,,No suitable comparable price
9496,UGIFT-009524,Audio Visual Equipment,OTHER ICT EQUIPMENT,,No suitable comparable price
9689,UGIFT-009717,Audio Visual Equipment,OTHER ICT EQUIPMENT,,No suitable comparable price
9872,UGIFT-009900,Audio Visual Equipment,OTHER ICT EQUIPMENT,,No suitable comparable price
10161,UGIFT-010189,Audio Visual Equipment,OTHER ICT EQUIPMENT,Not verrified,No suitable comparable price
10379,UGIFT-010407,Audio Visual Equipment,OTHER ICT EQUIPMENT,,No suitable comparable price
10591,UGIFT-010619,Audio Visual Equipment,OTHER ICT EQUIPMENT,,No suitable comparable price
10791,UGIFT-010819,Audio Visual Equipment,OTHER ICT EQUIPMENT,,No suitable comparable price
10979,UGIFT-011007,Audio Visual Equipment,OTHER ICT EQUIPMENT,,No suitable comparable price
11157,UGIFT-011185,Audio Visual Equipment,OTHER ICT EQUIPMENT,,No suitable comparable price
11318,UGIFT-011346,Audio Visual Equipment,OTHER ICT EQUIPMENT,,No suitable comparable price
11513,UGIFT-011541,Audio Visual Equipment,OTHER ICT EQUIPMENT,,No suitable comparable price
12284,UGIFT-012312,Audio Visual Equipment,OTHER ICT EQUIPMENT,,No suitable comparable price
12685,UGIFT-012713,Audio Visual Equipment,OTHER ICT EQUIPMENT,Zero (0) Received,No suitable comparable price
12891,UGIFT-012919,Audio Visual Equipment,OTHER ICT EQUIPMENT,"Electronic, plastic, assorted components",No suitable comparable price
12892,UGIFT-012920,Audio Visual Equipment,OTHER ICT EQUIPMENT,"Electronic, plastic, assorted components",No suitable comparable price
13118,UGIFT-013146,Audio Visual Equipment,OTHER ICT EQUIPMENT,Zero (0) Received,No suitable comparable price
13301,UGIFT-013329,Audio Visual Equipment,OTHER ICT EQUIPMENT,,No suitable comparable price
13632,UGIFT-013660,Dvr Turbo Hd 7200,PENDING CLASSIFICATION,,No suitable comparable price
13633,UGIFT-013661,Hard Disc Drive,PENDING CLASSIFICATION,,No suitable comparable price
13636,UGIFT-013664,CD Rom,PENDING CLASSIFICATION,,No suitable comparable price
13639,UGIFT-013667,Acer,PENDING CLASSIFICATION,,No suitable comparable price
13640,UGIFT-013668,Acer,PENDING CLASSIFICATION,,No suitable comparable price
14823,UGIFT-014851,Network face plate points,PENDING CLASSIFICATION,Single port network points,No suitable comparable price
18777,UGIFT-018805,Demostration garden,PENDING CLASSIFICATION,Garden to demonstrate irrigation,No suitable comparable price
19996,UGIFT-020024,blocks,NON RESIDENTIAL BUILDINGS,Painted Brown and Yellow,No suitable comparable price
21195,UGIFT-021223,wireless routerLAN,PENDING CLASSIFICATION,2.4GHZ5.0GHZ,No suitable comparable price
23968,UGIFT-023996,staff,PENDING CLASSIFICATION,Coffee brown and yellow in color with a smoke outlet and 2 uits,No suitable comparable price
23969,UGIFT-023997,staff,PENDING CLASSIFICATION,Coffee brown and yellow in color with a smoke outlet and 2 uits,No suitable comparable price
23970,UGIFT-023998,staff,PENDING CLASSIFICATION,Coffee brown and yellow in color with a smoke outlet and 2 uits,No suitable comparable price
26228,UGIFT-026256,Pit Latrine school,NON RESIDENTIAL BUILDINGS,Boys & Girls Latrines,No suitable comparable price
27499,UGIFT-027527,Counter,PENDING CLASSIFICATION,Reception counter,No suitable comparable price
27635,UGIFT-027663,Science,PENDING CLASSIFICATION,Sci Lab,No suitable comparable price
27642,UGIFT-027670,Pitch,SPORTS EQUIPMENT,Football pitch,No suitable comparable price
27893,UGIFT-027921,Audio Visual Equipment,OTHER ICT EQUIPMENT,,No suitable comparable price
28020,UGIFT-028048,Audio Visual Equipment,OTHER ICT EQUIPMENT,,No suitable comparable price
28203,UGIFT-028231,Audio Visual Equipment,OTHER ICT EQUIPMENT,,No suitable comparable price
28358,UGIFT-028386,Audio Visual Equipment,OTHER ICT EQUIPMENT,,No suitable comparable price
28617,UGIFT-028645,Audio Visual Equipment,OTHER ICT EQUIPMENT,"01 Audio Visual Equipment Maracha District, Awiziru Sub-County, Curube Health Center III",No suitable comparable price
28946,UGIFT-028974,Audio Visual Equipment,OTHER ICT EQUIPMENT,"Audio visual -Maracha District, Kijomoro sub-county, Ekaligo HC III",No suitable comparable price
29187,UGIFT-029215,Audio Visual Equipment,OTHER ICT EQUIPMENT,"Audio Visual Equipment Maracha District, Drambu Sub-County, Liko Health Center III",No suitable comparable price
29581,UGIFT-029609,Audio Visual Equipment,OTHER ICT EQUIPMENT,"Audio Visual Equipment Yumbe District, Kuru Sub-County, Amanyiri HCIII",No suitable comparable price
32203,UGIFT-032231,Science Lab equipments,NON RESIDENTIAL BUILDINGS,"Science Lab equipments - Nebbi District, Atego SC, Atego Seed School",No suitable comparable price
32496,UGIFT-032524,Audio Visual Equipment,OTHER ICT EQUIPMENT,"1 – Audio visual equipment - Nwoya District, Got Apwoyo SC, Got Apwoyo HC III",No suitable comparable price
33397,UGIFT-033425,Dirty Linen Stand,PENDING CLASSIFICATION,"1 Dirty Linen Stand, - Nwoya District, Todora HC III",No suitable comparable price
37075,UGIFT-037103,Platelet agitator,PENDING CLASSIFICATION,"01 Patlete agitator,Arua city,central division,arua regional blood bank; Model meditek; Serial number M78652530",No suitable comparable price
37097,UGIFT-037125,Heavy duty washing machine,PENDING CLASSIFICATION,"01 heavy duty washing machine, Arua city,central division, ARBB; Model BW30-402-1; Serial number 90173477",No suitable comparable price
37158,UGIFT-037186,Night dutyroom,PENDING CLASSIFICATION,"01 nigtroom duty set,Arua city,central devision,ARBB",No suitable comparable price
37185,UGIFT-037213,Cotton wools,PENDING CLASSIFICATION,"Cotton wools, Arua city,central division, ARBB",No suitable comparable price
37186,UGIFT-037214,blood lanceps,PENDING CLASSIFICATION,"Blood lanceps,Arua city,central diision,ARBB",No suitable comparable price
37187,UGIFT-037215,Aprones,PENDING CLASSIFICATION,"Aprones,Arua city,central division,ARBB",No suitable comparable price
37206,UGIFT-037234,Water deionizer(reverse osmosis machine),PENDING CLASSIFICATION,01 water deionizer osmosis machine,No suitable comparable price
37219,UGIFT-037247,"Voltage power stablizers, 5KVA",PENDING CLASSIFICATION,"04, voltage power stablizer, Arua city,central division,ARBB",No suitable comparable price
37495,UGIFT-037523,Screen,PENDING CLASSIFICATION,1 screen – Arua District - Aroi SC- St. Peter’s Seed SS,No suitable comparable price
37666,UGIFT-037694,Audio Visual Equipment,OTHER ICT EQUIPMENT,"1 AUDIOVISUAL EQUIPMENT IN NYANGILIA HCIII, SOUTH DIVISION, KOBOKO MUNICIPALITY",No suitable comparable price
39966,UGIFT-039994,Audio Visual Equipment,OTHER ICT EQUIPMENT,"01 Audio visual -Maracha District, Kijomoro sub-county, Ekaligo HC III",No suitable comparable price
40867,UGIFT-040895,Residentials,NON RESIDENTIAL BUILDINGS,"3 BLOCKS OF 2 HOUSES IN KOLOLO SEED SS, TARA SUBCOUNTY, MARACHA",No suitable comparable price
40941,UGIFT-040969,Audio Visual Equipment,OTHER ICT EQUIPMENT,"01 Audio Visual Equipment Maracha District, Drambu Sub-County, Liko Health Center III",No suitable comparable price
41350,UGIFT-041378,Audio Visual Equipment,OTHER ICT EQUIPMENT,"01 Audio Visual Equipment Yumbe District, Kuru Sub-County, Amanyiri HCIII",No suitable comparable price
43862,A-444,Sanitation box,PENDING CLASSIFICATION,Large Sanitation Box - Arinyapi HC III-Arinyapi SC- Adjumani district,No suitable comparable price
44882,UGIFT-044910,Networking,PENDING CLASSIFICATION,"Cable, data points, trunking Maaji seed SS - Maaji SC- Adjumani district",No suitable comparable price
46803,UGIFT-046831,Audio Visual Equipment,OTHER ICT EQUIPMENT,DVD player -Omel health centre III - Paicho sub county - Gulu district TV Screen -Omel health centre III - Paicho sub county - Gulu district Projector-Omel health centre III - Paicho sub county - Gulu district,No suitable comparable price
47774,UGIFT-047802,Audio Visual Equipment,OTHER ICT EQUIPMENT,"1 Audio Visual Equipment; moyo district, Gbari health center, Gbari HC iii",No suitable comparable price
47996,UGIFT-048024,Audio Visual Equipment,OTHER ICT EQUIPMENT,1 Audio Visual Equipment - Moyo district - Laropi subcounty – Lama HCIII,No suitable comparable price
49685,UGIFT-049713,Laboratory tools,MED LAB RESEARCH APPLIANCES,Book selves,No suitable comparable price
49806,UGIFT-049834,Audio Visual Equipment,OTHER ICT EQUIPMENT,,No suitable comparable price
50039,UGIFT-050067,laboratory tools,MED LAB RESEARCH APPLIANCES,,No suitable comparable price
50348,UGIFT-050376,Laboratory tools,MED LAB RESEARCH APPLIANCES,,No suitable comparable price
50970,UGIFT-050998,School pitch,OTHER STRUCTURES,School Pitch to be complete – Labongo Amida SSS – Amida SC – Kitgum District,No suitable comparable price
51571,UGIFT-051599,Audio Visual Equipment,OTHER ICT EQUIPMENT,1 audio Visual equipment - Katum HC III – Katum SC - Lamwo district,No suitable comparable price
52199,UGIFT-052227,Audio Visual Equipment,OTHER ICT EQUIPMENT,1 audi visual equipment in katum h/c 3 lamwo district,No suitable comparable price
53850,UGIFT-053878,School pitch,OTHER STRUCTURES,Incompleted school Pitch - Ogom SSS – Ogom SC - Pader District,No suitable comparable price
54335,UGIFT-054363,Digital,PENDING CLASSIFICATION,Machine Digital,No suitable comparable price
54401,UGIFT-054429,Wall,PENDING CLASSIFICATION,Wall,No suitable comparable price
54404,UGIFT-054432,Diagnosti c Equipme,PENDING CLASSIFICATION,Diagnosti c Equipme,No suitable comparable price
54405,UGIFT-054433,Diagnosti c Equipme,PENDING CLASSIFICATION,Diagnosti c Equipme,No suitable comparable price
54406,UGIFT-054434,nt Set for,PENDING CLASSIFICATION,Nt Set for MCH,No suitable comparable price
54412,UGIFT-054440,"Instrume nt Set,",PENDING CLASSIFICATION,Instrume nt Set,No suitable comparable price
54413,UGIFT-054441,Basic,PENDING CLASSIFICATION,Basic,No suitable comparable price
54414,UGIFT-054442,ENT,PENDING CLASSIFICATION,ENT,No suitable comparable price
54416,UGIFT-054444,Pulse,PENDING CLASSIFICATION,Pulse,No suitable comparable price
54418,UGIFT-054446,Held,PENDING CLASSIFICATION,Held,No suitable comparable price
54419,UGIFT-054447,Held,PENDING CLASSIFICATION,Held,No suitable comparable price
54462,UGIFT-054490,"Instrume nt Set, Stitch",PENDING CLASSIFICATION,"Instrume nt Set, Stitch",No suitable comparable price
54463,UGIFT-054491,Removin,PENDING CLASSIFICATION,Removin,No suitable comparable price
54464,UGIFT-054492,G,PENDING CLASSIFICATION,,No suitable comparable price
55861,UGIFT-055889,Audio Visual Equipment,OTHER ICT EQUIPMENT,Audio Visual Equipment,No suitable comparable price
57370,UGIFT-057398,Foot ball pitch,SPORTS EQUIPMENT,Football pitch,No suitable comparable price
57640,UGIFT-057668,ICT Items,PENDING CLASSIFICATION,,No suitable comparable price
58316,UGIFT-058344,Foot ball pitch,SPORTS EQUIPMENT,Football pitch,No suitable comparable price
58840,UGIFT-058868,Patient,PENDING CLASSIFICATION,,No suitable comparable price
58870,UGIFT-058898,Wall,PENDING CLASSIFICATION,Wall clock,No suitable comparable price
58877,UGIFT-058905,"Instrume nt Set,",PENDING CLASSIFICATION,,No suitable comparable price
59449,UGIFT-059477,Football pitch,SPORTS EQUIPMENT,Football pitch,No suitable comparable price
59751,UGIFT-059779,Audio Visual Equipment,OTHER ICT EQUIPMENT,,No suitable comparable price
60177,UGIFT-060205,Audio Visual Equipment,OTHER ICT EQUIPMENT,Black,No suitable comparable price
60178,UGIFT-060206,Audio Visual Equipment,OTHER ICT EQUIPMENT,Black,No suitable comparable price
60345,UGIFT-060373,Low resolution power lens,PENDING CLASSIFICATION,WHITE IN COLOR,No suitable comparable price
60371,UGIFT-060399,Audio Visual Equipment,OTHER ICT EQUIPMENT,BLACK,No suitable comparable price
60568,UGIFT-060596,Audio Visual Equipment,OTHER ICT EQUIPMENT,Black,No suitable comparable price
60718,UGIFT-060746,ESR,PENDING CLASSIFICATION,1 ESR was available with sedimentation tubes,No suitable comparable price
61450,UGIFT-061478,Audio Visual Equipment,OTHER ICT EQUIPMENT,,No suitable comparable price
62663,UGIFT-062691,Net working,PENDING CLASSIFICATION,Black in color,No suitable comparable price
64255,UGIFT-064283,Mainhall,PENDING CLASSIFICATION,Cream and maroon,No suitable comparable price
65806,UGIFT-065834,1111111111111111FGFG1115/06/2024,PENDING CLASSIFICATION,,No suitable comparable price
67042,UGIFT-067070,Boys and girls,PENDING CLASSIFICATION,Cream and maroon,No suitable comparable price
67932,UGIFT-067960,Net working,PENDING CLASSIFICATION,,No suitable comparable price
68883,UGIFT-068911,Network swich port.,PENDING CLASSIFICATION,Digital,No suitable comparable price
70311,UGIFT-070339,Sophoos Xgs 108 Security Appliances,PENDING CLASSIFICATION,,No suitable comparable price
70316,UGIFT-070344,Floor Trunking.,PENDING CLASSIFICATION,,No suitable comparable price
70328,UGIFT-070356,"4, and 6 for children.",PENDING CLASSIFICATION,AND SIX FOR CHILDREN Four stance pit,No suitable comparable price
71006,UGIFT-071034,Audio Visual Equipment,OTHER ICT EQUIPMENT,Manual,No suitable comparable price
71345,UGIFT-071373,Name Of LG: Alebtong District Local Government.,PENDING CLASSIFICATION,,No suitable comparable price
71416,UGIFT-071444,Audio Visual Equipment,OTHER ICT EQUIPMENT,Digital,No suitable comparable price
71577,UGIFT-071605,Name Of LG Otuke District Local Government.,PENDING CLASSIFICATION,,No suitable comparable price
71853,UGIFT-071881,Audio Visual Equipment,OTHER ICT EQUIPMENT,Manual,No suitable comparable price
72133,UGIFT-072161,Name Of LG: Dokolo District Local Governmrnt,PENDING CLASSIFICATION,,No suitable comparable price
72339,UGIFT-072367,Plastic,OTHER ICT EQUIPMENT,,No suitable comparable price
72396,DOKOLO,Name Of Health Facility:,PENDING CLASSIFICATION,,No suitable comparable price
72566,DOKOLO,Name Of LG:,PENDING CLASSIFICATION,,No suitable comparable price
72800,UGIFT-072828,Name Of LG,PENDING CLASSIFICATION,NAME OF HEALTH FACILITY:,No suitable comparable price
72939,ALEBTONG,Name Of LG:,PENDING CLASSIFICATION,,No suitable comparable price
73177,OTUKE,Name Of LG:,PENDING CLASSIFICATION,,No suitable comparable price
73311,UGIFT-073339,Name Of LG:,PENDING CLASSIFICATION,NAME OF HEALTH FACILITY:,No suitable comparable price
73534,UGIFT-073562,Audio Visual Equipment,OTHER ICT EQUIPMENT,PLASTIC,No suitable comparable price
74405,UGIFT-074433,Floor Trunking.,PENDING CLASSIFICATION,,No suitable comparable price
74471,UGIFT-074499,Audio Visual Equipment,OTHER ICT EQUIPMENT,,No suitable comparable price
74517,UGIFT-074545,"Apparatus, Mininum 45L cylinder",PENDING CLASSIFICATION,,No suitable comparable price
74518,UGIFT-074546,"Apparatus, Mininum 45L cylinder",PENDING CLASSIFICATION,,No suitable comparable price
74653,UGIFT-074681,Audio Visual Equipment,OTHER ICT EQUIPMENT,,No suitable comparable price
74699,UGIFT-074727,"Apparatus, Mininum 45L cylinder",PENDING CLASSIFICATION,45 L,No suitable comparable price
74700,UGIFT-074728,"Apparatus, Mininum 45L cylinder",PENDING CLASSIFICATION,45 L,No suitable comparable price
74839,UGIFT-074867,Audio Visual Equipment,OTHER ICT EQUIPMENT,,No suitable comparable price
75100,UGIFT-075128,Audio Visual Equipment,OTHER ICT EQUIPMENT,,No suitable comparable price
75249,UGIFT-075277,1 3000L,PENDING CLASSIFICATION,2 1000L,No suitable comparable price
75250,UGIFT-075278,1 3000L,PENDING CLASSIFICATION,2 1000L,No suitable comparable price
75251,UGIFT-075279,1 3000L,PENDING CLASSIFICATION,2 1000L,No suitable comparable price
75252,UGIFT-075280,1 3000L,PENDING CLASSIFICATION,2 1000L,No suitable comparable price
75253,UGIFT-075281,1 3000L,PENDING CLASSIFICATION,2 1000L,No suitable comparable price
75320,UGIFT-075348,Audio Visual Equipment,OTHER ICT EQUIPMENT,,No suitable comparable price
75439,UGIFT-075467,Lab extension,PENDING CLASSIFICATION,1 unit,No suitable comparable price
75571,UGIFT-075599,Audio Visual Equipment,OTHER ICT EQUIPMENT,Television and projector,No suitable comparable price
75572,UGIFT-075600,Audio Visual Equipment,OTHER ICT EQUIPMENT,Television and projector,No suitable comparable price
75856,UGIFT-075884,Audio Visual Equipment,OTHER ICT EQUIPMENT,,No suitable comparable price
75907,UGIFT-075935,45L cylinder,PENDING CLASSIFICATION,,No suitable comparable price
75908,UGIFT-075936,45L cylinder,PENDING CLASSIFICATION,,No suitable comparable price
76030,UGIFT-076058,Audio Visual Equipment,OTHER ICT EQUIPMENT,,No suitable comparable price
76167,UGIFT-076195,10000L,PENDING CLASSIFICATION,5000L (3) 500L (1) 20000L (2),No suitable comparable price
76168,UGIFT-076196,10000L,PENDING CLASSIFICATION,5000L (3) 500L (1) 20000L (2),No suitable comparable price
76169,UGIFT-076197,10000L,PENDING CLASSIFICATION,5000L (3) 500L (1) 20000L (2),No suitable comparable price
76170,UGIFT-076198,10000L,PENDING CLASSIFICATION,5000L (3) 500L (1) 20000L (2),No suitable comparable price
76171,UGIFT-076199,10000L,PENDING CLASSIFICATION,5000L (3) 500L (1) 20000L (2),No suitable comparable price
76172,UGIFT-076200,10000L,PENDING CLASSIFICATION,5000L (3) 500L (1) 20000L (2),No suitable comparable price
76173,UGIFT-076201,10000L,PENDING CLASSIFICATION,5000L (3) 500L (1) 20000L (2),No suitable comparable price
76174,UGIFT-076202,10000L,PENDING CLASSIFICATION,5000L (3) 500L (1) 20000L (2),No suitable comparable price
76249,UGIFT-076277,Audio Visual Equipment,OTHER ICT EQUIPMENT,Variety,No suitable comparable price
76494,UGIFT-076522,Audio Visual Equipment,OTHER ICT EQUIPMENT,Variety,No suitable comparable price
76649,UGIFT-076677,10000L,PENDING CLASSIFICATION,500L (1),No suitable comparable price
76650,UGIFT-076678,10000L,PENDING CLASSIFICATION,500L (1),No suitable comparable price
76714,UGIFT-076742,Audio Visual Equipment,OTHER ICT EQUIPMENT,,No suitable comparable price
76916,UGIFT-076944,Audio Visual Equipment,OTHER ICT EQUIPMENT,1 set,No suitable comparable price
77562,UGIFT-077590,Network link,PENDING CLASSIFICATION,,No suitable comparable price
79734,UGIFT-079762,staff VIP,PENDING CLASSIFICATION,1 stand for PWDs for each,No suitable comparable price
80427,UGIFT-080455,2 in each class,PENDING CLASSIFICATION,,No suitable comparable price
80453,UGIFT-080481,Pas,PENDING CLASSIFICATION,,No suitable comparable price
80454,UGIFT-080482,Aic,PENDING CLASSIFICATION,,No suitable comparable price
81064,UGIFT-081092,Audio Visual Equipment,OTHER ICT EQUIPMENT,,No suitable comparable price
81458,UGIFT-081486,Audio Visual Equipment,OTHER ICT EQUIPMENT,Variety,No suitable comparable price
81593,UGIFT-081621,Incubator0,PENDING CLASSIFICATION,,No suitable comparable price
81677,UGIFT-081705,Lab extension,PENDING CLASSIFICATION,1 unit,No suitable comparable price
83220,UGIFT-083248,Chemicals,PENDING CLASSIFICATION,Organic and chemicals,No suitable comparable price
83304,UGIFT-083332,Hand tube stripper,PENDING CLASSIFICATION,,No suitable comparable price
83305,UGIFT-083333,Hand tube stripper,PENDING CLASSIFICATION,,No suitable comparable price
83336,UGIFT-083364,Cool box,PENDING CLASSIFICATION,,No suitable comparable price
83337,UGIFT-083365,Cool box,PENDING CLASSIFICATION,,No suitable comparable price
83338,UGIFT-083366,Cool box,PENDING CLASSIFICATION,,No suitable comparable price
83339,UGIFT-083367,Cool box,PENDING CLASSIFICATION,,No suitable comparable price
83410,UGIFT-083438,Heavy Duty washing machine,PENDING CLASSIFICATION,Made by LG,No suitable comparable price
83411,UGIFT-083439,Water deionizer (reverse osmosis machine),PENDING CLASSIFICATION,Model BW30-4021; Serial number 90173445; Made by HI-TECH,No suitable comparable price
83746,UGIFT-083774,Name Of LG: Bukedea District Local Government.,PENDING CLASSIFICATION,,No suitable comparable price
83766,NAME OF HEALTH FACILITY: NALUGAI HEALTH CENTRE III,Name Of LG: Bukedea District Local Government,PENDING CLASSIFICATION,,No suitable comparable price
83947,NAME OF HEALTH FACILITY: NALUGAI HEALTH CENTRE III,Name Of LG: Bukedea District Local Government,PENDING CLASSIFICATION,,No suitable comparable price
85043,UGIFT-085071,Chats Digestive Sysytem,PENDING CLASSIFICATION,,No suitable comparable price
85044,UGIFT-085072,Charts Human Ear,PENDING CLASSIFICATION,,No suitable comparable price
85045,UGIFT-085073,Charts Human Nervous System,PENDING CLASSIFICATION,,No suitable comparable price
85046,UGIFT-085074,Charts Human Teeth,PENDING CLASSIFICATION,,No suitable comparable price
85047,UGIFT-085075,Charts Reproductive Female,PENDING CLASSIFICATION,,No suitable comparable price
85048,UGIFT-085076,Charts Reproductive Male,PENDING CLASSIFICATION,,No suitable comparable price
85049,UGIFT-085077,Chats Skeleton,PENDING CLASSIFICATION,,No suitable comparable price
85050,UGIFT-085078,Model Human Brain (01),PENDING CLASSIFICATION,,No suitable comparable price
85051,UGIFT-085079,Model Human Digestiv System (01),PENDING CLASSIFICATION,,No suitable comparable price
85052,UGIFT-085080,Model Human Ear (01),PENDING CLASSIFICATION,,No suitable comparable price
85053,UGIFT-085081,Model Human Eye (01),PENDING CLASSIFICATION,,No suitable comparable price
85054,UGIFT-085082,Model Human Nervous System (01),PENDING CLASSIFICATION,,No suitable comparable price
85055,UGIFT-085083,Model Human Teeth (01),PENDING CLASSIFICATION,,No suitable comparable price
85056,UGIFT-085084,Model Human Heart (01),PENDING CLASSIFICATION,,No suitable comparable price
85057,UGIFT-085085,Model Nervous Human Size (01),PENDING CLASSIFICATION,,No suitable comparable price
85058,UGIFT-085086,Model Skeleton Full Size with stand (01),PENDING CLASSIFICATION,,No suitable comparable price
85104,UGIFT-085132,Boiling tubs 25*150MM GLASS PK OF 50 (pyrex) (50pcsx2),PENDING CLASSIFICATION,,No suitable comparable price
87040,UGIFT-087068,Sodium metabisulpahte,PENDING CLASSIFICATION,,No suitable comparable price
87041,UGIFT-087069,Sodium metabisulpahte,PENDING CLASSIFICATION,,No suitable comparable price
87042,UGIFT-087070,Sulphur powder,PENDING CLASSIFICATION,,No suitable comparable price
87043,UGIFT-087071,Sulphur powder,PENDING CLASSIFICATION,,No suitable comparable price
87044,UGIFT-087072,Zinc ulpahtepentahydrate,PENDING CLASSIFICATION,,No suitable comparable price
87115,UGIFT-087143,Motor and pestle,PENDING CLASSIFICATION,,No suitable comparable price
87118,UGIFT-087146,Separatory funnel,PENDING CLASSIFICATION,,No suitable comparable price
87119,UGIFT-087147,Separatory funnel,PENDING CLASSIFICATION,,No suitable comparable price
87120,UGIFT-087148,Separatory funnel,PENDING CLASSIFICATION,,No suitable comparable price
87121,UGIFT-087149,Separatory funnel,PENDING CLASSIFICATION,,No suitable comparable price
87122,UGIFT-087150,Liebig condenser,PENDING CLASSIFICATION,,No suitable comparable price
87123,UGIFT-087151,Liebig condenser,PENDING CLASSIFICATION,,No suitable comparable price
87124,UGIFT-087152,Liebig condenser,PENDING CLASSIFICATION,,No suitable comparable price
87125,UGIFT-087153,Liebig condenser,PENDING CLASSIFICATION,,No suitable comparable price
87126,UGIFT-087154,Fractioning column,PENDING CLASSIFICATION,,No suitable comparable price
87127,UGIFT-087155,Fractioning column,PENDING CLASSIFICATION,,No suitable comparable price
87130,UGIFT-087158,Strip cup,PENDING CLASSIFICATION,,No suitable comparable price
87131,UGIFT-087159,Strip cup,PENDING CLASSIFICATION,,No suitable comparable price
87132,UGIFT-087160,Study charts,PENDING CLASSIFICATION,,No suitable comparable price
87133,UGIFT-087161,Study charts,PENDING CLASSIFICATION,,No suitable comparable price
87134,UGIFT-087162,Study charts,PENDING CLASSIFICATION,,No suitable comparable price
87135,UGIFT-087163,Study charts,PENDING CLASSIFICATION,,No suitable comparable price
87136,UGIFT-087164,Study charts,PENDING CLASSIFICATION,,No suitable comparable price
87137,UGIFT-087165,Study charts,PENDING CLASSIFICATION,,No suitable comparable price
87138,UGIFT-087166,Study charts,PENDING CLASSIFICATION,,No suitable comparable price
87347,UGIFT-087375,Clips,PENDING CLASSIFICATION,,No suitable comparable price
87348,UGIFT-087376,Clips,PENDING CLASSIFICATION,,No suitable comparable price
87349,UGIFT-087377,Clips,PENDING CLASSIFICATION,,No suitable comparable price
87350,UGIFT-087378,Clips,PENDING CLASSIFICATION,,No suitable comparable price
87351,UGIFT-087379,Clips,PENDING CLASSIFICATION,,No suitable comparable price
87352,UGIFT-087380,Clips,PENDING CLASSIFICATION,,No suitable comparable price
87353,UGIFT-087381,Clips,PENDING CLASSIFICATION,,No suitable comparable price
87354,UGIFT-087382,Clips,PENDING CLASSIFICATION,,No suitable comparable price
87355,UGIFT-087383,Clips,PENDING CLASSIFICATION,,No suitable comparable price
87386,,ICT Lab,PENDING CLASSIFICATION,,No suitable comparable price
88234,UGIFT-088262,Blocks,NON RESIDENTIAL BUILDINGS,(2 unit),No suitable comparable price
88235,UGIFT-088263,Blocks,NON RESIDENTIAL BUILDINGS,(2 unit),No suitable comparable price
88236,UGIFT-088264,Blocks,NON RESIDENTIAL BUILDINGS,(2 unit),No suitable comparable price
89070,UGIFT-089098,wooden,PENDING CLASSIFICATION,,No suitable comparable price
89650,UGIFT-089678,Girls,PENDING CLASSIFICATION,Staff,No suitable comparable price
89651,UGIFT-089679,Girls,PENDING CLASSIFICATION,Staff,No suitable comparable price
90618,UGIFT-090646,Girls,PENDING CLASSIFICATION,,No suitable comparable price
91566,UGIFT-091594,Human digestive system,PENDING CLASSIFICATION,Plastic,No suitable comparable price
91567,UGIFT-091595,Human pre-molar teeth,PENDING CLASSIFICATION,Moulded,No suitable comparable price
91568,UGIFT-091596,Human molar teeth,PENDING CLASSIFICATION,Moulded,No suitable comparable price
91569,UGIFT-091597,Human incisor teeth,PENDING CLASSIFICATION,Moulded,No suitable comparable price
91570,UGIFT-091598,Human ear,PENDING CLASSIFICATION,Plastic,No suitable comparable price
91571,UGIFT-091599,Human Nero System,PENDING CLASSIFICATION,Plastic,No suitable comparable price
91572,UGIFT-091600,Human brain,PENDING CLASSIFICATION,Plastic,No suitable comparable price
91728,UGIFT-091756,Girls,PENDING CLASSIFICATION,,No suitable comparable price
92329,UGIFT-092357,Protector,PENDING CLASSIFICATION,,No suitable comparable price
92330,UGIFT-092358,Protector,PENDING CLASSIFICATION,,No suitable comparable price
92331,UGIFT-092359,Protector,PENDING CLASSIFICATION,,No suitable comparable price
92332,UGIFT-092360,Protector,PENDING CLASSIFICATION,,No suitable comparable price
92333,UGIFT-092361,Protector,PENDING CLASSIFICATION,,No suitable comparable price
92334,UGIFT-092362,Protector,PENDING CLASSIFICATION,,No suitable comparable price
92335,UGIFT-092363,Protector,PENDING CLASSIFICATION,,No suitable comparable price
92336,UGIFT-092364,Protector,PENDING CLASSIFICATION,,No suitable comparable price
92337,UGIFT-092365,Protector,PENDING CLASSIFICATION,,No suitable comparable price
92338,UGIFT-092366,Protector,PENDING CLASSIFICATION,,No suitable comparable price
92342,UGIFT-092370,Video,PENDING CLASSIFICATION,,No suitable comparable price
92345,UGIFT-092373,Conditioner,PENDING CLASSIFICATION,,No suitable comparable price
92346,UGIFT-092374,Conditioner,PENDING CLASSIFICATION,,No suitable comparable price
92348,UGIFT-092376,(o1),PENDING CLASSIFICATION,,No suitable comparable price
93716,UGIFT-093744,Girls,PENDING CLASSIFICATION,,No suitable comparable price
94335,UGIFT-094363,Model Human Torso (02),PENDING CLASSIFICATION,,No suitable comparable price
94800,UGIFT-094828,Audio Visual Equipment,OTHER ICT EQUIPMENT,,No suitable comparable price
95346,UGIFT-095374,"Volumetric flas 500ml-1,250ml-1",PENDING CLASSIFICATION,,No suitable comparable price
95347,UGIFT-095375,Separatory funnel 04pcs,PENDING CLASSIFICATION,,No suitable comparable price
95348,UGIFT-095376,Separatory funnel 04pcs,PENDING CLASSIFICATION,,No suitable comparable price
95349,UGIFT-095377,Separatory funnel 04pcs,PENDING CLASSIFICATION,,No suitable comparable price
95350,UGIFT-095378,Separatory funnel 04pcs,PENDING CLASSIFICATION,,No suitable comparable price
95351,UGIFT-095379,Fractioning column 02pcs,PENDING CLASSIFICATION,,No suitable comparable price
95352,UGIFT-095380,Fractioning column 02pcs,PENDING CLASSIFICATION,,No suitable comparable price
95380,UGIFT-095408,Electric Bell 1pc,PENDING CLASSIFICATION,,No suitable comparable price
95405,UGIFT-095433,Clips09,PENDING CLASSIFICATION,,No suitable comparable price
95420,01,ICT Lab,PENDING CLASSIFICATION,,No suitable comparable price
96150,UGIFT-096178,Dvrecorder,PENDING CLASSIFICATION,,No suitable comparable price
96269,UGIFT-096297,power GUADS,PENDING CLASSIFICATION,,No suitable comparable price
96283,UGIFT-096311,1-Bromomethyl blue,PENDING CLASSIFICATION,,No suitable comparable price
96284,UGIFT-096312,Acetaldehyde (Ethanal),PENDING CLASSIFICATION,,No suitable comparable price
96285,UGIFT-096313,Acetic acid (ethanoic acid),PENDING CLASSIFICATION,,No suitable comparable price
96286,UGIFT-096314,Acetone (propanone),PENDING CLASSIFICATION,,No suitable comparable price
96287,UGIFT-096315,Albumen egg powder,PENDING CLASSIFICATION,,No suitable comparable price
96288,UGIFT-096316,Aluminium carbonate,PENDING CLASSIFICATION,,No suitable comparable price
96289,UGIFT-096317,Aluminium chloride,PENDING CLASSIFICATION,,No suitable comparable price
96290,UGIFT-096318,Aluminium chloride,PENDING CLASSIFICATION,,No suitable comparable price
96291,UGIFT-096319,Aluminium nitrate,PENDING CLASSIFICATION,,No suitable comparable price
96292,UGIFT-096320,Aluminium oxide,PENDING CLASSIFICATION,,No suitable comparable price
96293,UGIFT-096321,Aluminium sulphate,PENDING CLASSIFICATION,,No suitable comparable price
96294,UGIFT-096322,Ammonia solution,PENDING CLASSIFICATION,,No suitable comparable price
96295,UGIFT-096323,Ammonium ferric sulphate,PENDING CLASSIFICATION,,No suitable comparable price
96296,UGIFT-096324,Ammonium ferrous sulphate,PENDING CLASSIFICATION,,No suitable comparable price
96297,UGIFT-096325,Ammonium nitrate,PENDING CLASSIFICATION,,No suitable comparable price
96298,UGIFT-096326,Ammonium oxalate,PENDING CLASSIFICATION,,No suitable comparable price
96299,UGIFT-096327,Ammonium sulphate,PENDING CLASSIFICATION,,No suitable comparable price
96300,UGIFT-096328,Ammonium thiocyanate,PENDING CLASSIFICATION,,No suitable comparable price
96301,UGIFT-096329,Amylase,PENDING CLASSIFICATION,,No suitable comparable price
96302,UGIFT-096330,Ascorbic acid,PENDING CLASSIFICATION,,No suitable comparable price
96303,UGIFT-096331,Barium carbonate,PENDING CLASSIFICATION,,No suitable comparable price
96304,UGIFT-096332,Barium chloride,PENDING CLASSIFICATION,,No suitable comparable price
96305,UGIFT-096333,Barium nitrate,PENDING CLASSIFICATION,,No suitable comparable price
96306,UGIFT-096334,Barium sulphate,PENDING CLASSIFICATION,,No suitable comparable price
96307,UGIFT-096335,Benedicts solution,PENDING CLASSIFICATION,,No suitable comparable price
96308,UGIFT-096336,Benzaldehyde,PENDING CLASSIFICATION,,No suitable comparable price
96309,UGIFT-096337,Bicarbonate indicator,PENDING CLASSIFICATION,,No suitable comparable price
96310,UGIFT-096338,Borax,PENDING CLASSIFICATION,,No suitable comparable price
96312,UGIFT-096340,Bromine water,PENDING CLASSIFICATION,,No suitable comparable price
96313,UGIFT-096341,Butan-1-ol,PENDING CLASSIFICATION,,No suitable comparable price
96314,UGIFT-096342,Butan-2-ol,PENDING CLASSIFICATION,,No suitable comparable price
96315,UGIFT-096343,Calcium carbonate,PENDING CLASSIFICATION,,No suitable comparable price
96316,UGIFT-096344,Calcium hydroxide,PENDING CLASSIFICATION,,No suitable comparable price
96317,UGIFT-096345,Calcium metal,PENDING CLASSIFICATION,,No suitable comparable price
96318,UGIFT-096346,Chloroform (trichloro methane),PENDING CLASSIFICATION,,No suitable comparable price
96319,UGIFT-096347,Chromium (iii) sulphate,PENDING CLASSIFICATION,,No suitable comparable price
96320,UGIFT-096348,Cobalt carbonate,PENDING CLASSIFICATION,,No suitable comparable price
96321,UGIFT-096349,Cobalt chloride,PENDING CLASSIFICATION,,No suitable comparable price
96322,UGIFT-096350,Copper carbonate,PENDING CLASSIFICATION,,No suitable comparable price
96323,UGIFT-096351,Copper chloride,PENDING CLASSIFICATION,,No suitable comparable price
96324,UGIFT-096352,Copper sulphate anhydrous,PENDING CLASSIFICATION,,No suitable comparable price
96325,UGIFT-096353,Copper sulphate pentahydrate,PENDING CLASSIFICATION,,No suitable comparable price
96326,UGIFT-096354,Dcpip,PENDING CLASSIFICATION,,No suitable comparable price
96327,UGIFT-096355,Diastase,PENDING CLASSIFICATION,,No suitable comparable price
96328,UGIFT-096356,Dimethyl glyoxime,PENDING CLASSIFICATION,,No suitable comparable price
96329,UGIFT-096357,Disodium hydrogen orthophosphate,PENDING CLASSIFICATION,,No suitable comparable price
96330,UGIFT-096358,Enzymase (invertase),PENDING CLASSIFICATION,,No suitable comparable price
96331,UGIFT-096359,Eosine solution,PENDING CLASSIFICATION,,No suitable comparable price
96332,UGIFT-096360,Ethanol Absolute,PENDING CLASSIFICATION,,No suitable comparable price
96333,UGIFT-096361,Fehlings No 1,PENDING CLASSIFICATION,,No suitable comparable price
96334,UGIFT-096362,Fehlings No 2 (B),PENDING CLASSIFICATION,,No suitable comparable price
96335,UGIFT-096363,Ferric sulphate,PENDING CLASSIFICATION,,No suitable comparable price
96336,UGIFT-096364,Ferrous sulphate,PENDING CLASSIFICATION,,No suitable comparable price
96337,UGIFT-096365,Formaldehyde,PENDING CLASSIFICATION,,No suitable comparable price
96338,UGIFT-096366,Formic acid,PENDING CLASSIFICATION,,No suitable comparable price
96339,UGIFT-096367,Fructose,PENDING CLASSIFICATION,,No suitable comparable price
96340,UGIFT-096368,Glucose,PENDING CLASSIFICATION,,No suitable comparable price
96341,UGIFT-096369,Hydrochloric acid (1ltr),PENDING CLASSIFICATION,,No suitable comparable price
96342,UGIFT-096370,Hydrogen peroxide (100 vol),PENDING CLASSIFICATION,,No suitable comparable price
96343,UGIFT-096371,Hydrogen peroxide (50 v0l),PENDING CLASSIFICATION,,No suitable comparable price
96344,UGIFT-096372,Iodine crystals (100gm),PENDING CLASSIFICATION,,No suitable comparable price
96345,UGIFT-096373,Iodine solution,PENDING CLASSIFICATION,,No suitable comparable price
96347,UGIFT-096375,Iron iii chloride,PENDING CLASSIFICATION,,No suitable comparable price
96348,UGIFT-096376,Isopropyl alcohol,PENDING CLASSIFICATION,,No suitable comparable price
96349,UGIFT-096377,Lead acetate,PENDING CLASSIFICATION,,No suitable comparable price
96350,UGIFT-096378,Lead ii carbonate,PENDING CLASSIFICATION,,No suitable comparable price
96351,UGIFT-096379,Lead ii chloride,PENDING CLASSIFICATION,,No suitable comparable price
96352,UGIFT-096380,Lead ii nitrate,PENDING CLASSIFICATION,,No suitable comparable price
96353,UGIFT-096381,Lead ii sulphate,PENDING CLASSIFICATION,,No suitable comparable price
96354,UGIFT-096382,Lead iv oxide,PENDING CLASSIFICATION,,No suitable comparable price
96355,UGIFT-096383,Lead monoxide,PENDING CLASSIFICATION,,No suitable comparable price
96356,UGIFT-096384,Leishman’s stain solution,PENDING CLASSIFICATION,,No suitable comparable price
96357,UGIFT-096385,Lime water,PENDING CLASSIFICATION,,No suitable comparable price
96363,UGIFT-096391,Magnesium carbonate,PENDING CLASSIFICATION,,No suitable comparable price
96364,UGIFT-096392,Magnesium chloride,PENDING CLASSIFICATION,,No suitable comparable price
96365,UGIFT-096393,Magnesium nitrate,PENDING CLASSIFICATION,,No suitable comparable price
96366,UGIFT-096394,Magnesium ribbon,PENDING CLASSIFICATION,,No suitable comparable price
96367,UGIFT-096395,Magnesium sulphate,PENDING CLASSIFICATION,,No suitable comparable price
96368,UGIFT-096396,Manganese chloride,PENDING CLASSIFICATION,,No suitable comparable price
96369,UGIFT-096397,Manganese iv oxide,PENDING CLASSIFICATION,,No suitable comparable price
96370,UGIFT-096398,Marble chips,PENDING CLASSIFICATION,,No suitable comparable price
96371,UGIFT-096399,Methanol,PENDING CLASSIFICATION,,No suitable comparable price
96372,UGIFT-096400,Methyl orange indicator,PENDING CLASSIFICATION,,No suitable comparable price
96374,UGIFT-096402,N- propyl alcohol,PENDING CLASSIFICATION,,No suitable comparable price
96375,UGIFT-096403,Nickel ii carbonate,PENDING CLASSIFICATION,,No suitable comparable price
96376,UGIFT-096404,Nickel ii chloride,PENDING CLASSIFICATION,,No suitable comparable price
96377,UGIFT-096405,Nickel nitrate,PENDING CLASSIFICATION,,No suitable comparable price
96378,UGIFT-096406,Nickel sulphate,PENDING CLASSIFICATION,,No suitable comparable price
96379,UGIFT-096407,Nitric acid,PENDING CLASSIFICATION,,No suitable comparable price
96380,UGIFT-096408,Oxalic acid,PENDING CLASSIFICATION,,No suitable comparable price
96381,UGIFT-096409,Pepsin,PENDING CLASSIFICATION,,No suitable comparable price
96382,UGIFT-096410,Phelphthalein indicator,PENDING CLASSIFICATION,,No suitable comparable price
96383,UGIFT-096411,Phenol crystals,PENDING CLASSIFICATION,,No suitable comparable price
96384,UGIFT-096412,Plasticin,PENDING CLASSIFICATION,,No suitable comparable price
96385,UGIFT-096413,Potassium iodate,PENDING CLASSIFICATION,,No suitable comparable price
96386,UGIFT-096414,Potassium bromide,PENDING CLASSIFICATION,,No suitable comparable price
96387,UGIFT-096415,Potassium chlorate,PENDING CLASSIFICATION,,No suitable comparable price
96388,UGIFT-096416,Potassium chromate,PENDING CLASSIFICATION,,No suitable comparable price
96389,UGIFT-096417,Potassium dichromate,PENDING CLASSIFICATION,,No suitable comparable price
96390,UGIFT-096418,Potassium ferricyanide,PENDING CLASSIFICATION,,No suitable comparable price
96391,UGIFT-096419,Potassium ferrocyanide,PENDING CLASSIFICATION,,No suitable comparable price
96659,UGIFT-096687,Motar And Pestle,PENDING CLASSIFICATION,,No suitable comparable price
96698,UGIFT-096726,Lactometer,PENDING CLASSIFICATION,,No suitable comparable price
96825,UGIFT-096853,Fractionating Column,PENDING CLASSIFICATION,,No suitable comparable price
96826,UGIFT-096854,Fractionating Column,PENDING CLASSIFICATION,,No suitable comparable price
96827,UGIFT-096855,Plastic Funnel,PENDING CLASSIFICATION,,No suitable comparable price
96828,UGIFT-096856,Plastic Funnel,PENDING CLASSIFICATION,,No suitable comparable price
96829,UGIFT-096857,Plastic Funnel,PENDING CLASSIFICATION,,No suitable comparable price
96830,UGIFT-096858,Plastic Funnel,PENDING CLASSIFICATION,,No suitable comparable price
96831,UGIFT-096859,Plastic Funnel,PENDING CLASSIFICATION,,No suitable comparable price
96832,UGIFT-096860,Leibig Condensor,PENDING CLASSIFICATION,,No suitable comparable price
96855,UGIFT-096883,Glass Cylinder 50ML,PENDING CLASSIFICATION,,No suitable comparable price
96856,UGIFT-096884,Glass Cylinder 50ML,PENDING CLASSIFICATION,,No suitable comparable price
96857,UGIFT-096885,Glass Cylinder 500ML,PENDING CLASSIFICATION,,No suitable comparable price
96858,UGIFT-096886,Glass Cylinder 500ML,PENDING CLASSIFICATION,,No suitable comparable price
96859,UGIFT-096887,Glass Cylinder 100ML,PENDING CLASSIFICATION,,No suitable comparable price
96860,UGIFT-096888,Glass Cylinder 100ML,PENDING CLASSIFICATION,,No suitable comparable price
98514,UGIFT-098542,Density Bottle Glass,PENDING CLASSIFICATION,,No suitable comparable price
98515,UGIFT-098543,Density Bottle Glass,PENDING CLASSIFICATION,,No suitable comparable price
98516,UGIFT-098544,Mesuring Cylinder Plastic,PENDING CLASSIFICATION,,No suitable comparable price
98517,UGIFT-098545,Mesuring Cylinder Plastic,PENDING CLASSIFICATION,,No suitable comparable price
98518,UGIFT-098546,Mesuring Cylinder Plastic,PENDING CLASSIFICATION,,No suitable comparable price
98519,UGIFT-098547,Mesuring Cylinder Plastic,PENDING CLASSIFICATION,,No suitable comparable price
98520,UGIFT-098548,Mesuring Cylinder Plastic,PENDING CLASSIFICATION,,No suitable comparable price
98521,UGIFT-098549,Mesuring Cylinder Plastic,PENDING CLASSIFICATION,,No suitable comparable price
98706,UGIFT-098734,Tapes,PENDING CLASSIFICATION,,No suitable comparable price
98707,UGIFT-098735,Tapes,PENDING CLASSIFICATION,,No suitable comparable price
98708,UGIFT-098736,Tapes,PENDING CLASSIFICATION,,No suitable comparable price
98709,UGIFT-098737,Tapes,PENDING CLASSIFICATION,,No suitable comparable price
98710,UGIFT-098738,Tapes,PENDING CLASSIFICATION,,No suitable comparable price
98827,UGIFT-098855,Leibig Condenser,PENDING CLASSIFICATION,,No suitable comparable price
98828,UGIFT-098856,Leibig Condenser,PENDING CLASSIFICATION,,No suitable comparable price
98829,UGIFT-098857,Leibig Condenser,PENDING CLASSIFICATION,,No suitable comparable price
98830,UGIFT-098858,Leibig Condenser,PENDING CLASSIFICATION,,No suitable comparable price
99224,UGIFT-099252,Franchonalising Column,PENDING CLASSIFICATION,,No suitable comparable price
99225,UGIFT-099253,Franchonalising Column,PENDING CLASSIFICATION,,No suitable comparable price
99287,UGIFT-099315,Storage Box,PENDING CLASSIFICATION,,No suitable comparable price
99712,UGIFT-099740,Density Bottle Glass,PENDING CLASSIFICATION,,No suitable comparable price
99713,UGIFT-099741,Density Bottle Glass,PENDING CLASSIFICATION,,No suitable comparable price
99714,UGIFT-099742,Mesuring Cylinder Plastic,PENDING CLASSIFICATION,,No suitable comparable price
99715,UGIFT-099743,Mesuring Cylinder Plastic,PENDING CLASSIFICATION,,No suitable comparable price
99716,UGIFT-099744,Mesuring Cylinder Plastic,PENDING CLASSIFICATION,,No suitable comparable price
99717,UGIFT-099745,Mesuring Cylinder Plastic,PENDING CLASSIFICATION,,No suitable comparable price
99718,UGIFT-099746,Mesuring Cylinder Plastic,PENDING CLASSIFICATION,,No suitable comparable price
99719,UGIFT-099747,Mesuring Cylinder Plastic,PENDING CLASSIFICATION,,No suitable comparable price
99904,UGIFT-099932,Tapes,PENDING CLASSIFICATION,,No suitable comparable price
99905,UGIFT-099933,Tapes,PENDING CLASSIFICATION,,No suitable comparable price
99906,UGIFT-099934,Tapes,PENDING CLASSIFICATION,,No suitable comparable price
99907,UGIFT-099935,Tapes,PENDING CLASSIFICATION,,No suitable comparable price
99908,UGIFT-099936,Tapes,PENDING CLASSIFICATION,,No suitable comparable price
100025,UGIFT-100053,Leibig Condenser,PENDING CLASSIFICATION,,No suitable comparable price
100026,UGIFT-100054,Leibig Condenser,PENDING CLASSIFICATION,,No suitable comparable price
100027,UGIFT-100055,Leibig Condenser,PENDING CLASSIFICATION,,No suitable comparable price
100028,UGIFT-100056,Leibig Condenser,PENDING CLASSIFICATION,,No suitable comparable price
100422,UGIFT-100450,Franchonalising Column,PENDING CLASSIFICATION,,No suitable comparable price
100423,UGIFT-100451,Franchonalising Column,PENDING CLASSIFICATION,,No suitable comparable price
100485,UGIFT-100513,Storage Box,PENDING CLASSIFICATION,,No suitable comparable price
102418,UGIFT-102446,Wheelbarrow,PENDING CLASSIFICATION,Steel sheet galvanized steel,No suitable comparable price
102421,UGIFT-102449,Bell,PENDING CLASSIFICATION,Brass and bronze,No suitable comparable price
102422,UGIFT-102450,Bell,PENDING CLASSIFICATION,Brass and bronze,No suitable comparable price
102530,UGIFT-102558,Grain silos,PENDING CLASSIFICATION,Galvanized steel,No suitable comparable price
102531,UGIFT-102559,Grain silos,PENDING CLASSIFICATION,Galvanized steel,No suitable comparable price
102532,UGIFT-102560,Grain silos,PENDING CLASSIFICATION,Galvanized steel,No suitable comparable price
102533,UGIFT-102561,Grain silos,PENDING CLASSIFICATION,Galvanized steel,No suitable comparable price
102534,UGIFT-102562,Grain silos,PENDING CLASSIFICATION,Galvanized steel,No suitable comparable price
102535,UGIFT-102563,Grain silos,PENDING CLASSIFICATION,Galvanized steel,No suitable comparable price
102536,UGIFT-102564,Grain silos,PENDING CLASSIFICATION,Galvanized steel,No suitable comparable price
102537,UGIFT-102565,Grain silos,PENDING CLASSIFICATION,Galvanized steel,No suitable comparable price
102538,UGIFT-102566,Pallets,PENDING CLASSIFICATION,Wooden,No suitable comparable price
102539,UGIFT-102567,Pallets,PENDING CLASSIFICATION,Wooden,No suitable comparable price
102540,UGIFT-102568,Pallets,PENDING CLASSIFICATION,Wooden,No suitable comparable price
102541,UGIFT-102569,Pallets,PENDING CLASSIFICATION,Wooden,No suitable comparable price
102542,UGIFT-102570,Pallets,PENDING CLASSIFICATION,Wooden,No suitable comparable price
102543,UGIFT-102571,Pallets,PENDING CLASSIFICATION,Wooden,No suitable comparable price
102544,UGIFT-102572,Pallets,PENDING CLASSIFICATION,Wooden,No suitable comparable price
102545,UGIFT-102573,Pallets,PENDING CLASSIFICATION,Wooden,No suitable comparable price
102624,UGIFT-102652,Extensions,PENDING CLASSIFICATION,,No suitable comparable price
102625,UGIFT-102653,Extensions,PENDING CLASSIFICATION,,No suitable comparable price
102626,UGIFT-102654,Extensions,PENDING CLASSIFICATION,,No suitable comparable price
102627,UGIFT-102655,Extensions,PENDING CLASSIFICATION,,No suitable comparable price
102628,UGIFT-102656,Extensions,PENDING CLASSIFICATION,,No suitable comparable price
102629,UGIFT-102657,Extensions,PENDING CLASSIFICATION,,No suitable comparable price
102630,UGIFT-102658,Extensions,PENDING CLASSIFICATION,,No suitable comparable price
102631,UGIFT-102659,Extensions,PENDING CLASSIFICATION,,No suitable comparable price
102632,UGIFT-102660,Extensions,PENDING CLASSIFICATION,,No suitable comparable price
102634,UGIFT-102662,Headsets,PENDING CLASSIFICATION,,No suitable comparable price
102635,UGIFT-102663,Headsets,PENDING CLASSIFICATION,,No suitable comparable price
102636,UGIFT-102664,Headsets,PENDING CLASSIFICATION,,No suitable comparable price
102697,UGIFT-102725,Screen,PENDING CLASSIFICATION,,No suitable comparable price
102740,UGIFT-102768,Goal post,SPORTS EQUIPMENT,Metallic,No suitable comparable price
102741,UGIFT-102769,Goal post,SPORTS EQUIPMENT,Metallic,No suitable comparable price
102742,UGIFT-102770,Goal post,SPORTS EQUIPMENT,Metallic,No suitable comparable price
102743,UGIFT-102771,Goal post,SPORTS EQUIPMENT,Metallic,No suitable comparable price
102744,UGIFT-102772,Goal post,SPORTS EQUIPMENT,Metallic,No suitable comparable price
102745,UGIFT-102773,Goal post,SPORTS EQUIPMENT,Metallic,No suitable comparable price
104132,UGIFT-104160,Chain link,PENDING CLASSIFICATION,,No suitable comparable price
104533,UGIFT-104561,Lockable science kit boards,PENDING CLASSIFICATION,Wooden,No suitable comparable price
104534,UGIFT-104562,Lockable science kit boards,PENDING CLASSIFICATION,Wooden,No suitable comparable price
104535,UGIFT-104563,Lockable science kit boards,PENDING CLASSIFICATION,Wooden,No suitable comparable price
104536,UGIFT-104564,Lockable science kit boards,PENDING CLASSIFICATION,Wooden,No suitable comparable price
104537,UGIFT-104565,Lockable science kit boards,PENDING CLASSIFICATION,Wooden,No suitable comparable price
104538,UGIFT-104566,Lockable science kit boards,PENDING CLASSIFICATION,Wooden,No suitable comparable price
104539,UGIFT-104567,Lockable science kit boards,PENDING CLASSIFICATION,Wooden,No suitable comparable price
104540,UGIFT-104568,Lockable science kit boards,PENDING CLASSIFICATION,Wooden,No suitable comparable price
104541,UGIFT-104569,Lockable science kit boards,PENDING CLASSIFICATION,Wooden,No suitable comparable price
104542,UGIFT-104570,Lockable science kit boards,PENDING CLASSIFICATION,Wooden,No suitable comparable price
104543,UGIFT-104571,Lockable science kit boards,PENDING CLASSIFICATION,Wooden,No suitable comparable price
104544,UGIFT-104572,Lockable science kit boards,PENDING CLASSIFICATION,Wooden,No suitable comparable price
104545,UGIFT-104573,Lockable science kit boards,PENDING CLASSIFICATION,Wooden,No suitable comparable price
104546,UGIFT-104574,Lockable science kit boards,PENDING CLASSIFICATION,Wooden,No suitable comparable price
104547,UGIFT-104575,Lockable science kit boards,PENDING CLASSIFICATION,Wooden,No suitable comparable price
104558,UGIFT-104586,Head teacher's twin house,PENDING CLASSIFICATION,"Bricks, sand, cement and iron sheets",No suitable comparable price
104571,UGIFT-104599,Twin science laboratory,PENDING CLASSIFICATION,"Bricks, sand and cement",No suitable comparable price
105516,UGIFT-105544,Battery,PENDING CLASSIFICATION,,No suitable comparable price
105974,UGIFT-106002,Constantan SWG 26,PENDING CLASSIFICATION,,No suitable comparable price
106061,UGIFT-106089,Handlers plastic handle,PENDING CLASSIFICATION,,No suitable comparable price
106062,UGIFT-106090,Handlers plastic handle,PENDING CLASSIFICATION,,No suitable comparable price
106063,UGIFT-106091,Handlers plastic handle,PENDING CLASSIFICATION,,No suitable comparable price
106064,UGIFT-106092,Handlers plastic handle,PENDING CLASSIFICATION,,No suitable comparable price
106065,UGIFT-106093,Handlers plastic handle,PENDING CLASSIFICATION,,No suitable comparable price
106066,UGIFT-106094,Handlers plastic handle,PENDING CLASSIFICATION,,No suitable comparable price
106067,UGIFT-106095,Handlers plastic handle,PENDING CLASSIFICATION,,No suitable comparable price
106068,UGIFT-106096,Handlers plastic handle,PENDING CLASSIFICATION,,No suitable comparable price
106069,UGIFT-106097,Handlers plastic handle,PENDING CLASSIFICATION,,No suitable comparable price
106070,UGIFT-106098,Handlers plastic handle,PENDING CLASSIFICATION,,No suitable comparable price
106071,UGIFT-106099,Handlers plastic handle,PENDING CLASSIFICATION,,No suitable comparable price
106072,UGIFT-106100,Handlers plastic handle,PENDING CLASSIFICATION,,No suitable comparable price
106073,UGIFT-106101,Handlers plastic handle,PENDING CLASSIFICATION,,No suitable comparable price
106074,UGIFT-106102,Handlers plastic handle,PENDING CLASSIFICATION,,No suitable comparable price
106075,UGIFT-106103,Handlers plastic handle,PENDING CLASSIFICATION,,No suitable comparable price
106076,UGIFT-106104,Handlers plastic handle,PENDING CLASSIFICATION,,No suitable comparable price
106077,UGIFT-106105,Handlers plastic handle,PENDING CLASSIFICATION,,No suitable comparable price
106078,UGIFT-106106,Handlers plastic handle,PENDING CLASSIFICATION,,No suitable comparable price
106079,UGIFT-106107,Handlers plastic handle,PENDING CLASSIFICATION,,No suitable comparable price
106080,UGIFT-106108,Handlers plastic handle,PENDING CLASSIFICATION,,No suitable comparable price
106081,UGIFT-106109,Model Human nervous system (1),PENDING CLASSIFICATION,,No suitable comparable price
106082,UGIFT-106110,Model Human teeth (1),PENDING CLASSIFICATION,,No suitable comparable price
106083,UGIFT-106111,Model Human heart (1),PENDING CLASSIFICATION,,No suitable comparable price
106084,UGIFT-106112,Model Human ear (1),PENDING CLASSIFICATION,,No suitable comparable price
106085,UGIFT-106113,Model Human skeleton with stand (1),PENDING CLASSIFICATION,,No suitable comparable price
106086,UGIFT-106114,Model Human torso (1),PENDING CLASSIFICATION,,No suitable comparable price
106087,UGIFT-106115,Model Human digestive system (1),PENDING CLASSIFICATION,,No suitable comparable price
106088,UGIFT-106116,Urinary system chart,PENDING CLASSIFICATION,,No suitable comparable price
106089,UGIFT-106117,Human ear chart,PENDING CLASSIFICATION,,No suitable comparable price
106090,UGIFT-106118,Human female reproductive system chart,PENDING CLASSIFICATION,,No suitable comparable price
106091,UGIFT-106119,Human male reproductive system chart,PENDING CLASSIFICATION,,No suitable comparable price
106546,UGIFT-106574,Digital scale,PENDING CLASSIFICATION,,No suitable comparable price
107496,UGIFT-107524,"Charge controller 20A, 30A, 40A, 85A Victron",PENDING CLASSIFICATION,,No suitable comparable price
107498,UGIFT-107526,"VRLA sealed batteries 12V, 200AH RIesh",PENDING CLASSIFICATION,,No suitable comparable price
107499,UGIFT-107527,Wiring and accessories,PENDING CLASSIFICATION,,No suitable comparable price
107500,UGIFT-107528,Earthing system,PENDING CLASSIFICATION,,No suitable comparable price
107501,UGIFT-107529,Lightning protection system,PENDING CLASSIFICATION,,No suitable comparable price
107502,UGIFT-107530,LED lights,PENDING CLASSIFICATION,,No suitable comparable price
107506,UGIFT-107534,Irrigation system,PENDING CLASSIFICATION,,No suitable comparable price
107527,UGIFT-107555,AC,PENDING CLASSIFICATION,,No suitable comparable price
107528,UGIFT-107556,AC,PENDING CLASSIFICATION,,No suitable comparable price
107529,UGIFT-107557,AC,PENDING CLASSIFICATION,,No suitable comparable price
107530,UGIFT-107558,AC,PENDING CLASSIFICATION,,No suitable comparable price
107534,UGIFT-107562,Network engineering,PENDING CLASSIFICATION,,No suitable comparable price
107559,UGIFT-107587,Power controller (8),PENDING CLASSIFICATION,,No suitable comparable price
107565,UGIFT-107593,Sciences,PENDING CLASSIFICATION,,No suitable comparable price
107566,UGIFT-107594,Sciences,PENDING CLASSIFICATION,,No suitable comparable price
107567,UGIFT-107595,Sciences,PENDING CLASSIFICATION,,No suitable comparable price
107568,UGIFT-107596,Sciences,PENDING CLASSIFICATION,,No suitable comparable price
107569,UGIFT-107597,ICT,PENDING CLASSIFICATION,,No suitable comparable price
107592,UGIFT-107620,Field,PENDING CLASSIFICATION,,No suitable comparable price
108005,UGIFT-108033,Auto Clean Tubo cleaning,PENDING CLASSIFICATION,Good working condition,No suitable comparable price
108009,UGIFT-108037,Assorted materials,PENDING CLASSIFICATION,Good working condition,No suitable comparable price
108010,UGIFT-108038,Nuha PBC trunking 100x50,PENDING CLASSIFICATION,Still unpacked,No suitable comparable price
108011,UGIFT-108039,Nuha PBC trunking 100x50,PENDING CLASSIFICATION,Still unpacked,No suitable comparable price
108012,UGIFT-108040,Nuha PBC trunking 100x50,PENDING CLASSIFICATION,Still unpacked,No suitable comparable price
108013,UGIFT-108041,Nuha PBC trunking 100x50,PENDING CLASSIFICATION,Still unpacked,No suitable comparable price
108014,UGIFT-108042,Nuha PBC trunking 100x50,PENDING CLASSIFICATION,Still unpacked,No suitable comparable price
108015,UGIFT-108043,Nuha PBC trunking 100x50,PENDING CLASSIFICATION,Still unpacked,No suitable comparable price
108016,UGIFT-108044,Nuha PBC trunking 100x50,PENDING CLASSIFICATION,Still unpacked,No suitable comparable price
108017,UGIFT-108045,Nuha PBC trunking 100x50,PENDING CLASSIFICATION,Still unpacked,No suitable comparable price
108018,UGIFT-108046,Nuha PBC trunking 100x50,PENDING CLASSIFICATION,Still unpacked,No suitable comparable price
108019,UGIFT-108047,Nuha PBC trunking 100x50,PENDING CLASSIFICATION,Still unpacked,No suitable comparable price
108020,UGIFT-108048,Nuha PBC trunking 100x50,PENDING CLASSIFICATION,Still unpacked,No suitable comparable price
108021,UGIFT-108049,Atel Flow PBC trunking F/TIKIU,PENDING CLASSIFICATION,Still packed,No suitable comparable price
108022,UGIFT-108050,Atel Flow PBC trunking F/TIKIU,PENDING CLASSIFICATION,Still packed,No suitable comparable price
108023,UGIFT-108051,Atel Flow PBC trunking F/TIKIU,PENDING CLASSIFICATION,Still packed,No suitable comparable price
108113,UGIFT-108141,Pitch with goal posts,SPORTS EQUIPMENT,"Pitch and goal posts, seen Library block sign, seen",No suitable comparable price
110502,UGIFT-110530,Network 24 port,PENDING CLASSIFICATION,,No suitable comparable price
110555,UGIFT-110583,Audio Visual Equipment,OTHER ICT EQUIPMENT,Not received,No suitable comparable price
111290,UGIFT-111318,School pitch/field,SPORTS EQUIPMENT,80 x 100 m. Grass planted. Painted stainless steel football poles were installed,No suitable comparable price
113895,UGIFT-113923,Internet WAN Link,PENDING CLASSIFICATION,ISP,No suitable comparable price
114612,UGIFT-114640,Audio Visual Equipment,OTHER ICT EQUIPMENT,They are 5 yr boxes,No suitable comparable price
114613,UGIFT-114641,Audio Visual Equipment,OTHER ICT EQUIPMENT,They are 5 yr boxes,No suitable comparable price
114614,UGIFT-114642,Audio Visual Equipment,OTHER ICT EQUIPMENT,They are 5 yr boxes,No suitable comparable price
114615,UGIFT-114643,Audio Visual Equipment,OTHER ICT EQUIPMENT,They are 5 yr boxes,No suitable comparable price
114616,UGIFT-114644,Audio Visual Equipment,OTHER ICT EQUIPMENT,They are 5 yr boxes,No suitable comparable price
114791,UGIFT-114819,Audio Visual Equipment,OTHER ICT EQUIPMENT,,No suitable comparable price
114935,UGIFT-114963,Audio Visual Equipment,OTHER ICT EQUIPMENT,,No suitable comparable price
115098,UGIFT-115126,Audio Visual Equipment,OTHER ICT EQUIPMENT,,No suitable comparable price
115099,UGIFT-115127,Audio Visual Equipment,OTHER ICT EQUIPMENT,,No suitable comparable price
115151,UGIFT-115179,"Suction Apparatus, (Electric) (02 delivered; 01 given out to Masafu)",PENDING CLASSIFICATION,Metallic base with glass,No suitable comparable price
115642,UGIFT-115670,Audio Visual Equipment,OTHER ICT EQUIPMENT,,No suitable comparable price
116312,UGIFT-116340,Sc laboratory,PENDING CLASSIFICATION,2 big rooms with store,No suitable comparable price
117903,UGIFT-117931,stone pitch,ROAD FURNITURE,On the wall - guard rail with concrete walk ways In the school compound,No suitable comparable price
118520,UGIFT-118548,Extension,PENDING CLASSIFICATION,,No suitable comparable price
119110,UGIFT-119138,Malaria Board,PENDING CLASSIFICATION,,No suitable comparable price
119237,UGIFT-119265,Dispensing Tray,PENDING CLASSIFICATION,,No suitable comparable price
119310,UGIFT-119338,Incenerator,PENDING CLASSIFICATION,,No suitable comparable price
119312,UGIFT-119340,Medical Pit,PENDING CLASSIFICATION,,No suitable comparable price
119391,UGIFT-119419,Audio Visual Equipment,OTHER ICT EQUIPMENT,,No suitable comparable price
119559,9,ICT Lab,PENDING CLASSIFICATION,,No suitable comparable price
120077,23,Regulator,PENDING CLASSIFICATION,,No suitable comparable price
120078,24,Manifold,PENDING CLASSIFICATION,,No suitable comparable price
121787,,Shower rose,PENDING CLASSIFICATION,,No suitable comparable price
121788,,Shower rose,PENDING CLASSIFICATION,,No suitable comparable price
121799,,Shower rose,PENDING CLASSIFICATION,,No suitable comparable price
121800,,Shower rose,PENDING CLASSIFICATION,,No suitable comparable price
121811,,Shower rose,PENDING CLASSIFICATION,,No suitable comparable price
121812,,Shower rose,PENDING CLASSIFICATION,,No suitable comparable price
123213,23,Regulator,PENDING CLASSIFICATION,,No suitable comparable price
123214,24,Manifold,PENDING CLASSIFICATION,,No suitable comparable price
124914,,Shower rose,PENDING CLASSIFICATION,,No suitable comparable price
124915,,Shower rose,PENDING CLASSIFICATION,,No suitable comparable price
124926,,Shower rose,PENDING CLASSIFICATION,,No suitable comparable price
124927,,Shower rose,PENDING CLASSIFICATION,,No suitable comparable price
124938,,Shower rose,PENDING CLASSIFICATION,,No suitable comparable price
124939,,Shower rose,PENDING CLASSIFICATION,,No suitable comparable price
126459,UGIFT-126487,Sound system,PENDING CLASSIFICATION,Black NEXO,No suitable comparable price
127700,UGIFT-127728,Audio Visual Equipment,OTHER ICT EQUIPMENT,,No suitable comparable price
128501,UGIFT-128529,Audio Visual Equipment,OTHER ICT EQUIPMENT,,No suitable comparable price
129163,UGIFT-129191,Reception Lounge,PENDING CLASSIFICATION,Wooden,No suitable comparable price
129298,UGIFT-129326,Audio Visual Equipment,OTHER ICT EQUIPMENT,,No suitable comparable price
129814,UGIFT-129842,Audio Visual Equipment,OTHER ICT EQUIPMENT,,No suitable comparable price
130105,UGIFT-130133,Kangaroo mother care,PENDING CLASSIFICATION,,No suitable comparable price
130295,UGIFT-130323,Office stamp,PENDING CLASSIFICATION,,No suitable comparable price
130296,UGIFT-130324,TV set,OTHER ICT EQUIPMENT,,No suitable comparable price
130343,UGIFT-130371,Bowels,PENDING CLASSIFICATION,,No suitable comparable price
130344,UGIFT-130372,Bowels,PENDING CLASSIFICATION,,No suitable comparable price
130480,UGIFT-130508,Citotest pen,PENDING CLASSIFICATION,,No suitable comparable price
130481,UGIFT-130509,Regulators,PENDING CLASSIFICATION,,No suitable comparable price
130482,UGIFT-130510,Regulators,PENDING CLASSIFICATION,,No suitable comparable price
130729,UGIFT-130757,Instrument Set,MED LAB RESEARCH APPLIANCES,,No suitable comparable price
130856,UGIFT-130884,Audio Visual Equipment,OTHER ICT EQUIPMENT,Used for health education and training,No suitable comparable price
131515,UGIFT-131543,Human Torso System,PENDING CLASSIFICATION,,No suitable comparable price
131516,UGIFT-131544,Human Torso model (1),PENDING CLASSIFICATION,Modified realia,No suitable comparable price
131517,UGIFT-131545,Human tooth,PENDING CLASSIFICATION,Learning,No suitable comparable price
131518,UGIFT-131546,Human skull on model (1),PENDING CLASSIFICATION,Learning tools,No suitable comparable price
131520,UGIFT-131548,Human Reproductive system chart male,PENDING CLASSIFICATION,,No suitable comparable price
131521,UGIFT-131549,H.R. system chart female,PENDING CLASSIFICATION,Learning chart tools,No suitable comparable price
131522,UGIFT-131550,Human Nervous System Chart,PENDING CLASSIFICATION,,No suitable comparable price
131523,UGIFT-131551,Human Eye model (1),PENDING CLASSIFICATION,,No suitable comparable price
131524,UGIFT-131552,Human Heart model (1),PENDING CLASSIFICATION,,No suitable comparable price
131525,UGIFT-131553,Human ear model (1),PENDING CLASSIFICATION,,No suitable comparable price
131526,UGIFT-131554,Human Digestive system chart,PENDING CLASSIFICATION,,No suitable comparable price
131527,UGIFT-131555,Dissection,PENDING CLASSIFICATION,,No suitable comparable price
131597,UGIFT-131625,Cylinder,PENDING CLASSIFICATION,High pressure vessel,No suitable comparable price
131663,UGIFT-131691,Audio Visual Equipment,OTHER ICT EQUIPMENT,Equipment,No suitable comparable price
131774,UGIFT-131802,Cheatle jar,PENDING CLASSIFICATION,Instrument utensil,No suitable comparable price
131775,UGIFT-131803,Cheatle jar,PENDING CLASSIFICATION,Instrument utensil,No suitable comparable price
131776,UGIFT-131804,Cheatle jar,PENDING CLASSIFICATION,Instrument utensil,No suitable comparable price
131777,UGIFT-131805,Cheatle jar,PENDING CLASSIFICATION,Instrument utensil,No suitable comparable price
131854,UGIFT-131882,Marker Tape,PENDING CLASSIFICATION,Patients' instrument equipment,No suitable comparable price
131855,UGIFT-131883,Marker Tape,PENDING CLASSIFICATION,Patients' instrument equipment,No suitable comparable price
131856,UGIFT-131884,Marker Tape,PENDING CLASSIFICATION,Patients' instrument equipment,No suitable comparable price
132148,UGIFT-132176,Audio Visual Equipment,OTHER ICT EQUIPMENT,,No suitable comparable price
132356,UGIFT-132384,Audio Visual Equipment,OTHER ICT EQUIPMENT,,No suitable comparable price
132566,UGIFT-132594,Audio Visual Equipment,OTHER ICT EQUIPMENT,,No suitable comparable price
133196,UGIFT-133224,Audio Visual Equipment,OTHER ICT EQUIPMENT,,No suitable comparable price
133758,UGIFT-133786,Audio Visual Equipment,OTHER ICT EQUIPMENT,,No suitable comparable price
133920,UGIFT-133948,Audio Visual Equipment,OTHER ICT EQUIPMENT,Used for training and health education,No suitable comparable price
134107,UGIFT-134135,Audio Visual Equipment,OTHER ICT EQUIPMENT,TV set with DVD,No suitable comparable price
134258,UGIFT-134286,Guard house,PENDING CLASSIFICATION,,No suitable comparable price
134268,UGIFT-134296,Medical equipment (1 set),PENDING CLASSIFICATION,Made with cylinders,No suitable comparable price
134345,UGIFT-134373,Weighing Scale Machines,MED LAB RESEARCH APPLIANCES,,No suitable comparable price
134346,UGIFT-134374,Weighing Scale Machines,MED LAB RESEARCH APPLIANCES,,No suitable comparable price
134353,UGIFT-134381,Mt Medic Lights,PENDING CLASSIFICATION,,No suitable comparable price
134354,UGIFT-134382,Mt Medic Lights,PENDING CLASSIFICATION,,No suitable comparable price
134357,UGIFT-134385,Arm Bags,PENDING CLASSIFICATION,,No suitable comparable price
134358,UGIFT-134386,Arm Bags,PENDING CLASSIFICATION,,No suitable comparable price
134359,UGIFT-134387,Big Bowls,PENDING CLASSIFICATION,,No suitable comparable price
134360,UGIFT-134388,Big Bowls,PENDING CLASSIFICATION,,No suitable comparable price
134361,UGIFT-134389,Screens,PENDING CLASSIFICATION,,No suitable comparable price
134362,UGIFT-134390,Screens,PENDING CLASSIFICATION,,No suitable comparable price
134363,UGIFT-134391,Screens,PENDING CLASSIFICATION,,No suitable comparable price
135078,,Audio Visual Equipment,OTHER ICT EQUIPMENT,Equipment for health education,No suitable comparable price
135229,01,Audio Visual Equipment,OTHER ICT EQUIPMENT,In the box,No suitable comparable price
135366,,Audio Visual Equipment,OTHER ICT EQUIPMENT,,No suitable comparable price
135508,0,Audio Visual Equipment,OTHER ICT EQUIPMENT,,No suitable comparable price
135846,UGIFT-135874,Cheatle jar,PENDING CLASSIFICATION,(2) metallic in nature,No suitable comparable price
135847,UGIFT-135875,Cheatle jar,PENDING CLASSIFICATION,(2) metallic in nature,No suitable comparable price
135884,UGIFT-135912,medical Jam machine (for theatre and labour room),PENDING CLASSIFICATION,(2) metallic in nature,No suitable comparable price
135952,UGIFT-135980,Audio Visual Equipment,OTHER ICT EQUIPMENT,Audio visual equipment (0) (14),No suitable comparable price
135953,UGIFT-135981,Audio Visual Equipment,OTHER ICT EQUIPMENT,Audio visual equipment (0) (14),No suitable comparable price
135954,UGIFT-135982,Audio Visual Equipment,OTHER ICT EQUIPMENT,Audio visual equipment (0) (14),No suitable comparable price
135955,UGIFT-135983,Audio Visual Equipment,OTHER ICT EQUIPMENT,Audio visual equipment (0) (14),No suitable comparable price
135956,UGIFT-135984,Audio Visual Equipment,OTHER ICT EQUIPMENT,Audio visual equipment (0) (14),No suitable comparable price
135957,UGIFT-135985,Audio Visual Equipment,OTHER ICT EQUIPMENT,Audio visual equipment (0) (14),No suitable comparable price
135958,UGIFT-135986,Audio Visual Equipment,OTHER ICT EQUIPMENT,Audio visual equipment (0) (14),No suitable comparable price
135959,UGIFT-135987,Audio Visual Equipment,OTHER ICT EQUIPMENT,Audio visual equipment (0) (14),No suitable comparable price
135960,UGIFT-135988,Audio Visual Equipment,OTHER ICT EQUIPMENT,Audio visual equipment (0) (14),No suitable comparable price
135961,UGIFT-135989,Audio Visual Equipment,OTHER ICT EQUIPMENT,Audio visual equipment (0) (14),No suitable comparable price
135962,UGIFT-135990,Audio Visual Equipment,OTHER ICT EQUIPMENT,Audio visual equipment (0) (14),No suitable comparable price
135963,UGIFT-135991,Audio Visual Equipment,OTHER ICT EQUIPMENT,Audio visual equipment (0) (14),No suitable comparable price
135964,UGIFT-135992,Audio Visual Equipment,OTHER ICT EQUIPMENT,Audio visual equipment (0) (14),No suitable comparable price
135965,UGIFT-135993,Audio Visual Equipment,OTHER ICT EQUIPMENT,Audio visual equipment (0) (14),No suitable comparable price
136103,,Wash Room,PENDING CLASSIFICATION,Finished,No suitable comparable price
136151,UGIFT-136179,Audio Visual Equipment,OTHER ICT EQUIPMENT,,No suitable comparable price
136727,01,Audio Visual Equipment,OTHER ICT EQUIPMENT,"TV set, 32 inch flat screen, wall mounted",No suitable comparable price
136919,0,Audio Visual Equipment,OTHER ICT EQUIPMENT,,No suitable comparable price
137657,,Admin,PENDING CLASSIFICATION,,No suitable comparable price
137746,01,E-projection,PENDING CLASSIFICATION,Equipment used for education,No suitable comparable price
138035,UGIFT-138063,Audio Visual Equipment,OTHER ICT EQUIPMENT,,No suitable comparable price
139041,UGIFT-139069,Audio Visual Equipment,OTHER ICT EQUIPMENT,,No suitable comparable price
146164,,Demostration garden,PENDING CLASSIFICATION,Garden to demonstrate irrigation,No suitable comparable price
146709,UGIFT-146737,CD Rom,PENDING CLASSIFICATION,,No suitable comparable price
147317,UGIFT-147345,Audio Visual Equipment,OTHER ICT EQUIPMENT,Zero (0) Received,No suitable comparable price
148725,01,Pitch,SPORTS EQUIPMENT,Football pitch,No suitable comparable price
148736,UGIFT-148764,Pairs of tongs,PENDING CLASSIFICATION,"Metal laboratory tongs (bundle) on shelf labelled 'Pair of tongs / stirring rods, droppers, cork borers'",No suitable comparable price
148758,UGIFT-148786,Biology charts,MUSICAL INSTRUMENTS,"Wall charts on rollers: 'Human Physiology - Genito-Urinary Organs (Male)' (English/Hindi, Vidya Chitr Prakashan); 'Human Physiology - Human Skeletal'",No suitable comparable price
148769,UGIFT-148797,Electric bells,PENDING CLASSIFICATION,"Electric bells, black base with chrome gong",No suitable comparable price
148810,,Audio Visual Equipment,OTHER ICT EQUIPMENT,,No suitable comparable price
149211,UGIFT-149239,Audio Visual Equipment,OTHER ICT EQUIPMENT,"Pieces Received. Electronic, plastic, assorted components",No suitable comparable price
149212,UGIFT-149240,Audio Visual Equipment,OTHER ICT EQUIPMENT,"Pieces Received. Electronic, plastic, assorted components",No suitable comparable price
152771,,Gas supply pipe,PENDING CLASSIFICATION,1 faulty(leaking) gas supply pipe,No suitable comparable price
152777,25,Keys,PENDING CLASSIFICATION,Keys each handle 5 x 5 =25keys,No suitable comparable price
152781,20,Keys,PENDING CLASSIFICATION,Keys each handle =20,No suitable comparable price
153392,UGIFT-153420,Audio Visual Equipment,OTHER ICT EQUIPMENT,"Projector model m5 light source LED lamp power ac110-240v /S/N/A03217012103280028D,LG type T.V",No suitable comparable price
153541,UGIFT-153569,Audio Visual Equipment,OTHER ICT EQUIPMENT,"1 projector, 1 t.v,1 DVD player",No suitable comparable price
153758,UGIFT-153786,was received,PENDING CLASSIFICATION,It is silver in colour which are always used with bowl stands,No suitable comparable price
153906,UGIFT-153934,Audio Visual Equipment,OTHER ICT EQUIPMENT,"1 L.G T.V was supplied black in color,1 projector and 1 DVD player all in black color",No suitable comparable price
154098,UGIFT-154126,Audio Visual Equipment,OTHER ICT EQUIPMENT,"2 T.V,1 DVD player,2 projector",No suitable comparable price
154589,UGIFT-154617,Audio Visual Equipment,OTHER ICT EQUIPMENT,"DVD PLAYER, LG type TV, projector",No suitable comparable price
154716,UGIFT-154744,Audio Visual Equipment,OTHER ICT EQUIPMENT,"1 T.V, 1 DVD,1 PROJECTOR",No suitable comparable price
154862,UGIFT-154890,Audio Visual Equipment,OTHER ICT EQUIPMENT,AUDIO VISUAL EQUIPMENTS NOT SUPPLIED,No suitable comparable price
155013,UGIFT-155041,Audio Visual Equipment,OTHER ICT EQUIPMENT,"1 projector,1 printer,1 t.v LG TYPE",No suitable comparable price
155319,UGIFT-155347,Classes,PENDING CLASSIFICATION,Classes,No suitable comparable price
155320,UGIFT-155348,Classes,PENDING CLASSIFICATION,Classes,No suitable comparable price
155321,UGIFT-155349,Classes,PENDING CLASSIFICATION,Classes,No suitable comparable price
155322,UGIFT-155350,Classes,PENDING CLASSIFICATION,Classes,No suitable comparable price
155323,UGIFT-155351,Classes,PENDING CLASSIFICATION,Classes,No suitable comparable price
155324,UGIFT-155352,Classes,PENDING CLASSIFICATION,Classes,No suitable comparable price
155325,UGIFT-155353,Bus shed,PENDING CLASSIFICATION,01 brick built,No suitable comparable price
156451,UGIFT-156479,5.Labaratory equipmenta,PENDING CLASSIFICATION,"These help to enhance science lessons e.gbeakers,testtubes,chemicals",No suitable comparable price
156486,UGIFT-156514,Play grPlay ground,SPORTS EQUIPMENT,"This is where learners go to play football,netball,volleyballamong others",No suitable comparable price
156682,UGIFT-156710,Administration,PENDING CLASSIFICATION,Offices with,No suitable comparable price
156683,UGIFT-156711,Administration,PENDING CLASSIFICATION,Offices with,No suitable comparable price
156684,UGIFT-156712,Administration,PENDING CLASSIFICATION,Offices with,No suitable comparable price
156685,UGIFT-156713,block,NON RESIDENTIAL BUILDINGS,Staff room Brown iron roofed,No suitable comparable price
156689,UGIFT-156717,Block1,PENDING CLASSIFICATION,With brown iron sheets,No suitable comparable price
157197,UGIFT-157225,Black in color,PENDING CLASSIFICATION,,No suitable comparable price
157358,UGIFT-157386,Play grPlay ground,SPORTS EQUIPMENT,"This is where learners go to play football,netball,volleyballamong others",No suitable comparable price
157695,UGIFT-157723,Audio Visual Equipment,OTHER ICT EQUIPMENT,TV and ptojector,No suitable comparable price
157764,UGIFT-157792,Audio Visual Equipment,OTHER ICT EQUIPMENT,TV and ptojector,No suitable comparable price
157833,UGIFT-157861,Audio Visual Equipment,OTHER ICT EQUIPMENT,TV and ptojector,No suitable comparable price
157901,UGIFT-157929,Audio Visual Equipment,OTHER ICT EQUIPMENT,TV and ptojector,No suitable comparable price
157971,UGIFT-157999,Audio Visual Equipment,OTHER ICT EQUIPMENT,Display equipment like TV,No suitable comparable price
158103,UGIFT-158131,Audio Visual Equipment,OTHER ICT EQUIPMENT,Display equipment like TV,No suitable comparable price
158145,UGIFT-158173,Item No.,PENDING CLASSIFICATION,,No suitable comparable price
158238,UGIFT-158266,Audio Visual Equipment,OTHER ICT EQUIPMENT,TV and ptojector,No suitable comparable price
158308,UGIFT-158336,Audio Visual Equipment,OTHER ICT EQUIPMENT,TV and ptojector,No suitable comparable price
158505,UGIFT-158533,Audio Visual Equipment,OTHER ICT EQUIPMENT,,No suitable comparable price
158506,UGIFT-158534,Audio Visual Equipment,OTHER ICT EQUIPMENT,,No suitable comparable price
158507,UGIFT-158535,Audio Visual Equipment,OTHER ICT EQUIPMENT,,No suitable comparable price
158508,UGIFT-158536,Audio Visual Equipment,OTHER ICT EQUIPMENT,,No suitable comparable price
158509,UGIFT-158537,Audio Visual Equipment,OTHER ICT EQUIPMENT,,No suitable comparable price
158510,UGIFT-158538,Audio Visual Equipment,OTHER ICT EQUIPMENT,,No suitable comparable price
158511,UGIFT-158539,Audio Visual Equipment,OTHER ICT EQUIPMENT,,No suitable comparable price
159553,UGIFT-159581,Amylase (25g),PENDING CLASSIFICATION,,No suitable comparable price
159554,UGIFT-159582,Amylase (25g),PENDING CLASSIFICATION,,No suitable comparable price
159555,UGIFT-159583,Amylase (25g),PENDING CLASSIFICATION,,No suitable comparable price
159556,UGIFT-159584,Ascorbic acid (100g),PENDING CLASSIFICATION,,No suitable comparable price
159557,UGIFT-159585,Ascorbic acid (100g),PENDING CLASSIFICATION,,No suitable comparable price
159558,UGIFT-159586,Barium Carbonate (500g),PENDING CLASSIFICATION,,No suitable comparable price
159559,UGIFT-159587,Barium chloride (500g),PENDING CLASSIFICATION,,No suitable comparable price
159560,UGIFT-159588,Barium Nitrate (500g),PENDING CLASSIFICATION,,No suitable comparable price
159561,UGIFT-159589,Barium Sulphate (500g),PENDING CLASSIFICATION,,No suitable comparable price
159562,UGIFT-159590,Benedict's solution (1l),PENDING CLASSIFICATION,,No suitable comparable price
159563,UGIFT-159591,Benedict's solution (1l),PENDING CLASSIFICATION,,No suitable comparable price
159564,UGIFT-159592,Benzaldehyde (500ml),PENDING CLASSIFICATION,,No suitable comparable price
159565,UGIFT-159593,Bicarbonate indicator (500ml),PENDING CLASSIFICATION,,No suitable comparable price
159566,UGIFT-159594,Borax (di-sodium tetraborate (III) – 10 water),PENDING CLASSIFICATION,,No suitable comparable price
159568,UGIFT-159596,Bromine water (500ml),PENDING CLASSIFICATION,,No suitable comparable price
159569,UGIFT-159597,Bromothymol blue (water-solution),PENDING CLASSIFICATION,,No suitable comparable price
159570,UGIFT-159598,Butan-1-ol,PENDING CLASSIFICATION,,No suitable comparable price
159571,UGIFT-159599,Butan-2-ol,PENDING CLASSIFICATION,,No suitable comparable price
159572,UGIFT-159600,Calcium carbonate,PENDING CLASSIFICATION,,No suitable comparable price
159573,UGIFT-159601,Calcium carbonate,PENDING CLASSIFICATION,,No suitable comparable price
159574,UGIFT-159602,Calcium hydroxide (500g),PENDING CLASSIFICATION,,No suitable comparable price
159575,UGIFT-159603,Calcium hydroxide (500g),PENDING CLASSIFICATION,,No suitable comparable price
159576,UGIFT-159604,Calcium metal,PENDING CLASSIFICATION,,No suitable comparable price
159577,UGIFT-159605,Chloroform (Trichloromethane) (1l),PENDING CLASSIFICATION,,No suitable comparable price
159578,UGIFT-159606,Chloroform (Trichloromethane) (1l),PENDING CLASSIFICATION,,No suitable comparable price
159579,UGIFT-159607,Chromium (iii) sulphate (100g),PENDING CLASSIFICATION,,No suitable comparable price
159580,UGIFT-159608,Cobalt carbonate (100g),PENDING CLASSIFICATION,,No suitable comparable price
159581,UGIFT-159609,Cobalt carbonate (100g),PENDING CLASSIFICATION,,No suitable comparable price
159582,UGIFT-159610,Cobaltous chloride,PENDING CLASSIFICATION,,No suitable comparable price
159583,UGIFT-159611,Copper (ii) carbonate (250g),PENDING CLASSIFICATION,,No suitable comparable price
159584,UGIFT-159612,Copper (ii) carbonate (250g),PENDING CLASSIFICATION,,No suitable comparable price
159585,UGIFT-159613,Copper (ii) sulphate (Anhydrous) (250g),PENDING CLASSIFICATION,,No suitable comparable price
159586,UGIFT-159614,Copper (ii) sulphate (Anhydrous) (250g),PENDING CLASSIFICATION,,No suitable comparable price
159587,UGIFT-159615,Copper (II) sulphate PENTAHYDRATE (500g),PENDING CLASSIFICATION,,No suitable comparable price
159588,UGIFT-159616,Cupric chloride (250g),PENDING CLASSIFICATION,,No suitable comparable price
159589,UGIFT-159617,Cupric chloride (250g),PENDING CLASSIFICATION,,No suitable comparable price
159590,UGIFT-159618,Diastase,PENDING CLASSIFICATION,,No suitable comparable price
159591,UGIFT-159619,Di-sodium hydrogen ortho phosphate (250g),PENDING CLASSIFICATION,,No suitable comparable price
159592,UGIFT-159620,"2, 6 Dichlorophenol -indophenol (DCP1P) (1g)",PENDING CLASSIFICATION,,No suitable comparable price
159593,UGIFT-159621,"2, 6 Dichlorophenol -indophenol (DCP1P) (1g)",PENDING CLASSIFICATION,,No suitable comparable price
159594,UGIFT-159622,Dimethylglyoxime (100g),PENDING CLASSIFICATION,,No suitable comparable price
159595,UGIFT-159623,Enzymes (Diastase),PENDING CLASSIFICATION,,No suitable comparable price
159596,UGIFT-159624,EOSIN (500ml),PENDING CLASSIFICATION,,No suitable comparable price
159597,UGIFT-159625,Ethanol (1l),PENDING CLASSIFICATION,,No suitable comparable price
159598,UGIFT-159626,Ethanol (1l),PENDING CLASSIFICATION,,No suitable comparable price
159599,UGIFT-159627,Ethanol (1l),PENDING CLASSIFICATION,,No suitable comparable price
159600,UGIFT-159628,Fehling's solutions (No.1) (500ml),PENDING CLASSIFICATION,,No suitable comparable price
159601,UGIFT-159629,Fehling's solutions (No.1) (500ml),PENDING CLASSIFICATION,,No suitable comparable price
159602,UGIFT-159630,Fehling's solutions (No.2),PENDING CLASSIFICATION,,No suitable comparable price
159603,UGIFT-159631,Fehling's solutions (No.2),PENDING CLASSIFICATION,,No suitable comparable price
159604,UGIFT-159632,Ferric sulphate (500g),PENDING CLASSIFICATION,,No suitable comparable price
159605,UGIFT-159633,Ferrous sulphate (500g),PENDING CLASSIFICATION,,No suitable comparable price
159606,UGIFT-159634,Formaldehyde (1l),PENDING CLASSIFICATION,,No suitable comparable price
159607,UGIFT-159635,Formaldehyde (1l),PENDING CLASSIFICATION,,No suitable comparable price
159608,UGIFT-159636,Formic acid (500ml),PENDING CLASSIFICATION,,No suitable comparable price
159609,UGIFT-159637,Fructose (100g),PENDING CLASSIFICATION,,No suitable comparable price
159610,UGIFT-159638,Fructose (100g),PENDING CLASSIFICATION,,No suitable comparable price
159611,UGIFT-159639,Glucose (500g),PENDING CLASSIFICATION,,No suitable comparable price
159612,UGIFT-159640,Glucose (500g),PENDING CLASSIFICATION,,No suitable comparable price
159613,UGIFT-159641,Hydrochloric acid (concentrated) 1.18 (1l),PENDING CLASSIFICATION,,No suitable comparable price
159614,UGIFT-159642,Hydrochloric acid (concentrated) 1.18 (1l),PENDING CLASSIFICATION,,No suitable comparable price
159615,UGIFT-159643,Hydrogen peroxide (100 vol) (1l),PENDING CLASSIFICATION,,No suitable comparable price
159616,UGIFT-159644,Hydrogen peroxide (100 vol),PENDING CLASSIFICATION,,No suitable comparable price
159617,UGIFT-159645,Hydrochloric acid (2.5L),PENDING CLASSIFICATION,,No suitable comparable price
159618,UGIFT-159646,Iodine crystals (100g),PENDING CLASSIFICATION,,No suitable comparable price
159619,UGIFT-159647,Iodine solution (Lugol's) (1l),PENDING CLASSIFICATION,,No suitable comparable price
159620,UGIFT-159648,Iron (III) chloride (anhydrous),PENDING CLASSIFICATION,,No suitable comparable price
159621,UGIFT-159649,Lead (ii) chloride (250g),PENDING CLASSIFICATION,,No suitable comparable price
159622,UGIFT-159650,Lead (ii) chloride (250g),PENDING CLASSIFICATION,,No suitable comparable price
159623,UGIFT-159651,Lead (II) Nitrate (250g),PENDING CLASSIFICATION,,No suitable comparable price
159624,UGIFT-159652,Lead (ii) sulphate (500g),PENDING CLASSIFICATION,,No suitable comparable price
159625,UGIFT-159653,Lead acetate (250g),PENDING CLASSIFICATION,,No suitable comparable price
159626,UGIFT-159654,Lead carbonate (500g),PENDING CLASSIFICATION,,No suitable comparable price
159627,UGIFT-159655,Lead monoxide,PENDING CLASSIFICATION,,No suitable comparable price
159628,UGIFT-159656,Lead (IV) oxide,PENDING CLASSIFICATION,,No suitable comparable price
159634,UGIFT-159662,Lime water (100ml),PENDING CLASSIFICATION,,No suitable comparable price
159635,UGIFT-159663,Lime water (100ml),PENDING CLASSIFICATION,,No suitable comparable price
159645,UGIFT-159673,Magnesium (ribbon),PENDING CLASSIFICATION,,No suitable comparable price
159646,UGIFT-159674,Magnesium carbonate,PENDING CLASSIFICATION,,No suitable comparable price
159647,UGIFT-159675,Magnesium chloride (500g),PENDING CLASSIFICATION,,No suitable comparable price
159648,UGIFT-159676,Magnesium sulphate (500g),PENDING CLASSIFICATION,,No suitable comparable price
159649,UGIFT-159677,Manganese chloride (500g),PENDING CLASSIFICATION,,No suitable comparable price
159650,UGIFT-159678,Manganese nitrate,PENDING CLASSIFICATION,,No suitable comparable price
159651,UGIFT-159679,Manganese nitrate,PENDING CLASSIFICATION,,No suitable comparable price
159652,UGIFT-159680,Manganese (iv) oxide (250g),PENDING CLASSIFICATION,,No suitable comparable price
159653,UGIFT-159681,Manganese (iv) oxide (250g),PENDING CLASSIFICATION,,No suitable comparable price
159654,UGIFT-159682,Marble chips (500g),PENDING CLASSIFICATION,,No suitable comparable price
159655,UGIFT-159683,Marble chips (500g),PENDING CLASSIFICATION,,No suitable comparable price
159656,UGIFT-159684,Methanol (1l),PENDING CLASSIFICATION,,No suitable comparable price
159657,UGIFT-159685,Methyl orange indicator (25g),PENDING CLASSIFICATION,,No suitable comparable price
159658,UGIFT-159686,Methyl orange indicator (25g),PENDING CLASSIFICATION,,No suitable comparable price
159660,UGIFT-159688,Nickel (ii) carbonate (100g),PENDING CLASSIFICATION,,No suitable comparable price
159661,UGIFT-159689,Nickel (ii) chloride (100g),PENDING CLASSIFICATION,,No suitable comparable price
159662,UGIFT-159690,Nickel (ii) nitrate,PENDING CLASSIFICATION,,No suitable comparable price
159663,UGIFT-159691,Nickel (ii) sulphate (100g),PENDING CLASSIFICATION,,No suitable comparable price
159664,UGIFT-159692,Nitric acid (concentrated) 50 %,PENDING CLASSIFICATION,,No suitable comparable price
159665,UGIFT-159693,Nitric acid (concentrated),PENDING CLASSIFICATION,,No suitable comparable price
159666,UGIFT-159694,Oxalic acid (500g),PENDING CLASSIFICATION,,No suitable comparable price
159667,UGIFT-159695,Oxalic acid (500g),PENDING CLASSIFICATION,,No suitable comparable price
159668,UGIFT-159696,Oxalic acid (500g),PENDING CLASSIFICATION,,No suitable comparable price
159669,UGIFT-159697,Pepsin (10g),PENDING CLASSIFICATION,,No suitable comparable price
159670,UGIFT-159698,Phenol crystals,PENDING CLASSIFICATION,,No suitable comparable price
159671,UGIFT-159699,Phenol crystals,PENDING CLASSIFICATION,,No suitable comparable price
159672,UGIFT-159700,Phenolphthalein indicator solid (25g),PENDING CLASSIFICATION,,No suitable comparable price
159673,UGIFT-159701,Phenolphthalein indicator solid (25g),PENDING CLASSIFICATION,,No suitable comparable price
159674,UGIFT-159702,Phenolphthalein indicator solid (25g),PENDING CLASSIFICATION,,No suitable comparable price
159675,UGIFT-159703,Phenolphthalein indicator solid (25g),PENDING CLASSIFICATION,,No suitable comparable price
159676,UGIFT-159704,Plasticine bars (500g),PENDING CLASSIFICATION,,No suitable comparable price
159677,UGIFT-159705,Potassium bromide (500g),PENDING CLASSIFICATION,,No suitable comparable price
159678,UGIFT-159706,Potassium chlorate (100g),PENDING CLASSIFICATION,,No suitable comparable price
159679,UGIFT-159707,Potassium chromate (500g),PENDING CLASSIFICATION,,No suitable comparable price
159680,UGIFT-159708,Potassium dichromate (500g),PENDING CLASSIFICATION,,No suitable comparable price
159681,UGIFT-159709,Potassium dichromate,PENDING CLASSIFICATION,,No suitable comparable price
159682,UGIFT-159710,Potassium ferricyanide,PENDING CLASSIFICATION,,No suitable comparable price
159683,UGIFT-159711,Potassium ferrous cyanide,PENDING CLASSIFICATION,,No suitable comparable price
159684,UGIFT-159712,Potassium iodate (100g),PENDING CLASSIFICATION,,No suitable comparable price
159685,UGIFT-159713,Potassium iodate (100g),PENDING CLASSIFICATION,,No suitable comparable price
159686,UGIFT-159714,Potassium iodide (100g),PENDING CLASSIFICATION,,No suitable comparable price
159687,UGIFT-159715,Potassium nitrate,PENDING CLASSIFICATION,,No suitable comparable price
159688,UGIFT-159716,Potassium permanganate (500g),PENDING CLASSIFICATION,,No suitable comparable price
159689,UGIFT-159717,Potassium thiocyanate (500g),PENDING CLASSIFICATION,,No suitable comparable price
159690,UGIFT-159718,Propan-2-ol (Iso-propyl alcohol) (500ml),PENDING CLASSIFICATION,,No suitable comparable price
159691,UGIFT-159719,Propan-1-ol,PENDING CLASSIFICATION,,No suitable comparable price
159692,UGIFT-159720,Silver nitrate (School grade) (10g),PENDING CLASSIFICATION,,No suitable comparable price
159693,UGIFT-159721,Silver nitrate (School grade) (10g),PENDING CLASSIFICATION,,No suitable comparable price
159694,UGIFT-159722,Sodium acetate (ethanoate),PENDING CLASSIFICATION,,No suitable comparable price
159695,UGIFT-159723,Sodium benzoate,PENDING CLASSIFICATION,,No suitable comparable price
159696,UGIFT-159724,Sodium bicarbonate (sodium hydrogen carbonate),PENDING CLASSIFICATION,,No suitable comparable price
159697,UGIFT-159725,Sodium bicarbonate (sodium hydrogen carbonate),PENDING CLASSIFICATION,,No suitable comparable price
159698,UGIFT-159726,Sodium bismuthate (25g),PENDING CLASSIFICATION,,No suitable comparable price
159699,UGIFT-159727,Sodium carbonate (anhydrous) (500g),PENDING CLASSIFICATION,,No suitable comparable price
159700,UGIFT-159728,Sodium carbonate (anhydrous) (500g),PENDING CLASSIFICATION,,No suitable comparable price
159701,UGIFT-159729,Sodium carbonate (decahydrate) (500g),PENDING CLASSIFICATION,,No suitable comparable price
159702,UGIFT-159730,Sodium hydroxide pellets (500g),PENDING CLASSIFICATION,,No suitable comparable price
159703,UGIFT-159731,Sodium hydroxide pellets (500g),PENDING CLASSIFICATION,,No suitable comparable price
159704,UGIFT-159732,Sodium hydroxide pellets (500g),PENDING CLASSIFICATION,,No suitable comparable price
159705,UGIFT-159733,Sodium hydroxide pellets (500g),PENDING CLASSIFICATION,,No suitable comparable price
159706,UGIFT-159734,Sodium metabisulpite,PENDING CLASSIFICATION,,No suitable comparable price
159707,UGIFT-159735,Sodium sulphite (hydrated),PENDING CLASSIFICATION,,No suitable comparable price
159708,UGIFT-159736,Sodium thiosulphate (500g),PENDING CLASSIFICATION,,No suitable comparable price
159709,UGIFT-159737,Stains (Methylene blue (25g),PENDING CLASSIFICATION,,No suitable comparable price
159710,UGIFT-159738,Starch (soluble) (500g),PENDING CLASSIFICATION,,No suitable comparable price
159711,UGIFT-159739,Starch (soluble) (500g),PENDING CLASSIFICATION,,No suitable comparable price
159712,UGIFT-159740,Sucrose (500g),PENDING CLASSIFICATION,,No suitable comparable price
159713,UGIFT-159741,Sucrose (500g),PENDING CLASSIFICATION,,No suitable comparable price
159714,UGIFT-159742,Sudan (iii) solution (25g),PENDING CLASSIFICATION,,No suitable comparable price
159715,UGIFT-159743,Sulphuric acid (concentrated) (1l),PENDING CLASSIFICATION,,No suitable comparable price
159716,UGIFT-159744,Sulphuric acid (concentrated) (1l),PENDING CLASSIFICATION,,No suitable comparable price
159717,UGIFT-159745,Sulphur powder (500g),PENDING CLASSIFICATION,,No suitable comparable price
159718,UGIFT-159746,Sulphur powder (500g),PENDING CLASSIFICATION,,No suitable comparable price
159719,UGIFT-159747,Trypsin (10g),PENDING CLASSIFICATION,,No suitable comparable price
159720,UGIFT-159748,Trypsin (10g),PENDING CLASSIFICATION,,No suitable comparable price
159721,UGIFT-159749,Universal indicator (solution pH 1.0 –14.0),PENDING CLASSIFICATION,,No suitable comparable price
159722,UGIFT-159750,Universal indicator (solution pH 4.0 –11.0),PENDING CLASSIFICATION,,No suitable comparable price
159723,UGIFT-159751,Universal indicator pH chart 1.0 – 14.0,PENDING CLASSIFICATION,,No suitable comparable price
159724,UGIFT-159752,Urea (500g),PENDING CLASSIFICATION,,No suitable comparable price
159725,UGIFT-159753,Yeast (250g),PENDING CLASSIFICATION,,No suitable comparable price
159726,UGIFT-159754,Zinc (granules) (100g),PENDING CLASSIFICATION,,No suitable comparable price
159727,UGIFT-159755,Zinc powder (zinc dust),PENDING CLASSIFICATION,,No suitable comparable price
159728,UGIFT-159756,Zinc carbonate (250g),PENDING CLASSIFICATION,,No suitable comparable price
159729,UGIFT-159757,Zinc carbonate (250g),PENDING CLASSIFICATION,,No suitable comparable price
159730,UGIFT-159758,Zinc sulphate (500g),PENDING CLASSIFICATION,,No suitable comparable price
159731,UGIFT-159759,Charts digestive system,PENDING CLASSIFICATION,,No suitable comparable price
159732,UGIFT-159760,Charts human ear,PENDING CLASSIFICATION,,No suitable comparable price
159733,UGIFT-159761,Charts human nervous system,PENDING CLASSIFICATION,,No suitable comparable price
159734,UGIFT-159762,Charts human teeth,PENDING CLASSIFICATION,,No suitable comparable price
159735,UGIFT-159763,Charts reproductive female,PENDING CLASSIFICATION,,No suitable comparable price
159736,UGIFT-159764,Charts reproductive male,PENDING CLASSIFICATION,,No suitable comparable price
159737,UGIFT-159765,Charts skeleton,PENDING CLASSIFICATION,,No suitable comparable price
159740,UGIFT-159768,Model human Ear,PENDING CLASSIFICATION,,No suitable comparable price
159741,UGIFT-159769,Model human Eye,PENDING CLASSIFICATION,,No suitable comparable price
159742,UGIFT-159770,Model human Nervous system,PENDING CLASSIFICATION,,No suitable comparable price
159743,UGIFT-159771,Model human Teeth,PENDING CLASSIFICATION,,No suitable comparable price
159746,UGIFT-159774,Model Skeleton Full Size with Stand,PENDING CLASSIFICATION,,No suitable comparable price
159918,UGIFT-159946,LED movable theatre Light with back up battery,PENDING CLASSIFICATION,,No suitable comparable price
161178,UGIFT-161206,Acetaldehyde,PENDING CLASSIFICATION,,No suitable comparable price
161179,UGIFT-161207,Acetic acid,PENDING CLASSIFICATION,,No suitable comparable price
161180,UGIFT-161208,Abumen egg powder,PENDING CLASSIFICATION,,No suitable comparable price
161181,UGIFT-161209,Acetone(propanone),PENDING CLASSIFICATION,,No suitable comparable price
161182,UGIFT-161210,Aluminium Chloride,PENDING CLASSIFICATION,,No suitable comparable price
161183,UGIFT-161211,Aluminium Oxide,PENDING CLASSIFICATION,,No suitable comparable price
161184,UGIFT-161212,Aluminium nitrate,PENDING CLASSIFICATION,,No suitable comparable price
161185,UGIFT-161213,Aluminium sulphate,PENDING CLASSIFICATION,,No suitable comparable price
161186,UGIFT-161214,Ammonia solution-02,PENDING CLASSIFICATION,,No suitable comparable price
161187,UGIFT-161215,Ammonia Carbonate,PENDING CLASSIFICATION,,No suitable comparable price
161188,UGIFT-161216,Ammonia chloride,PENDING CLASSIFICATION,,No suitable comparable price
161189,UGIFT-161217,Ammonia ferric sulphate,PENDING CLASSIFICATION,,No suitable comparable price
161190,UGIFT-161218,Ammonia Nitrate,PENDING CLASSIFICATION,,No suitable comparable price
161191,UGIFT-161219,Ammonia oxalate,PENDING CLASSIFICATION,,No suitable comparable price
161192,UGIFT-161220,Ammonia sulphate,PENDING CLASSIFICATION,,No suitable comparable price
161193,UGIFT-161221,Ammonia thiocynate,PENDING CLASSIFICATION,,No suitable comparable price
161194,UGIFT-161222,Amalyse -03,PENDING CLASSIFICATION,,No suitable comparable price
161195,UGIFT-161223,Ascorbic acid-02,PENDING CLASSIFICATION,,No suitable comparable price
161196,UGIFT-161224,Barium Carbonate,PENDING CLASSIFICATION,,No suitable comparable price
161197,UGIFT-161225,Barium Chloride,PENDING CLASSIFICATION,,No suitable comparable price
161198,UGIFT-161226,Barium Nitrate,PENDING CLASSIFICATION,,No suitable comparable price
161199,UGIFT-161227,Barium Sulphate,PENDING CLASSIFICATION,,No suitable comparable price
161200,UGIFT-161228,Benedict's Solution-02,PENDING CLASSIFICATION,,No suitable comparable price
161201,UGIFT-161229,Benzaldehyde,PENDING CLASSIFICATION,,No suitable comparable price
161202,UGIFT-161230,Bicarbonate Indicator,PENDING CLASSIFICATION,,No suitable comparable price
161203,UGIFT-161231,Borax,PENDING CLASSIFICATION,,No suitable comparable price
161205,UGIFT-161233,Bromine Water,PENDING CLASSIFICATION,,No suitable comparable price
161206,UGIFT-161234,Bomothymol blu,PENDING CLASSIFICATION,,No suitable comparable price
161207,UGIFT-161235,Butan -1,PENDING CLASSIFICATION,,No suitable comparable price
161208,UGIFT-161236,Butan,PENDING CLASSIFICATION,,No suitable comparable price
161209,UGIFT-161237,Butan,PENDING CLASSIFICATION,,No suitable comparable price
161210,UGIFT-161238,Calcium Carbonate-02,PENDING CLASSIFICATION,,No suitable comparable price
161211,UGIFT-161239,Calcium hydroxide-02,PENDING CLASSIFICATION,,No suitable comparable price
161212,UGIFT-161240,Calcium metal,PENDING CLASSIFICATION,,No suitable comparable price
161213,UGIFT-161241,Chloroform (Trichloromethane),PENDING CLASSIFICATION,,No suitable comparable price
161214,UGIFT-161242,Chromium (iii) Sulphate,PENDING CLASSIFICATION,,No suitable comparable price
161215,UGIFT-161243,Cobalt Carbonate-02,PENDING CLASSIFICATION,,No suitable comparable price
161216,UGIFT-161244,Cobaltous Chloride,PENDING CLASSIFICATION,,No suitable comparable price
161217,UGIFT-161245,Copper (ii) Carbonate-02,PENDING CLASSIFICATION,,No suitable comparable price
161218,UGIFT-161246,Copper (ii) Sulphate (Anhydrous),PENDING CLASSIFICATION,,No suitable comparable price
161219,UGIFT-161247,Copper (II)Sulphate PENTAHYDRATE],PENDING CLASSIFICATION,,No suitable comparable price
161220,UGIFT-161248,Cupric Chloride-02,PENDING CLASSIFICATION,,No suitable comparable price
161221,UGIFT-161249,Diastase,PENDING CLASSIFICATION,,No suitable comparable price
161222,UGIFT-161250,Di-Sodium hydrogen ortho phosphate,PENDING CLASSIFICATION,,No suitable comparable price
161223,UGIFT-161251,"2,6 Dichlorophenol -indophenol-02",PENDING CLASSIFICATION,,No suitable comparable price
161224,UGIFT-161252,Dimethylglyoxime,PENDING CLASSIFICATION,,No suitable comparable price
161225,UGIFT-161253,Enzymes (diastase),PENDING CLASSIFICATION,,No suitable comparable price
161226,UGIFT-161254,Eosin,PENDING CLASSIFICATION,,No suitable comparable price
161227,UGIFT-161255,Ethanol-03,PENDING CLASSIFICATION,,No suitable comparable price
161228,UGIFT-161256,Fehling's solutions (No.1)-02,PENDING CLASSIFICATION,,No suitable comparable price
161229,UGIFT-161257,Fehling's solutions (No.2)-02,PENDING CLASSIFICATION,,No suitable comparable price
161230,UGIFT-161258,Ferric Sulphate,PENDING CLASSIFICATION,,No suitable comparable price
161231,UGIFT-161259,Ferrous Sulphate,PENDING CLASSIFICATION,,No suitable comparable price
161232,UGIFT-161260,Formaldehyde-02,PENDING CLASSIFICATION,,No suitable comparable price
161233,UGIFT-161261,Formic acid,PENDING CLASSIFICATION,,No suitable comparable price
161234,UGIFT-161262,Fructose-02,PENDING CLASSIFICATION,,No suitable comparable price
161235,UGIFT-161263,Glucose-02,PENDING CLASSIFICATION,,No suitable comparable price
161236,UGIFT-161264,Hydrochloric acid-02,PENDING CLASSIFICATION,,No suitable comparable price
161237,UGIFT-161265,Hydrogen peroxide (100 vol),PENDING CLASSIFICATION,,No suitable comparable price
161238,UGIFT-161266,Hydrogen peroxide (100 vol),PENDING CLASSIFICATION,,No suitable comparable price
161239,UGIFT-161267,Hydrochloric acid (2.5 L),PENDING CLASSIFICATION,,No suitable comparable price
161240,UGIFT-161268,Iodine crystals,PENDING CLASSIFICATION,,No suitable comparable price
161241,UGIFT-161269,Iodine Solution (Lugol's),PENDING CLASSIFICATION,,No suitable comparable price
161242,UGIFT-161270,Iron (III)Chloride (anhydrous),PENDING CLASSIFICATION,,No suitable comparable price
161243,UGIFT-161271,Lead (ii)chloride -02,PENDING CLASSIFICATION,,No suitable comparable price
161244,UGIFT-161272,Lead (ii)Nitrate,PENDING CLASSIFICATION,,No suitable comparable price
161245,UGIFT-161273,Lead (ii) Sulphate,PENDING CLASSIFICATION,,No suitable comparable price
161246,UGIFT-161274,Lead acetate,PENDING CLASSIFICATION,,No suitable comparable price
161247,UGIFT-161275,Lead carbonate,PENDING CLASSIFICATION,,No suitable comparable price
161248,UGIFT-161276,Lead monoxide,PENDING CLASSIFICATION,,No suitable comparable price
161249,UGIFT-161277,Lead (IV) oxide,PENDING CLASSIFICATION,,No suitable comparable price
161250,UGIFT-161278,LEISHMANS-05,PENDING CLASSIFICATION,,No suitable comparable price
161251,UGIFT-161279,Lime water-02,PENDING CLASSIFICATION,,No suitable comparable price
161257,UGIFT-161285,Magnesium (ribbon),PENDING CLASSIFICATION,,No suitable comparable price
161258,UGIFT-161286,Magnesium carbonate,PENDING CLASSIFICATION,,No suitable comparable price
161259,UGIFT-161287,Magnesium chloride,PENDING CLASSIFICATION,,No suitable comparable price
161260,UGIFT-161288,Magnesium Sulphate,PENDING CLASSIFICATION,,No suitable comparable price
161261,UGIFT-161289,Manganese chloride,PENDING CLASSIFICATION,,No suitable comparable price
161262,UGIFT-161290,Manganese nitrate-02,PENDING CLASSIFICATION,,No suitable comparable price
161263,UGIFT-161291,Manganese (iv)oxide-02,PENDING CLASSIFICATION,,No suitable comparable price
161264,UGIFT-161292,Marble chips-02,PENDING CLASSIFICATION,,No suitable comparable price
161265,UGIFT-161293,Methanol,PENDING CLASSIFICATION,,No suitable comparable price
161266,UGIFT-161294,Methyl orange indicator-02,PENDING CLASSIFICATION,,No suitable comparable price
161268,UGIFT-161296,Nickel (ii) carbonate,PENDING CLASSIFICATION,,No suitable comparable price
161269,UGIFT-161297,Nickel (ii) chloride,PENDING CLASSIFICATION,,No suitable comparable price
161270,UGIFT-161298,Nickel (ii) nitrate,PENDING CLASSIFICATION,,No suitable comparable price
161271,UGIFT-161299,Nickel (ii) sulphate,PENDING CLASSIFICATION,,No suitable comparable price
161272,UGIFT-161300,Nitric acid (concentrated),PENDING CLASSIFICATION,,No suitable comparable price
161273,UGIFT-161301,Nitric acid (concentrated),PENDING CLASSIFICATION,,No suitable comparable price
161274,UGIFT-161302,Oxalic acid-03,PENDING CLASSIFICATION,,No suitable comparable price
161275,UGIFT-161303,Pepsin,PENDING CLASSIFICATION,,No suitable comparable price
161276,UGIFT-161304,Phenol crystals-02,PENDING CLASSIFICATION,,No suitable comparable price
161277,UGIFT-161305,Phenolphthalein indicator solid-04,PENDING CLASSIFICATION,,No suitable comparable price
161278,UGIFT-161306,Plasticine bars,PENDING CLASSIFICATION,,No suitable comparable price
161279,UGIFT-161307,Potassium bromide,PENDING CLASSIFICATION,,No suitable comparable price
161280,UGIFT-161308,Potassium chlorate,PENDING CLASSIFICATION,,No suitable comparable price
161281,UGIFT-161309,Potassium chromate,PENDING CLASSIFICATION,,No suitable comparable price
161282,UGIFT-161310,Potassium dichromate,PENDING CLASSIFICATION,,No suitable comparable price
161283,UGIFT-161311,Potassium dichromate,PENDING CLASSIFICATION,,No suitable comparable price
161284,UGIFT-161312,Potassium ferricyanide,PENDING CLASSIFICATION,,No suitable comparable price
161285,UGIFT-161313,Potassium ferrous cyanide],PENDING CLASSIFICATION,,No suitable comparable price
161286,UGIFT-161314,Potassium iodate-02,PENDING CLASSIFICATION,,No suitable comparable price
161287,UGIFT-161315,Potassium iodite,PENDING CLASSIFICATION,,No suitable comparable price
161288,UGIFT-161316,Potassium nitrate,PENDING CLASSIFICATION,,No suitable comparable price
161289,UGIFT-161317,Potassium permanganate,PENDING CLASSIFICATION,,No suitable comparable price
161290,UGIFT-161318,Potassium thiocynate,PENDING CLASSIFICATION,,No suitable comparable price
161291,UGIFT-161319,Propan -2-01 (Iso-propyl alcohol),PENDING CLASSIFICATION,,No suitable comparable price
161292,UGIFT-161320,Propan -1-01,PENDING CLASSIFICATION,,No suitable comparable price
161293,UGIFT-161321,Silver nitrate (school grade)-02,PENDING CLASSIFICATION,,No suitable comparable price
161294,UGIFT-161322,Sodium acetate (ethanoate),PENDING CLASSIFICATION,,No suitable comparable price
161295,UGIFT-161323,Sodium benzoate,PENDING CLASSIFICATION,,No suitable comparable price
161296,UGIFT-161324,Sodium bicarbonate (sodium hydrogen carbonate)-02,PENDING CLASSIFICATION,,No suitable comparable price
161297,UGIFT-161325,Sodium bismuthate,PENDING CLASSIFICATION,,No suitable comparable price
161298,UGIFT-161326,Sodium carbonate (anhydrous)-02,PENDING CLASSIFICATION,,No suitable comparable price
161299,UGIFT-161327,Sodium carbonate (decahydrate),PENDING CLASSIFICATION,,No suitable comparable price
161300,UGIFT-161328,Sodium hydroxide pellets (500g)-04,PENDING CLASSIFICATION,,No suitable comparable price
161301,UGIFT-161329,Sodium metabisulpite,PENDING CLASSIFICATION,,No suitable comparable price
161302,UGIFT-161330,Sodium sulphite (hydrated),PENDING CLASSIFICATION,,No suitable comparable price
161303,UGIFT-161331,Sodium thiosulphate,PENDING CLASSIFICATION,,No suitable comparable price
161304,UGIFT-161332,Stains (Methylene blue),PENDING CLASSIFICATION,,No suitable comparable price
161305,UGIFT-161333,Starch(soluble)(500g)-02,PENDING CLASSIFICATION,,No suitable comparable price
161306,UGIFT-161334,Sucrose,PENDING CLASSIFICATION,,No suitable comparable price
161307,UGIFT-161335,Sudan (iii) solution,PENDING CLASSIFICATION,,No suitable comparable price
161308,UGIFT-161336,Sulphuric acid (concentrated)-02,PENDING CLASSIFICATION,,No suitable comparable price
161309,UGIFT-161337,Sulphur powder-02,PENDING CLASSIFICATION,,No suitable comparable price
161310,UGIFT-161338,Trypsin-02,PENDING CLASSIFICATION,,No suitable comparable price
161311,UGIFT-161339,Universal indicator (solution Ph1.0-14.0),PENDING CLASSIFICATION,,No suitable comparable price
161312,UGIFT-161340,Universal indicator (solution Ph4.0-11.0),PENDING CLASSIFICATION,,No suitable comparable price
161313,UGIFT-161341,Urea,PENDING CLASSIFICATION,,No suitable comparable price
161314,UGIFT-161342,Yeast,PENDING CLASSIFICATION,,No suitable comparable price
161315,UGIFT-161343,Zinc,PENDING CLASSIFICATION,,No suitable comparable price
161316,UGIFT-161344,Zinc powder (zinc dust),PENDING CLASSIFICATION,,No suitable comparable price
161317,UGIFT-161345,Zinc carbonate-02,PENDING CLASSIFICATION,,No suitable comparable price
161318,UGIFT-161346,Zinc Sulphate,PENDING CLASSIFICATION,,No suitable comparable price
161319,UGIFT-161347,Charts digestive system,PENDING CLASSIFICATION,,No suitable comparable price
161320,UGIFT-161348,Charts human ear,PENDING CLASSIFICATION,,No suitable comparable price
161321,UGIFT-161349,Charts human nervous system,PENDING CLASSIFICATION,,No suitable comparable price
161322,UGIFT-161350,Charts human teeth,PENDING CLASSIFICATION,,No suitable comparable price
161323,UGIFT-161351,Charts reproductive female,PENDING CLASSIFICATION,,No suitable comparable price
161324,UGIFT-161352,Charts reproductive male,PENDING CLASSIFICATION,,No suitable comparable price
161325,UGIFT-161353,Charts skeleton,PENDING CLASSIFICATION,,No suitable comparable price
161328,UGIFT-161356,Model human ear,PENDING CLASSIFICATION,,No suitable comparable price
161329,UGIFT-161357,Model human eye,PENDING CLASSIFICATION,,No suitable comparable price
161330,UGIFT-161358,Model human Nervous System,PENDING CLASSIFICATION,,No suitable comparable price
161331,UGIFT-161359,Model human teeth,PENDING CLASSIFICATION,,No suitable comparable price
161334,UGIFT-161362,Model Skeleton Full size with stand,PENDING CLASSIFICATION,,No suitable comparable price
161425,UGIFT-161453,spatuklas (75MM) S.S-05,PENDING CLASSIFICATION,,No suitable comparable price
161430,UGIFT-161458,Swithes (plug Keys ) two way-05,PENDING CLASSIFICATION,,No suitable comparable price
161497,UGIFT-161525,Audio Visual Equipment,OTHER ICT EQUIPMENT,,No suitable comparable price
162078,UGIFT-162106,Model Human Brain,PENDING CLASSIFICATION,Model Human Brain,No suitable comparable price
162079,UGIFT-162107,Model Human Digestive System,PENDING CLASSIFICATION,Model Human Digestive System,No suitable comparable price
162082,UGIFT-162110,Model Human Nervous System,PENDING CLASSIFICATION,Model Human Nervous System,No suitable comparable price
162083,UGIFT-162111,Model Human Teeth,PENDING CLASSIFICATION,Model Human Teeth,No suitable comparable price
162085,UGIFT-162113,Model Skeleton Full Size,PENDING CLASSIFICATION,Model Skeleton Full Size with Stand,No suitable comparable price
162087,UGIFT-162115,Anatomical Wall Charts,PENDING CLASSIFICATION,"Charts (Digestive, Ear, Nervous, Teeth, Reproductive, Skeleton)",No suitable comparable price
162939,UGIFT-162967,Audio Visual Equipment,OTHER ICT EQUIPMENT,,No suitable comparable price
163033,UGIFT-163061,Most equipment and furniture were not yet delivered due to the on -going constructions,PENDING CLASSIFICATION,,No suitable comparable price
163779,UGIFT-163807,Audio Visual Equipment,OTHER ICT EQUIPMENT,,No suitable comparable price
165768,UGIFT-165796,Audio Visual Equipment,OTHER ICT EQUIPMENT,,No suitable comparable price
165839,UGIFT-165867,Audio Visual Equipment,OTHER ICT EQUIPMENT,,No suitable comparable price
165858,UGIFT-165886,Buildings,NON RESIDENTIAL BUILDINGS,,No suitable comparable price
165894,UGIFT-165922,Audio Visual Equipment,OTHER ICT EQUIPMENT,,No suitable comparable price
165990,UGIFT-166018,Audio Visual Equipment,OTHER ICT EQUIPMENT,,No suitable comparable price
168358,UGIFT-168386,Audio Visual Equipment,OTHER ICT EQUIPMENT,,No suitable comparable price
168359,UGIFT-168387,Audio Visual Equipment,OTHER ICT EQUIPMENT,,No suitable comparable price
168476,UGIFT-168504,Buildings,NON RESIDENTIAL BUILDINGS,,No suitable comparable price
170831,UGIFT-170859,Bowl/kick stand small,PENDING CLASSIFICATION,Plastic and steel,No suitable comparable price
171093,UGIFT-171121,Audio Visual Equipment,OTHER ICT EQUIPMENT,,No suitable comparable price
171242,UGIFT-171270,Audio Visual Equipment,OTHER ICT EQUIPMENT,,No suitable comparable price
171262,UGIFT-171290,Oxygen therapy machine,MED LAB RESEARCH APPLIANCES,,No suitable comparable price
171296,UGIFT-171324,Mixer,PENDING CLASSIFICATION,,No suitable comparable price
171299,UGIFT-171327,Crossover,PENDING CLASSIFICATION,,No suitable comparable price
171300,UGIFT-171328,Rock,PENDING CLASSIFICATION,,No suitable comparable price
171301,UGIFT-171329,Bass,PENDING CLASSIFICATION,,No suitable comparable price
171303,UGIFT-171331,JBL tops,PENDING CLASSIFICATION,,No suitable comparable price
171373,UGIFT-171401,Lab equipment,PENDING CLASSIFICATION,Assorted,No suitable comparable price
171384,UGIFT-171412,Football pitch,SPORTS EQUIPMENT,It has goal posts provided under UgIFT project,No suitable comparable price
171411,UGIFT-171439,Audio Visual Equipment,OTHER ICT EQUIPMENT,,No suitable comparable price
171465,UGIFT-171493,Nasal Canulas,PENDING CLASSIFICATION,,No suitable comparable price
171483,UGIFT-171511,Audio Visual Equipment,OTHER ICT EQUIPMENT,,No suitable comparable price
171526,UGIFT-171554,Wall mounted,PENDING CLASSIFICATION,,No suitable comparable price
171533,UGIFT-171561,Steel lockable,PENDING CLASSIFICATION,,No suitable comparable price
171534,UGIFT-171562,Glass ware instrument,PENDING CLASSIFICATION,,No suitable comparable price
171764,UGIFT-171792,Audio Visual Equipment,OTHER ICT EQUIPMENT,,No suitable comparable price
171825,UGIFT-171853,Audio Visual Equipment,OTHER ICT EQUIPMENT,,No suitable comparable price
171840,UGIFT-171868,Hand held,PENDING CLASSIFICATION,,No suitable comparable price
171847,UGIFT-171875,45L,PENDING CLASSIFICATION,,No suitable comparable price
171967,UGIFT-171995,Power installation,PENDING CLASSIFICATION,,No suitable comparable price
172613,UGIFT-172641,Shot Put,SPORTS EQUIPMENT,1 unit,No suitable comparable price
172614,UGIFT-172642,Javelin,SPORTS EQUIPMENT,1 unit,No suitable comparable price
172615,UGIFT-172643,Discus,SPORTS EQUIPMENT,1 unit,No suitable comparable price
172616,UGIFT-172644,Volleyball Net,SPORTS EQUIPMENT,1 unit,No suitable comparable price
172617,UGIFT-172645,Volleyball,SPORTS EQUIPMENT,1 unit,No suitable comparable price
172618,UGIFT-172646,Netball,SPORTS EQUIPMENT,1 unit,No suitable comparable price
172619,UGIFT-172647,Jerseys,PENDING CLASSIFICATION,1 unit,No suitable comparable price
172620,UGIFT-172648,Bibs,PENDING CLASSIFICATION,1 unit,No suitable comparable price
173021,UGIFT-173049,Automatic Voltage Protector,PENDING CLASSIFICATION,1 unit; KtVP30,No suitable comparable price
173024,UGIFT-173052,Charge Controller,PENDING CLASSIFICATION,1 unit,No suitable comparable price
173026,UGIFT-173054,Laser,PENDING CLASSIFICATION,1 unit,No suitable comparable price
174864,UGIFT-174892,Shortfalls noted at verification,PENDING CLASSIFICATION,Short delivery,No suitable comparable price
174865,UGIFT-174893,Shortfalls noted at verification,PENDING CLASSIFICATION,Short delivery,No suitable comparable price
174984,UGIFT-175012,APC,PENDING CLASSIFICATION,1 unit counted,No suitable comparable price
177121,UGIFT-177149,Goal posts,SPORTS EQUIPMENT,Units held BETWEEN CLASSROOMS,No suitable comparable price
177122,UGIFT-177150,Goal posts,SPORTS EQUIPMENT,Units held BETWEEN CLASSROOMS,No suitable comparable price
177190,UGIFT-177218,Land,LAND,"Plot 23, Katikamu Sub County; Title Deed Buk.45950; Mailo Land; acquired 14/10/2019",No suitable comparable price
177212,UGIFT-177240,Agriculture Laboratory,PENDING CLASSIFICATION,One unit,No suitable comparable price
177240,UGIFT-177268,Store (Storage facilities),PENDING CLASSIFICATION,One unit,No suitable comparable price
177241,UGIFT-177269,Site Office,PENDING CLASSIFICATION,One unit,No suitable comparable price
178115,UGIFT-178143,Power Regulator (Power Voltage Switcher),PENDING CLASSIFICATION,1 unit; AVS30; S/N 2000013303113,No suitable comparable price
178121,UGIFT-178149,Data Store (Video Recorder),PENDING CLASSIFICATION,1 unit; Hikvision DS-7204HGI-M1/T; S/N GE0208856,No suitable comparable price
178294,UGIFT-178322,Human Skeleton Model,PENDING CLASSIFICATION,1 unit,No suitable comparable price
178331,UGIFT-178359,Digital Video Recorder (DVR),PENDING CLASSIFICATION,Brand: HIKVISION; Model: DS-7208HGHI-M1; Serial No: AB9481006; H.265 (K-series) and H.264 Video Compression; High Definition real-time recording; Support Turbo HD Video input; Easy Smart search for motion event during playback; HDMI output at up to 4K resolution; Live view from smart device or internet; Two-way audio; Multi-channel synchronous playback,No suitable comparable price
178341,UGIFT-178369,UgIFT Microscale Irrigation Demonstration Site,PENDING CLASSIFICATION,One site; Drip and drainage/bucket irrigation system; year of completion 2023; contractor AKYOO International Trading Ltd,No suitable comparable price
178348,UGIFT-178376,Motor and Pestle,PENDING CLASSIFICATION,1 pc,No suitable comparable price
178404,UGIFT-178432,Nulfied Springs,PENDING CLASSIFICATION,,No suitable comparable price
178405,UGIFT-178433,Nulfied Springs,PENDING CLASSIFICATION,,No suitable comparable price
178406,UGIFT-178434,Nulfied Springs,PENDING CLASSIFICATION,,No suitable comparable price
178407,UGIFT-178435,Nulfied Springs,PENDING CLASSIFICATION,,No suitable comparable price
178408,UGIFT-178436,Nulfied Springs,PENDING CLASSIFICATION,,No suitable comparable price
178504,UGIFT-178532,Fractionating Column,PENDING CLASSIFICATION,,No suitable comparable price
178505,UGIFT-178533,Fractionating Column,PENDING CLASSIFICATION,,No suitable comparable price
178506,UGIFT-178534,Fractionating Column,PENDING CLASSIFICATION,,No suitable comparable price
178507,UGIFT-178535,Fractionating Column,PENDING CLASSIFICATION,,No suitable comparable price
178508,UGIFT-178536,Liebig Condenser,PENDING CLASSIFICATION,,No suitable comparable price
178509,UGIFT-178537,Liebig Condenser,PENDING CLASSIFICATION,,No suitable comparable price
178555,UGIFT-178583,Ticker Roller Tapes,PENDING CLASSIFICATION,,No suitable comparable price
178556,UGIFT-178584,Ticker Roller Tapes,PENDING CLASSIFICATION,,No suitable comparable price
178557,UGIFT-178585,Ticker Roller Tapes,PENDING CLASSIFICATION,,No suitable comparable price
178558,UGIFT-178586,Ticker Roller Tapes,PENDING CLASSIFICATION,,No suitable comparable price
178559,UGIFT-178587,Ticker Roller Tapes,PENDING CLASSIFICATION,,No suitable comparable price
178877,UGIFT-178905,Human Skeleton Model with Stand,PENDING CLASSIFICATION,1 pc,No suitable comparable price
178878,UGIFT-178906,Human Torso Model,PENDING CLASSIFICATION,1 pc,No suitable comparable price
179104,UGIFT-179132,Density Bottles,PENDING CLASSIFICATION,,No suitable comparable price
179105,UGIFT-179133,Density Bottles,PENDING CLASSIFICATION,,No suitable comparable price
179116,UGIFT-179144,Alcoholmeter,PENDING CLASSIFICATION,,No suitable comparable price
179117,UGIFT-179145,Alcoholmeter,PENDING CLASSIFICATION,,No suitable comparable price
179239,UGIFT-179267,U-Tube Manometer,PENDING CLASSIFICATION,1 pc,No suitable comparable price
179240,UGIFT-179268,"Chart, Digestive System",PENDING CLASSIFICATION,1 pc,No suitable comparable price
179241,UGIFT-179269,"Chart, Human Ear",PENDING CLASSIFICATION,1 pc,No suitable comparable price
179242,UGIFT-179270,"Chart, Human Nervous System",PENDING CLASSIFICATION,1 pc,No suitable comparable price
179243,UGIFT-179271,"Chart, Human Teeth",PENDING CLASSIFICATION,1 pc,No suitable comparable price
179244,UGIFT-179272,"Chart, Reproductive Female",PENDING CLASSIFICATION,1 pc,No suitable comparable price
179245,UGIFT-179273,"Chart, Reproductive Male",PENDING CLASSIFICATION,1 pc,No suitable comparable price
179246,UGIFT-179274,"Chart, Skeleton",PENDING CLASSIFICATION,1 pc,No suitable comparable price
179248,UGIFT-179276,Wooden Storage Box 100 cm x 75 cm x 75 cm,PENDING CLASSIFICATION,1 pc,No suitable comparable price
179249,UGIFT-179277,Wooden Storage Box 80 cm x 75 cm x 60 cm,PENDING CLASSIFICATION,1 pc,No suitable comparable price
179264,UGIFT-179292,"Funnels, Plastic",PENDING CLASSIFICATION,,No suitable comparable price
179265,UGIFT-179293,"Funnels, Plastic",PENDING CLASSIFICATION,,No suitable comparable price
179266,UGIFT-179294,"Funnels, Plastic",PENDING CLASSIFICATION,,No suitable comparable price
179267,UGIFT-179295,"Funnels, Plastic",PENDING CLASSIFICATION,,No suitable comparable price
179268,UGIFT-179296,"Funnels, Plastic",PENDING CLASSIFICATION,,No suitable comparable price
179284,UGIFT-179312,ICT Equipment,PENDING CLASSIFICATION,Supplied under the UgIFT school programme,No suitable comparable price
179478,UGIFT-179506,Screen board,PENDING CLASSIFICATION,Facility inventory quantity (FY 2023/2024): 1,No suitable comparable price
179505,UGIFT-179533,Hand washing,PENDING CLASSIFICATION,Facility inventory quantity (FY 2023/2024): 3,No suitable comparable price
179506,UGIFT-179534,Hand washing,PENDING CLASSIFICATION,Facility inventory quantity (FY 2023/2024): 3,No suitable comparable price
179507,UGIFT-179535,Hand washing,PENDING CLASSIFICATION,Facility inventory quantity (FY 2023/2024): 3,No suitable comparable price
179510,UGIFT-179538,Sign post,ROAD FURNITURE,Facility inventory quantity (FY 2023/2024): Not functional: 2,No suitable comparable price
179511,UGIFT-179539,Sign post,ROAD FURNITURE,Facility inventory quantity (FY 2023/2024): Not functional: 2,No suitable comparable price
179537,UGIFT-179565,Drums,MUSICAL INSTRUMENTS,Facility inventory quantity (FY 2023/2024): 1,No suitable comparable price
179557,UGIFT-179585,Bowel,PENDING CLASSIFICATION,Facility inventory quantity (FY 2023/2024): 3,No suitable comparable price
179558,UGIFT-179586,Bowel,PENDING CLASSIFICATION,Facility inventory quantity (FY 2023/2024): 3,No suitable comparable price
179559,UGIFT-179587,Bowel,PENDING CLASSIFICATION,Facility inventory quantity (FY 2023/2024): 3,No suitable comparable price
179563,UGIFT-179591,Baby length board,PENDING CLASSIFICATION,Facility inventory quantity (FY 2023/2024): 1,No suitable comparable price
179711,UGIFT-179739,Instrument cabaglass medium,PENDING CLASSIFICATION,Facility inventory quantity (FY 2023/2024): 1,No suitable comparable price
180597,UGIFT-180625,Audio Visual Equipment,OTHER ICT EQUIPMENT,,No suitable comparable price
180840,UGIFT-180868,Audio Visual Equipment,OTHER ICT EQUIPMENT,Hisense LED TV,No suitable comparable price
181680,,Human body,PENDING CLASSIFICATION,,No suitable comparable price
181682,,Human nervous system,PENDING CLASSIFICATION,,No suitable comparable price
181683,,Digestive system,PENDING CLASSIFICATION,Chart,No suitable comparable price
181684,,"Teeth, jaws and dental curve",PENDING CLASSIFICATION,Chart,No suitable comparable price
181685,,Female reproductive system,PENDING CLASSIFICATION,Chart,No suitable comparable price
181686,UGIFT-181714,Nervous system and brain,PENDING CLASSIFICATION,Chart,No suitable comparable price
181687,,Human heart,PENDING CLASSIFICATION,Wall chart,No suitable comparable price
181688,,Male reproductive system,PENDING CLASSIFICATION,Wall chart,No suitable comparable price
181689,UGIFT-181717,Models and posters,PENDING CLASSIFICATION,,No suitable comparable price
181690,UGIFT-181718,Models and posters,PENDING CLASSIFICATION,,No suitable comparable price
181691,UGIFT-181719,Models and posters,PENDING CLASSIFICATION,,No suitable comparable price
181692,UGIFT-181720,Models and posters,PENDING CLASSIFICATION,,No suitable comparable price
181693,UGIFT-181721,Models and posters,PENDING CLASSIFICATION,,No suitable comparable price
181694,UGIFT-181722,Models and posters,PENDING CLASSIFICATION,,No suitable comparable price
181695,UGIFT-181723,Models and posters,PENDING CLASSIFICATION,,No suitable comparable price
181696,UGIFT-181724,Models and posters,PENDING CLASSIFICATION,,No suitable comparable price
181697,UGIFT-181725,Models and posters,PENDING CLASSIFICATION,,No suitable comparable price
181698,UGIFT-181726,Models and posters,PENDING CLASSIFICATION,,No suitable comparable price
181699,UGIFT-181727,Models and posters,PENDING CLASSIFICATION,,No suitable comparable price
181700,UGIFT-181728,Models and posters,PENDING CLASSIFICATION,,No suitable comparable price
181701,UGIFT-181729,Models and posters,PENDING CLASSIFICATION,,No suitable comparable price
181702,UGIFT-181730,Models and posters,PENDING CLASSIFICATION,,No suitable comparable price
181703,UGIFT-181731,Models and posters,PENDING CLASSIFICATION,,No suitable comparable price
181704,UGIFT-181732,Models and posters,PENDING CLASSIFICATION,,No suitable comparable price
181705,UGIFT-181733,Models and posters,PENDING CLASSIFICATION,,No suitable comparable price
181706,UGIFT-181734,Models and posters,PENDING CLASSIFICATION,,No suitable comparable price
181707,UGIFT-181735,Models and posters,PENDING CLASSIFICATION,,No suitable comparable price
181708,UGIFT-181736,Models and posters,PENDING CLASSIFICATION,,No suitable comparable price
181709,UGIFT-181737,Reproductive diseases chart,PENDING CLASSIFICATION,Wall chart,No suitable comparable price
181710,UGIFT-181738,Reproductive diseases chart,PENDING CLASSIFICATION,Wall chart,No suitable comparable price
181711,UGIFT-181739,Reproductive diseases chart,PENDING CLASSIFICATION,Wall chart,No suitable comparable price
181712,UGIFT-181740,Reproductive diseases chart,PENDING CLASSIFICATION,Wall chart,No suitable comparable price
181713,UGIFT-181741,Reproductive diseases chart,PENDING CLASSIFICATION,Wall chart,No suitable comparable price
181714,UGIFT-181742,Reproductive diseases chart,PENDING CLASSIFICATION,Wall chart,No suitable comparable price
181715,UGIFT-181743,Reproductive diseases chart,PENDING CLASSIFICATION,Wall chart,No suitable comparable price
181716,UGIFT-181744,Reproductive diseases chart,PENDING CLASSIFICATION,Wall chart,No suitable comparable price
181717,UGIFT-181745,Reproductive diseases chart,PENDING CLASSIFICATION,Wall chart,No suitable comparable price
181718,UGIFT-181746,Reproductive diseases chart,PENDING CLASSIFICATION,Wall chart,No suitable comparable price
181719,UGIFT-181747,Reproductive diseases chart,PENDING CLASSIFICATION,Wall chart,No suitable comparable price
181720,UGIFT-181748,Reproductive diseases chart,PENDING CLASSIFICATION,Wall chart,No suitable comparable price
181721,UGIFT-181749,Reproductive diseases chart,PENDING CLASSIFICATION,Wall chart,No suitable comparable price
181722,UGIFT-181750,Reproductive diseases chart,PENDING CLASSIFICATION,Wall chart,No suitable comparable price
181723,UGIFT-181751,Reproductive diseases chart,PENDING CLASSIFICATION,Wall chart,No suitable comparable price
181891,UGIFT-181919,Trackers,PENDING CLASSIFICATION,,No suitable comparable price
181892,UGIFT-181920,Trackers,PENDING CLASSIFICATION,,No suitable comparable price
181893,UGIFT-181921,Trackers,PENDING CLASSIFICATION,,No suitable comparable price
181894,UGIFT-181922,Trackers,PENDING CLASSIFICATION,,No suitable comparable price
181895,UGIFT-181923,Trackers,PENDING CLASSIFICATION,,No suitable comparable price
181896,UGIFT-181924,Trackers,PENDING CLASSIFICATION,,No suitable comparable price
181897,UGIFT-181925,Trackers,PENDING CLASSIFICATION,,No suitable comparable price
181898,UGIFT-181926,Trackers,PENDING CLASSIFICATION,,No suitable comparable price
181899,UGIFT-181927,Trackers,PENDING CLASSIFICATION,,No suitable comparable price
181900,UGIFT-181928,Trackers,PENDING CLASSIFICATION,,No suitable comparable price
181901,UGIFT-181929,Trackers,PENDING CLASSIFICATION,,No suitable comparable price
181902,UGIFT-181930,Trackers,PENDING CLASSIFICATION,,No suitable comparable price
181903,UGIFT-181931,Trackers,PENDING CLASSIFICATION,,No suitable comparable price
181904,UGIFT-181932,Trackers,PENDING CLASSIFICATION,,No suitable comparable price
181905,UGIFT-181933,Trackers,PENDING CLASSIFICATION,,No suitable comparable price
181906,UGIFT-181934,Trackers,PENDING CLASSIFICATION,,No suitable comparable price
181907,UGIFT-181935,Trackers,PENDING CLASSIFICATION,,No suitable comparable price
181908,UGIFT-181936,Trackers,PENDING CLASSIFICATION,,No suitable comparable price
181909,UGIFT-181937,Trackers,PENDING CLASSIFICATION,,No suitable comparable price
181910,UGIFT-181938,Trackers,PENDING CLASSIFICATION,,No suitable comparable price
181911,UGIFT-181939,Trackers,PENDING CLASSIFICATION,,No suitable comparable price
181912,UGIFT-181940,Trackers,PENDING CLASSIFICATION,,No suitable comparable price
181913,UGIFT-181941,Trackers,PENDING CLASSIFICATION,,No suitable comparable price
181914,UGIFT-181942,Trackers,PENDING CLASSIFICATION,,No suitable comparable price
181915,UGIFT-181943,Trackers,PENDING CLASSIFICATION,,No suitable comparable price
181980,UGIFT-182008,Office Furniture,PENDING CLASSIFICATION,,No suitable comparable price
181981,UGIFT-182009,Board Room Furniture,PENDING CLASSIFICATION,,No suitable comparable price
181985,UGIFT-182013,Cold Room Equipment,PENDING CLASSIFICATION,,No suitable comparable price
182704,UGIFT-182732,Chemistry laboratory,PENDING CLASSIFICATION,,No suitable comparable price
183062,UGIFT-183090,Football field,SPORTS EQUIPMENT,,No suitable comparable price
183106,UGIFT-183134,Audio Visual Equipment,OTHER ICT EQUIPMENT,Not verrified,No suitable comparable price
183212,UGIFT-183240,Football Feild,OTHER STRUCTURES,,No suitable comparable price
183772,,ICT& Lib,NON RESIDENTIAL BUILDINGS,ICT & 1 LIB,No suitable comparable price
183884,UGIFT-183912,Football Feild,SPORTS EQUIPMENT,,No suitable comparable price
184347,UGIFT-184375,ICT Controller,PENDING CLASSIFICATION,,No suitable comparable price
184349,UGIFT-184377,Soller Controller,PENDING CLASSIFICATION,,No suitable comparable price
184379,UGIFT-184407,Football Feild,SPORTS EQUIPMENT,,No suitable comparable price
185411,UGIFT-185439,ICT Items,PENDING CLASSIFICATION,,No suitable comparable price
186112,UGIFT-186140,building,NON RESIDENTIAL BUILDINGS,Classroom block Science and computer laboratory Main hall,No suitable comparable price
186370,UGIFT-186398,Audio Visual Equipment,OTHER ICT EQUIPMENT,Black in colour 45inches,No suitable comparable price
186715,UGIFT-186743,Audio Visual Equipment,OTHER ICT EQUIPMENT,,No suitable comparable price
186836,UGIFT-186864,Audio Visual Equipment,OTHER ICT EQUIPMENT,,No suitable comparable price
187290,UGIFT-187318,Audio Equipment,PENDING CLASSIFICATION,Black in color,No suitable comparable price
187992,UGIFT-188020,Science laboratory equipments,PENDING CLASSIFICATION,In the store kept,No suitable comparable price
188137,UGIFT-188165,ICT Items,PENDING CLASSIFICATION,,No suitable comparable price
188787,UGIFT-188815,Audio Visual Equipment,OTHER ICT EQUIPMENT,,No suitable comparable price
189437,UGIFT-189465,Single seaters,PENDING CLASSIFICATION,Wooden varnished,No suitable comparable price
189590,UGIFT-189618,Audio Visual Equipment,OTHER ICT EQUIPMENT,,No suitable comparable price
191120,UGIFT-191148,Audio Visual Equipment,OTHER ICT EQUIPMENT,,No suitable comparable price
192131,UGIFT-192159,Audio Visual Equipment,OTHER ICT EQUIPMENT,,No suitable comparable price
192559,UGIFT-192587,SmartScreen T. V,PENDING CLASSIFICATION,,No suitable comparable price
192698,UGIFT-192726,Networking,PENDING CLASSIFICATION,,No suitable comparable price
192699,UGIFT-192727,Installation & internet connection,PENDING CLASSIFICATION,,No suitable comparable price
193002,UGIFT-193030,Football field,SPORTS EQUIPMENT,,No suitable comparable price
194732,UGIFT-194760,Gas system,PENDING CLASSIFICATION,,No suitable comparable price
194733,UGIFT-194761,Gas system,PENDING CLASSIFICATION,,No suitable comparable price
194819,UGIFT-194847,Pitch,PENDING CLASSIFICATION,,No suitable comparable price
195633,UGIFT-195661,Football field,SPORTS EQUIPMENT,3 blocks,No suitable comparable price
196188,UGIFT-196216,Audio Visual Equipment,OTHER ICT EQUIPMENT,,No suitable comparable price
197097,UGIFT-197125,Video Recorder,PENDING CLASSIFICATION,,No suitable comparable price
197121,UGIFT-197149,ICT - Libray,PENDING CLASSIFICATION,,No suitable comparable price
198087,,Video recorder,PENDING CLASSIFICATION,Hikvision,No suitable comparable price
198882,UGIFT-198910,Waste pit,PENDING CLASSIFICATION,1 pentagon shaped waste pit,No suitable comparable price
198902,UGIFT-198930,Human torso anatomical model,PENDING CLASSIFICATION,"Human torso model showing internal organs, on a blue base, still wrapped in plastic (base label illegible)",No suitable comparable price
198920,UGIFT-198948,Electrical distribution board,PENDING CLASSIFICATION,Wall-mounted consumer unit / distribution board with breakers,No suitable comparable price
199463,UGIFT-199491,Chemicals,PENDING CLASSIFICATION,,No suitable comparable price
199466,UGIFT-199494,Electricity meter,PENDING CLASSIFICATION,1 electricity meter,No suitable comparable price
199608,UGIFT-199636,30 gauge,PENDING CLASSIFICATION,,No suitable comparable price
199609,UGIFT-199637,30 gauge,PENDING CLASSIFICATION,,No suitable comparable price
199610,UGIFT-199638,26 gauge,PENDING CLASSIFICATION,1 piece,No suitable comparable price
199925,UGIFT-199953,Skeleton model,PENDING CLASSIFICATION,1 piece,No suitable comparable price
200078,UGIFT-200106,Glamps,PENDING CLASSIFICATION,,No suitable comparable price
200079,UGIFT-200107,Glamps,PENDING CLASSIFICATION,,No suitable comparable price
200080,UGIFT-200108,Glamps,PENDING CLASSIFICATION,,No suitable comparable price
200081,UGIFT-200109,Glamps,PENDING CLASSIFICATION,,No suitable comparable price
200082,UGIFT-200110,Glamps,PENDING CLASSIFICATION,,No suitable comparable price
200118,UGIFT-200146,Charts,PENDING CLASSIFICATION,,No suitable comparable price
200119,UGIFT-200147,Charts,PENDING CLASSIFICATION,,No suitable comparable price
200120,UGIFT-200148,Charts,PENDING CLASSIFICATION,,No suitable comparable price
200121,UGIFT-200149,Charts,PENDING CLASSIFICATION,,No suitable comparable price
200122,UGIFT-200150,Charts,PENDING CLASSIFICATION,,No suitable comparable price
200134,UGIFT-200162,Extension,PENDING CLASSIFICATION,1 piece,No suitable comparable price
200141,UGIFT-200169,Canister,PENDING CLASSIFICATION,,No suitable comparable price
200142,UGIFT-200170,Canister,PENDING CLASSIFICATION,,No suitable comparable price
200143,UGIFT-200171,Canister,PENDING CLASSIFICATION,,No suitable comparable price
200144,UGIFT-200172,Canister,PENDING CLASSIFICATION,,No suitable comparable price
200145,UGIFT-200173,Canister,PENDING CLASSIFICATION,,No suitable comparable price
200146,UGIFT-200174,Canister,PENDING CLASSIFICATION,,No suitable comparable price
200147,UGIFT-200175,Canister,PENDING CLASSIFICATION,,No suitable comparable price
200148,UGIFT-200176,Canister,PENDING CLASSIFICATION,,No suitable comparable price
200149,UGIFT-200177,Canister,PENDING CLASSIFICATION,,No suitable comparable price
200150,UGIFT-200178,Canister,PENDING CLASSIFICATION,,No suitable comparable price
200161,UGIFT-200189,Universal indicator charts,PENDING CLASSIFICATION,,No suitable comparable price
200162,UGIFT-200190,Universal indicator charts,PENDING CLASSIFICATION,,No suitable comparable price
200163,UGIFT-200191,Universal indicator charts,PENDING CLASSIFICATION,,No suitable comparable price
200164,UGIFT-200192,Universal indicator charts,PENDING CLASSIFICATION,,No suitable comparable price
200165,UGIFT-200193,Universal indicator charts,PENDING CLASSIFICATION,,No suitable comparable price
200166,UGIFT-200194,Universal indicator charts,PENDING CLASSIFICATION,,No suitable comparable price
200167,UGIFT-200195,Universal indicator charts,PENDING CLASSIFICATION,,No suitable comparable price
200168,UGIFT-200196,Universal indicator charts,PENDING CLASSIFICATION,,No suitable comparable price
200169,UGIFT-200197,Universal indicator charts,PENDING CLASSIFICATION,,No suitable comparable price
200170,UGIFT-200198,Universal indicator charts,PENDING CLASSIFICATION,,No suitable comparable price
200171,UGIFT-200199,Universal indicator charts,PENDING CLASSIFICATION,,No suitable comparable price
200172,UGIFT-200200,Universal indicator charts,PENDING CLASSIFICATION,,No suitable comparable price
200173,UGIFT-200201,Universal indicator charts,PENDING CLASSIFICATION,,No suitable comparable price
200289,UGIFT-200317,Office package,PENDING CLASSIFICATION,1 package,No suitable comparable price
200293,UGIFT-200321,Dvr,PENDING CLASSIFICATION,1 DVR,No suitable comparable price
200294,UGIFT-200322,Hard drive 2TB,PENDING CLASSIFICATION,1 Hard drive,No suitable comparable price
200304,UGIFT-200332,Zinc carbonate,PENDING CLASSIFICATION,1 tin,No suitable comparable price
200305,UGIFT-200333,Magnesium nitrate,PENDING CLASSIFICATION,1 tin,No suitable comparable price
200306,UGIFT-200334,Sucrose,PENDING CLASSIFICATION,,No suitable comparable price
200307,UGIFT-200335,Sucrose,PENDING CLASSIFICATION,,No suitable comparable price
200308,UGIFT-200336,Sodium sulphate,PENDING CLASSIFICATION,1 tin,No suitable comparable price
200309,UGIFT-200337,Sodium acetate,PENDING CLASSIFICATION,1 piece,No suitable comparable price
200314,UGIFT-200342,Starch,PENDING CLASSIFICATION,,No suitable comparable price
200315,UGIFT-200343,Starch,PENDING CLASSIFICATION,,No suitable comparable price
200316,UGIFT-200344,Zinc dust,PENDING CLASSIFICATION,1 piece,No suitable comparable price
200317,UGIFT-200345,Sodium thiosulphate,PENDING CLASSIFICATION,1 tin,No suitable comparable price
200318,UGIFT-200346,Aluminum oxide,PENDING CLASSIFICATION,1 tin,No suitable comparable price
200319,UGIFT-200347,Aluminum sulphate,PENDING CLASSIFICATION,1 tin,No suitable comparable price
200320,UGIFT-200348,Potassium iodate,PENDING CLASSIFICATION,,No suitable comparable price
200321,UGIFT-200349,Potassium iodate,PENDING CLASSIFICATION,,No suitable comparable price
200322,UGIFT-200350,Phenolalein indicator,PENDING CLASSIFICATION,,No suitable comparable price
200323,UGIFT-200351,Phenolalein indicator,PENDING CLASSIFICATION,,No suitable comparable price
200324,UGIFT-200352,Methanol,PENDING CLASSIFICATION,,No suitable comparable price
200325,UGIFT-200353,Methanol,PENDING CLASSIFICATION,,No suitable comparable price
200326,UGIFT-200354,Methanol,PENDING CLASSIFICATION,,No suitable comparable price
200327,UGIFT-200355,Methanol,PENDING CLASSIFICATION,,No suitable comparable price
200328,UGIFT-200356,Sulphuric acid,PENDING CLASSIFICATION,1 piece,No suitable comparable price
200329,UGIFT-200357,Hydrochloric acid,PENDING CLASSIFICATION,,No suitable comparable price
200330,UGIFT-200358,Hydrochloric acid,PENDING CLASSIFICATION,,No suitable comparable price
200331,UGIFT-200359,Bromine water,PENDING CLASSIFICATION,1 piece,No suitable comparable price
200332,UGIFT-200360,Chrolophom,PENDING CLASSIFICATION,Tins,No suitable comparable price
200333,UGIFT-200361,Chrolophom,PENDING CLASSIFICATION,Tins,No suitable comparable price
200334,UGIFT-200362,Sodium hydrogen carbonate,PENDING CLASSIFICATION,Tins,No suitable comparable price
200335,UGIFT-200363,Sodium hydrogen carbonate,PENDING CLASSIFICATION,Tins,No suitable comparable price
200336,UGIFT-200364,Potassium chlorate,PENDING CLASSIFICATION,1 tin,No suitable comparable price
200337,UGIFT-200365,Cobalt (II) carbonate,PENDING CLASSIFICATION,1 tin,No suitable comparable price
200338,UGIFT-200366,Pepsin 25gm,PENDING CLASSIFICATION,Tins,No suitable comparable price
200339,UGIFT-200367,Pepsin 25gm,PENDING CLASSIFICATION,Tins,No suitable comparable price
200340,UGIFT-200368,Pepsin 25gm,PENDING CLASSIFICATION,Tins,No suitable comparable price
200341,UGIFT-200369,Trypsin,PENDING CLASSIFICATION,Tins,No suitable comparable price
200342,UGIFT-200370,Trypsin,PENDING CLASSIFICATION,Tins,No suitable comparable price
200343,UGIFT-200371,Fructose,PENDING CLASSIFICATION,Tins,No suitable comparable price
200344,UGIFT-200372,Fructose,PENDING CLASSIFICATION,Tins,No suitable comparable price
200345,UGIFT-200373,Eosin yellow,PENDING CLASSIFICATION,1 tin,No suitable comparable price
200347,UGIFT-200375,Potassium cyanide,PENDING CLASSIFICATION,1 tin,No suitable comparable price
200348,UGIFT-200376,Leishman’s stain,PENDING CLASSIFICATION,1 tin,No suitable comparable price
200349,UGIFT-200377,Sliver nitrate,PENDING CLASSIFICATION,Tins,No suitable comparable price
200350,UGIFT-200378,Sliver nitrate,PENDING CLASSIFICATION,Tins,No suitable comparable price
200351,UGIFT-200379,Methyl orange,PENDING CLASSIFICATION,1 tin,No suitable comparable price
200352,UGIFT-200380,Lead monoxide,PENDING CLASSIFICATION,1 tin,No suitable comparable price
200353,UGIFT-200381,Lead oxide,PENDING CLASSIFICATION,1 tin,No suitable comparable price
200354,UGIFT-200382,Sodium bismathioxide,PENDING CLASSIFICATION,1 tin,No suitable comparable price
200355,UGIFT-200383,Formaldehyde 37%,PENDING CLASSIFICATION,Tins,No suitable comparable price
200356,UGIFT-200384,Formaldehyde 37%,PENDING CLASSIFICATION,Tins,No suitable comparable price
200357,UGIFT-200385,Bi-carbonate indicator,PENDING CLASSIFICATION,1 tin,No suitable comparable price
200358,UGIFT-200386,Potassium cremate,PENDING CLASSIFICATION,1 tin,No suitable comparable price
200359,UGIFT-200387,Iodine solution,PENDING CLASSIFICATION,1 litre,No suitable comparable price
200360,UGIFT-200388,Benedict solution,PENDING CLASSIFICATION,2 liters,No suitable comparable price
200361,UGIFT-200389,Hydrogen peroxide,PENDING CLASSIFICATION,2 liters,No suitable comparable price
200362,UGIFT-200390,Ethanol,PENDING CLASSIFICATION,3 liters,No suitable comparable price
200363,UGIFT-200391,Brain model,PENDING CLASSIFICATION,1 piece,No suitable comparable price
200364,UGIFT-200392,Eye model,PENDING CLASSIFICATION,1 piece,No suitable comparable price
200430,UGIFT-200458,Pestles,PENDING CLASSIFICATION,,No suitable comparable price
200431,UGIFT-200459,Pestles,PENDING CLASSIFICATION,,No suitable comparable price
200432,UGIFT-200460,Pestles,PENDING CLASSIFICATION,,No suitable comparable price
200433,UGIFT-200461,Pestles,PENDING CLASSIFICATION,,No suitable comparable price
200434,UGIFT-200462,Pestles,PENDING CLASSIFICATION,,No suitable comparable price
200480,UGIFT-200508,Heart model,PENDING CLASSIFICATION,1 piece,No suitable comparable price
200481,UGIFT-200509,Digestive system model,PENDING CLASSIFICATION,1 piece,No suitable comparable price
200512,UGIFT-200540,Glass 100ml,PENDING CLASSIFICATION,,No suitable comparable price
200513,UGIFT-200541,Glass 100ml,PENDING CLASSIFICATION,,No suitable comparable price
200514,UGIFT-200542,Glass 100ml,PENDING CLASSIFICATION,,No suitable comparable price
200515,UGIFT-200543,Glass 100ml,PENDING CLASSIFICATION,,No suitable comparable price
200516,UGIFT-200544,Glass 100ml,PENDING CLASSIFICATION,,No suitable comparable price
200517,UGIFT-200545,Plastic 1000ml,PENDING CLASSIFICATION,,No suitable comparable price
200518,UGIFT-200546,Plastic 1000ml,PENDING CLASSIFICATION,,No suitable comparable price
200519,UGIFT-200547,Plastic 250ml,PENDING CLASSIFICATION,,No suitable comparable price
200520,UGIFT-200548,Plastic 250ml,PENDING CLASSIFICATION,,No suitable comparable price
200521,UGIFT-200549,Ear model,PENDING CLASSIFICATION,1 piece,No suitable comparable price
200522,UGIFT-200550,Respiratory system model,PENDING CLASSIFICATION,1 piece,No suitable comparable price
200523,UGIFT-200551,Neuron model,PENDING CLASSIFICATION,1 piece,No suitable comparable price
201028,UGIFT-201056,Absorbent gauze,PENDING CLASSIFICATION,1 piece,No suitable comparable price
201247,UGIFT-201275,Glass funnels,PENDING CLASSIFICATION,,No suitable comparable price
201248,UGIFT-201276,Glass funnels,PENDING CLASSIFICATION,,No suitable comparable price
201249,UGIFT-201277,Glass funnels,PENDING CLASSIFICATION,,No suitable comparable price
201250,UGIFT-201278,Glass funnels,PENDING CLASSIFICATION,,No suitable comparable price
201251,UGIFT-201279,Glass funnels,PENDING CLASSIFICATION,,No suitable comparable price
201299,UGIFT-201327,Zinc sulphate,PENDING CLASSIFICATION,1 tin,No suitable comparable price
201300,UGIFT-201328,Lime water,PENDING CLASSIFICATION,2 bottles,No suitable comparable price
201301,UGIFT-201329,Lead nitrate,PENDING CLASSIFICATION,1 tin,No suitable comparable price
201302,UGIFT-201330,Sodium hydroxide,PENDING CLASSIFICATION,Tins,No suitable comparable price
201303,UGIFT-201331,Sodium hydroxide,PENDING CLASSIFICATION,Tins,No suitable comparable price
201304,UGIFT-201332,Sodium hydroxide,PENDING CLASSIFICATION,Tins,No suitable comparable price
201305,UGIFT-201333,Sodium hydroxide,PENDING CLASSIFICATION,Tins,No suitable comparable price
201306,UGIFT-201334,Copper (II) sulphate,PENDING CLASSIFICATION,Tins,No suitable comparable price
201307,UGIFT-201335,Copper (II) sulphate,PENDING CLASSIFICATION,Tins,No suitable comparable price
201308,UGIFT-201336,Copper (II) sulphate,PENDING CLASSIFICATION,Tins,No suitable comparable price
201309,UGIFT-201337,Sodium carbonate,PENDING CLASSIFICATION,Tins,No suitable comparable price
201310,UGIFT-201338,Sodium carbonate,PENDING CLASSIFICATION,Tins,No suitable comparable price
201311,UGIFT-201339,Sodium carbonate,PENDING CLASSIFICATION,Tins,No suitable comparable price
201312,UGIFT-201340,Universal indicator,PENDING CLASSIFICATION,1 piece,No suitable comparable price
201313,UGIFT-201341,Calcium carbonate,PENDING CLASSIFICATION,1 piece,No suitable comparable price
201314,UGIFT-201342,Lead (II) carbonate,PENDING CLASSIFICATION,1 tin,No suitable comparable price
202201,UGIFT-202229,Audio Visual Equipment,OTHER ICT EQUIPMENT,,No suitable comparable price
203454,UGIFT-203482,Audio Visual Equipment,OTHER ICT EQUIPMENT,TV 40 Inch,No suitable comparable price
203760,UGIFT-203788,Audio Visual Equipment,OTHER ICT EQUIPMENT,,No suitable comparable price
204623,UGIFT-204651,Audio Visual Equipment,OTHER ICT EQUIPMENT,,No suitable comparable price
205751,UGIFT-205779,Audio Visual Equipment,OTHER ICT EQUIPMENT,It is 1 but not verified,No suitable comparable price
208168,UGIFT-208196,Lay ground,PENDING CLASSIFICATION,It is 1 pitch big and large,No suitable comparable price
208268,UGIFT-208296,Boards,PENDING CLASSIFICATION,,No suitable comparable price
208290,001,Air,PENDING CLASSIFICATION,,No suitable comparable price
209327,UGIFT-209355,Vehicles,PENDING CLASSIFICATION,,No suitable comparable price
209328,UGIFT-209356,Vehicles,PENDING CLASSIFICATION,,No suitable comparable price
210375,UGIFT-210403,Airbone ground penetrating ladder (GPR),PENDING CLASSIFICATION,Airbone ground penetrating ladder (GPR) Equipmet with all the associated applications and accessories,No suitable comparable price
210376,UGIFT-210404,Airbone ground penetrating ladder (GPR),PENDING CLASSIFICATION,Airbone ground penetrating ladder (GPR) Equipmet with all the associated applications and accessories,No suitable comparable price
210377,UGIFT-210405,Airbone ground penetrating ladder (GPR),PENDING CLASSIFICATION,Airbone ground penetrating ladder (GPR) Equipmet with all the associated applications and accessories,No suitable comparable price
210378,UGIFT-210406,Airbone ground penetrating ladder (GPR),PENDING CLASSIFICATION,Airbone ground penetrating ladder (GPR) Equipmet with all the associated applications and accessories,No suitable comparable price
210379,UGIFT-210407,Airbone ground penetrating ladder (GPR),PENDING CLASSIFICATION,Airbone ground penetrating ladder (GPR) Equipmet with all the associated applications and accessories,No suitable comparable price
210380,UGIFT-210408,Airbone ground penetrating ladder (GPR),PENDING CLASSIFICATION,Airbone ground penetrating ladder (GPR) Equipmet with all the associated applications and accessories,No suitable comparable price
210381,UGIFT-210409,Airbone ground penetrating ladder (GPR),PENDING CLASSIFICATION,Airbone ground penetrating ladder (GPR) Equipmet with all the associated applications and accessories,No suitable comparable price
210514,UGIFT-210542,Oracle Internet Developer Suite,PENDING CLASSIFICATION,,No suitable comparable price
214567,UGIFT-214595,Vehicles Under Ugift Project,PENDING CLASSIFICATION,Model Make/Model; Engine No. Engine No.; Chassis No. Chassis No.; Engine capacity Eng. Capacity; Colour Colour; Year of manufacture W/Cond,No suitable comparable price
214915,UGIFT-214979,Ministry Of Local Government,PENDING CLASSIFICATION,,No suitable comparable price
214924,UGIFT-214988,Ppda,PENDING CLASSIFICATION,,No suitable comparable price
214935,UGIFT-214999,"Drone-2 with Accessories, Aircraft",PENDING CLASSIFICATION,"DJI RC Mavic 3 Enterprise-M3T, RM5108 Pro; Serial number 1581IF5FJC24BT00DH0M3",No suitable comparable price
214936,UGIFT-215000,Handheld GPS,PENDING CLASSIFICATION,Trimble TDC600,No suitable comparable price
215273,UGIFT-215337,Condition,PENDING CLASSIFICATION,Model Condition,No suitable comparable price
215274,UGIFT-215338,A- Good in Use,PENDING CLASSIFICATION,Model A- Good in Use,No suitable comparable price
215275,UGIFT-215339,B- Good Not in Use,PENDING CLASSIFICATION,Model B- Good Not in Use,No suitable comparable price
215276,UGIFT-215340,C-In Use Needs Repair,PENDING CLASSIFICATION,Model C-In Use Needs Repair,No suitable comparable price
215277,UGIFT-215341,D-In Use Needs Replacement,PENDING CLASSIFICATION,Model D-In Use Needs Replacement,No suitable comparable price
215278,UGIFT-215342,E-Out of order Repairable,PENDING CLASSIFICATION,Model E-Out of order Repairable,No suitable comparable price
215279,UGIFT-215343,F-Out of Order Needs Replacement,PENDING CLASSIFICATION,Model F-Out of Order Needs Replacement,No suitable comparable price
215280,UGIFT-215344,G-Disposed off,PENDING CLASSIFICATION,Model G-Disposed off,No suitable comparable price
215345,UGIFT-215409,other items receceived,PENDING CLASSIFICATION,,No suitable comparable price
215346,UGIFT-215410,Item,PENDING CLASSIFICATION,Model QUANTITY; Serial number LOCATION,No suitable comparable price
215348,UGIFT-215412,Hand stripper,PENDING CLASSIFICATION,Model 3; Serial number Donor care,No suitable comparable price
215356,UGIFT-215420,Capillary tubes,PENDING CLASSIFICATION,Model 10; Serial number Donor care,No suitable comparable price
215357,UGIFT-215421,sterile gauze,PENDING CLASSIFICATION,Model 25; Serial number Donor care,No suitable comparable price
215358,UGIFT-215422,vacutainers 6Ml,PENDING CLASSIFICATION,Model 10; Serial number Donor care,No suitable comparable price
215359,UGIFT-215423,vacutainers 4Ml,PENDING CLASSIFICATION,Model 10; Serial number Donor care,No suitable comparable price
215360,UGIFT-215424,blood lancets,PENDING CLASSIFICATION,Model 10; Serial number Donor care,No suitable comparable price
215363,UGIFT-215427,Aprons,PENDING CLASSIFICATION,Model 10; Serial number Donor care,No suitable comparable price
215365,UGIFT-215429,Automatic micropipettes,PENDING CLASSIFICATION,Model 4; Serial number LAB,No suitable comparable price
215373,UGIFT-215437,single blood bags,PENDING CLASSIFICATION,Model 5; Serial number Donor care,No suitable comparable price
215374,UGIFT-215438,Quadrupple blood bags,PENDING CLASSIFICATION,Model 4; Serial number Donor care,No suitable comparable price
220340,UGIFT-220527,other items receceived,PENDING CLASSIFICATION,,No suitable comparable price
222551,UGIFT-222753,Boosters (Nm3/hr),PENDING CLASSIFICATION,,No suitable comparable price
222552,UGIFT-222754,Chillers (Nm3/hr),PENDING CLASSIFICATION,,No suitable comparable price
222664,UGIFT-222866,Boosters (Nm3/hr),PENDING CLASSIFICATION,,No suitable comparable price
222665,UGIFT-222867,Chillers (Nm3/hr),PENDING CLASSIFICATION,,No suitable comparable price
222899,UGIFT-223101,Boosters (Nm3/hr),PENDING CLASSIFICATION,,No suitable comparable price
222900,UGIFT-223102,Chillers (Nm3/hr),PENDING CLASSIFICATION,,No suitable comparable price
223012,UGIFT-223214,Boosters (Nm3/hr),PENDING CLASSIFICATION,,No suitable comparable price
223013,UGIFT-223215,Chillers (Nm3/hr),PENDING CLASSIFICATION,,No suitable comparable price
