id,scope,team,supervisor,lg,type,name,field_name,status,verification,master_ids,master_lg,phase,project_status,decision_ref,source,source_locator,additional_sources,additional_locators,folder,note,master_source,source_row
H210,Master list,1,Kiribakka Vincent,Madi-Okollo,Health centre,Ulepi HCII,Ulepi HC III,Field evidence,Verification records received; physical completion not certified,H210,Madi-Okollo,,Complete,,team-01/Madi-Okollo/Ulepi-HC-III/MADI OKOLLO - ULEPI HC & MAMBA SEED NEBBI.docx,,,,team-01/Madi-Okollo/Ulepi-HC-III,team-01 / Madi-Okollo / Ulepi-HC-III,SCHOOLS BY DISTRICT AND HEALTH CENTRES.docx,211
H218,Master list,1,Kiribakka Vincent,Nebbi,Health centre,Oweko HC II,Oweko HC II,No return,Not established,H218,Nebbi,,Complete,,,,,,,Unconfirmed possible match: Pamaka-HC-III,SCHOOLS BY DISTRICT AND HEALTH CENTRES.docx,219
S201,Master list,1,Kiribakka Vincent,Nebbi,School,Atego Seed School,Atego Seed Secondary School,Field evidence,Verification records received; physical completion not certified,S201,Nebbi,Phase I,Complete,,team-01/Nebbi/Atego-Seed-Secondary-School/NWOYA-KOCHI LII HC & ATEGO SEED 2.docx,,,,team-01/Nebbi/Atego-Seed-Secondary-School,team-01 / Nebbi / Atego-Seed-Secondary-School,SCHOOLS BY DISTRICT AND HEALTH CENTRES.docx,202
S033,Master list,1,Kiribakka Vincent,Nebbi,School,Kucwiny,Mamba Seed Secondary School,Field evidence,Verification records received; physical completion not certified,S033,Nebbi,Phase II,Ongoing,,team-01/Nebbi/Mamba-Seed-Secondary-School/MADI OKOLLO - ULEPI HC & MAMBA SEED NEBBI.docx,,,,team-01/Nebbi/Mamba-Seed-Secondary-School,team-01 / Nebbi / Mamba-Seed-Secondary-School in Kucwiny sub-county,SCHOOLS BY DISTRICT AND HEALTH CENTRES.docx,34
S034,Master list,1,Kiribakka Vincent,Nebbi,School,Ndhew,Ndhew Seed Secondary School,Field evidence,Verification records received; physical completion not certified,S034,Nebbi,Phase II,Ongoing,,team-01/Nebbi/Ndhew-Seed-Secondary-School/NEBBI-PAMAKA HC & NDHEW SEED 2.docx,,,,team-01/Nebbi/Ndhew-Seed-Secondary-School,team-01 / Nebbi / Ndhew-Seed-Secondary-School,SCHOOLS BY DISTRICT AND HEALTH CENTRES.docx,35
H220,Master list,1,Kiribakka Vincent,Nwoya,Health centre,Got Apwoyo,Got Apwoyo HC III,Field evidence,Verification records received; physical completion not certified,H220,Nwoya,,Complete,,team-01/Nwoya/Got-Apwoyo-HC-III/ZOMBO - GOT APWOYO HC & AMEI SEED ZOMBO 2.docx,,,,team-01/Nwoya/Got-Apwoyo-HC-III,team-01 / Nwoya / Got-Apwoyo-HC-III,SCHOOLS BY DISTRICT AND HEALTH CENTRES.docx,221
H221,Master list,1,Kiribakka Vincent,Nwoya,Health centre,Koch Lii HC II,Koch Lii HC III,Field evidence,Verification records received; physical completion not certified,H221,Nwoya,,Complete,,team-01/Nwoya/Koch-Lii-HC-III/NWOYA-KOCHI LII HC & ATEGO SEED 2.docx,,,,team-01/Nwoya/Koch-Lii-HC-III,team-01 / Nwoya / Koch-Lii-HC-III,SCHOOLS BY DISTRICT AND HEALTH CENTRES.docx,222
H222,Master list,1,Kiribakka Vincent,Nwoya,Health centre,Para HC II,Paraa HC III,Field evidence,Verification records received; physical completion not certified,H222,Nwoya,,Complete,,team-01/Nwoya/Paraa-HC-III/ZOMBO - NWOYA PARAA HC & KANGO SEED ZOMBO.docx,,,,team-01/Nwoya/Paraa-HC-III,"team-01 / Nwoya / Paraa-HC-III same facility, spelled differently",SCHOOLS BY DISTRICT AND HEALTH CENTRES.docx,223
H219,Master list,1,Kiribakka Vincent,Nwoya,Health centre,Todora HC II,Todora HC III,Field evidence,Verification records received; physical completion not certified,H219,Nwoya,,Complete,,team-01/Nwoya/Todora-HC-III/Todora HC & Lungulu - Nwoya District.docx,,,,team-01/Nwoya/Todora-HC-III,team-01 / Nwoya / Todora-HC-III,SCHOOLS BY DISTRICT AND HEALTH CENTRES.docx,220
S035,Master list,1,Kiribakka Vincent,Nwoya,School,Got Apwoyo,Got Apwoyo Seed Secondary School,Field evidence,Verification records received; physical completion not certified,S035,Nwoya,Phase II,Ongoing,,team-01/Nwoya/Got-Apwoyo-Seed-Secondary-School/NWOYA GOT APWOYO SEED.docx,,,,team-01/Nwoya/Got-Apwoyo-Seed-Secondary-School,team-01 / Nwoya / Got-Apwoyo-Seed-Secondary-School,SCHOOLS BY DISTRICT AND HEALTH CENTRES.docx,36
S202,Master list,1,Kiribakka Vincent,Nwoya,School,Lungulu Seed School,Lungulu Seed Secondary School,Field evidence,Verification records received; physical completion not certified,S202,Nwoya,Phase I,Complete,,team-01/Nwoya/Lungulu-Seed-Secondary-School/Todora HC & Lungulu - Nwoya District.docx,,,,team-01/Nwoya/Lungulu-Seed-Secondary-School,team-01 / Nwoya / Lungulu-Seed-Secondary-School,SCHOOLS BY DISTRICT AND HEALTH CENTRES.docx,203
S205,Master list,1,Kiribakka Vincent,Pakwach,School,Alwi Seed School,Alwi Seed Secondary School,Field evidence,Verification records received; physical completion not certified,S205,Pakwach,Phase I,Complete,,team-01/Pakwach/Alwi-Seed-Secondary-School/ZOMBO - ATYAK HC III & ALWI SEED.docx,,,,team-01/Pakwach/Alwi-Seed-Secondary-School,team-01 / Pakwach / Alwi-Seed-Secondary-School,SCHOOLS BY DISTRICT AND HEALTH CENTRES.docx,206
S206,Master list,1,Kiribakka Vincent,Pakwach,School,Wadelai,Wadelai Seed Secondary School,Field evidence,Verification records received; physical completion not certified,S206,Pakwach,Phase II,Complete,,team-01/Pakwach/Wadelai-Seed-Secondary-School/ZOMBO AMWONYO & WADELAI 2.docx,,,,team-01/Pakwach/Wadelai-Seed-Secondary-School,team-01 / Pakwach / Wadelai-Seed-Secondary-School,SCHOOLS BY DISTRICT AND HEALTH CENTRES.docx,207
H231,Master list,1,Kiribakka Vincent,Zombo,Health centre,Alangi,Alangi,No return,Not established,H231,Zombo,,Complete,,,,,,,"Unconfirmed possible match: Amwonyo-HC-III, Atyak-HC-III",SCHOOLS BY DISTRICT AND HEALTH CENTRES.docx,232
H232,Master list,1,Kiribakka Vincent,Zombo,Health centre,Otheko HC II,Otheko HC III,Field evidence,Verification records received; physical completion not certified,H232,Zombo,,Complete,,team-01/Zombo/Otheko-HC-III/ZOMBO - OTHEKO HC & ATYAK SEED ZOMBO.docx,,,,team-01/Zombo/Otheko-HC-III,team-01 / Zombo / Otheko-HC-III,SCHOOLS BY DISTRICT AND HEALTH CENTRES.docx,233
H233,Master list,1,Kiribakka Vincent,Zombo,Health centre,Ther-uru HC II,Ther-uru HC II,No return,Not established,H233,Zombo,,Complete,,,,,,,"Unconfirmed possible match: Amwonyo-HC-III, Atyak-HC-III",SCHOOLS BY DISTRICT AND HEALTH CENTRES.docx,234
S208,Master list,1,Kiribakka Vincent,Zombo,School,Abanga,Abanga,No return,Not established,S208,Zombo,Phase III,Complete,,,,,,,Unconfirmed possible match: Amei-Seed-Secondary-School,SCHOOLS BY DISTRICT AND HEALTH CENTRES.docx,209
S209,Master list,1,Kiribakka Vincent,Zombo,School,Atyak Seed School,Atyak Seed Secondary School,Field evidence,Verification records received; physical completion not certified,S209,Zombo,Phase I,Complete,,team-01/Zombo/Atyak-Seed-Secondary-School/ZOMBO - OTHEKO HC & ATYAK SEED ZOMBO.docx,,,,team-01/Zombo/Atyak-Seed-Secondary-School,team-01 / Zombo / Atyak-Seed-Secondary-School,SCHOOLS BY DISTRICT AND HEALTH CENTRES.docx,210
S210,Master list,1,Kiribakka Vincent,Zombo,School,Kango,Kango Seed Secondary School,Field evidence,Verification records received; physical completion not certified,S210,Zombo,Phase III,Complete,,team-01/Zombo/Kango-Seed-Secondary-School/ZOMBO - NWOYA PARAA HC & KANGO SEED ZOMBO.docx,,,,team-01/Zombo/Kango-Seed-Secondary-School,team-01 / Zombo / Kango-Seed-Secondary-School,SCHOOLS BY DISTRICT AND HEALTH CENTRES.docx,211
S030,Master list,2,Kiribakka Vincent,Arua,School,Aroi,St Peters Seed Secondary School Aroi,Field evidence,Verification records received; physical completion not certified,S030,Arua,Phase II,ongoing,,team-02/Arua/St-Peters-Seed-Secondary-School-Aroi/1 ASSET_VERIFICATION_ St Peter SSS Arua 3.docx,,,,team-02/Arua/St-Peters-Seed-Secondary-School-Aroi,team-02 / Arua / St-Peters-Seed-Secondary-School-Aroi,SCHOOLS BY DISTRICT AND HEALTH CENTRES.docx,31
H209,Master list,2,Kiribakka Vincent,Koboko,Health centre,Chakulia HC II,Chakulia HC III,Field evidence,Verification records received; physical completion not certified,H209,Koboko,,Complete,,team-02/Koboko/Chakulia-HC-III/1 CHAKULIA HC - Padrombu SSS ASSET.docx,,,,team-02/Koboko/Chakulia-HC-III,team-02 / Koboko / Chakulia-HC-III,SCHOOLS BY DISTRICT AND HEALTH CENTRES.docx,210
H207,Master list,2,Kiribakka Vincent,Koboko,Health centre,Lasanga HCII,Lasanga HC III,Field evidence,Verification records received; physical completion not certified,H207,Koboko,,Complete,,team-02/Koboko MC/Lasanga-HC-III/1 LASANGA HC KOBOKO MC.docx,,,,team-02/Koboko MC/Lasanga-HC-III,team-02 / Koboko MC / Lasanga-HC-III team filed it under Koboko MC,SCHOOLS BY DISTRICT AND HEALTH CENTRES.docx,208
H208,Master list,2,Kiribakka Vincent,Koboko,Health centre,Nyangilia,Nyangilia HC III,Field evidence,Verification records received; physical completion not certified,H208,Koboko,,Complete,,team-02/Koboko MC/Nyangilia-HC-III/1 NYANGILIA HC Koboko Municiplaity.docx,,,,team-02/Koboko MC/Nyangilia-HC-III,team-02 / Koboko MC / Nyangilia-HC-III team filed it under Koboko MC,SCHOOLS BY DISTRICT AND HEALTH CENTRES.docx,209
S031,Master list,2,Kiribakka Vincent,Koboko,School,Kuluba,Nyakaliso Seed Secondary School,Field evidence,Verification records received; physical completion not certified,S031,Koboko,Phase II,ongoing,,team-02/Koboko/Nyakaliso-Seed-Secondary-School/1 NYAKALISO[KOBOKO] ASSET VERIFICATION AND RECORDING TOOL KIT 222(2).docx,,,,team-02/Koboko/Nyakaliso-Seed-Secondary-School,team-02 / Koboko / Nyakaliso-Seed-Secondary-School in Kuluba sub-county,SCHOOLS BY DISTRICT AND HEALTH CENTRES.docx,32
S198,Master list,2,Kiribakka Vincent,Koboko,School,Padrombu Seed School,Padrombu Seed Secondary School,Field evidence,Verification records received; physical completion not certified,S198,Koboko,Phase I,Complete,,team-02/Koboko/Padrombu-Seed-Secondary-School/1 CHAKULIA HC - Padrombu SSS ASSET.docx,,,,team-02/Koboko/Padrombu-Seed-Secondary-School,team-02 / Koboko / Padrombu-Seed-Secondary-School,SCHOOLS BY DISTRICT AND HEALTH CENTRES.docx,199
H214,Master list,2,Kiribakka Vincent,Maracha,Health centre,Ajikoro HC II,Ajikoro HC III,Field evidence,Verification records received; physical completion not certified,H214,Maracha,,Complete,,team-02/Maracha/Ajikoro-HC-III/1 AJIKORO HC MARACHA.docx,,,,team-02/Maracha/Ajikoro-HC-III,team-02 / Maracha / Ajikoro-HC-III,SCHOOLS BY DISTRICT AND HEALTH CENTRES.docx,215
H215,Master list,2,Kiribakka Vincent,Maracha,Health centre,Curube HC II,Curube HC III,Field evidence,Verification records received; physical completion not certified,H215,Maracha,,Complete,,team-02/Maracha/Curube-HC-III/1 CURUBE HCIII AND ALL SAINTS SSS - Maracha.docx,,,,team-02/Maracha/Curube-HC-III,team-02 / Maracha / Curube-HC-III,SCHOOLS BY DISTRICT AND HEALTH CENTRES.docx,216
H211,Master list,2,Kiribakka Vincent,Maracha,Health centre,Kijomoro,Ekaligo HC III,Field evidence,Verification records received; physical completion not certified,H211,Maracha,,Complete,,team-02/Maracha/Ekaligo-HC-III/1 EKALIGO HEALTH CENTER III.docx,,,,team-02/Maracha/Ekaligo-HC-III,team-02 / Maracha / Ekaligo-HC-III in Kijomoro sub-county,SCHOOLS BY DISTRICT AND HEALTH CENTRES.docx,212
H212,Master list,2,Kiribakka Vincent,Maracha,Health centre,Liko HC II,Liko HC III,Field evidence,Verification records received; physical completion not certified,H212,Maracha,,Complete,,team-02/Maracha/Liko-HC-III/1 LIKO HCIII Maracha district.docx,,,,team-02/Maracha/Liko-HC-III,team-02 / Maracha / Liko-HC-III,SCHOOLS BY DISTRICT AND HEALTH CENTRES.docx,213
H213,Master list,2,Kiribakka Vincent,Maracha,Health centre,Loinya HC II,Liko HC III,Replaced,Already-listed replacement; no second verified facility,H213,Maracha,,Complete,CHAT04,,,_multi-team/programme-documents/data-management-chat/WhatsApp Chat with DATA MANAGEMENT UGIFT.txt,CHAT04,,"Loinya was replaced by Liko, which already has master entry H212. Count Liko once.",SCHOOLS BY DISTRICT AND HEALTH CENTRES.docx,214
S032,Master list,2,Kiribakka Vincent,Maracha,School,Kololo Public,Kololo Seed Secondary School,Field evidence,Verification records received; physical completion not certified,S032,Maracha,Phase I,ongoing,,team-02/Maracha/Kololo-Seed-Secondary-School/1 ODUPIRI HC - Kololo SSS MARACHA  district.docx,,,,team-02/Maracha/Kololo-Seed-Secondary-School,team-02 / Maracha / Kololo-Seed-Secondary-School,SCHOOLS BY DISTRICT AND HEALTH CENTRES.docx,33
S199,Master list,2,Kiribakka Vincent,Maracha,School,Oluvu,All Saints Secondary School,Field evidence,Verification records received; physical completion not certified,S199,Maracha,Phase II,Complete,,team-02/Maracha/All-Saints-Secondary-School/1 CURUBE HCIII AND ALL SAINTS SSS - Maracha.docx,,,,team-02/Maracha/All-Saints-Secondary-School,team-02 / Maracha / All-Saints-Secondary-School in Oluvu sub-county,SCHOOLS BY DISTRICT AND HEALTH CENTRES.docx,200
H226,Master list,2,Kiribakka Vincent,Terego,Health centre,Omugo (Wati),Wati HC III,Field evidence,Verification records received; physical completion not certified,H226,Terego,,Complete,,team-02/Terego/Wati-HC-III/1 WATI HC {TEREGO}.docx,,,,team-02/Terego/Wati-HC-III,team-02 / Terego / Wati-HC-III,SCHOOLS BY DISTRICT AND HEALTH CENTRES.docx,227
H228,Master list,2,Kiribakka Vincent,Yumbe,Health centre,Amanyiri,Amanyiri HC III,Needs review,Physical verification not confirmed because returns conflict,H228,Yumbe,,Complete,,team-02/Yumbe/Amanyiri-HC-III/1 AMANYIRI HCIII.docx,,,,team-02/Yumbe/Amanyiri-HC-III,"Filename or supervisor identifies this facility, but the filed form names Ekaligo. Identity is reconciled where a chat decision exists; the verification form still needs correction.",SCHOOLS BY DISTRICT AND HEALTH CENTRES.docx,229
H230,Master list,2,Kiribakka Vincent,Yumbe,Health centre,Kerwa HC II,Kerwa HC III,Field evidence,Verification records received; physical completion not certified,H230,Yumbe,,Complete,,team-02/Yumbe/Kerwa-HC-III/1 Kerwa HC - Kerwa SSS.docx,,,,team-02/Yumbe/Kerwa-HC-III,team-02 / Yumbe / Kerwa-HC-III,SCHOOLS BY DISTRICT AND HEALTH CENTRES.docx,231
H227,Master list,2,Kiribakka Vincent,Yumbe,Health centre,Lodonga TC,Lodonga TC,Reported absent,Reported not known/not found; not independently established,H227,Yumbe,,Complete,CHAT03,,,_multi-team/programme-documents/data-management-chat/WhatsApp Chat with DATA MANAGEMENT UGIFT.txt,CHAT03,,"The supervisor reports that Lodonga TC is not known to Yumbe District. This is a reported absence, not independent proof that the facility does not exist.",SCHOOLS BY DISTRICT AND HEALTH CENTRES.docx,228
H229,Master list,2,Kiribakka Vincent,Yumbe,Health centre,Mocha HC II,Mocha HC III,Field evidence,Verification records received; physical completion not certified,H229,Yumbe,,Complete,,team-02/Yumbe/Mocha-HC-III/MOCHA HC[YUMBE] ASSET VERIFICATION AND RECORDING TOOL KIT 222(2).docx,,,,team-02/Yumbe/Mocha-HC-III,team-02 / Yumbe / Mocha-HC-III,SCHOOLS BY DISTRICT AND HEALTH CENTRES.docx,230
S036,Master list,2,Kiribakka Vincent,Yumbe,School,Drajini,Drajini Hill Seed Secondary School,Field evidence,Verification records received; physical completion not certified,S036,Yumbe,Phase II,Ongoing,,team-02/Yumbe/Drajini-Hill-Seed-Secondary-School/1 DRAJINI HILL SSS - Yumbe District.docx,,,,team-02/Yumbe/Drajini-Hill-Seed-Secondary-School,team-02 / Yumbe / Drajini-Hill-Seed-Secondary-School,SCHOOLS BY DISTRICT AND HEALTH CENTRES.docx,37
S207,Master list,2,Kiribakka Vincent,Yumbe,School,Kerwa,Kerwa Seed Secondary School,Field evidence,Verification records received; physical completion not certified,S207,Yumbe,Phase II,Complete,,team-02/Yumbe/Kerwa-Seed-Secondary-School/1 Kerwa HC - Kerwa SSS.docx,,,,team-02/Yumbe/Kerwa-Seed-Secondary-School,team-02 / Yumbe / Kerwa-Seed-Secondary-School,SCHOOLS BY DISTRICT AND HEALTH CENTRES.docx,208
S037,Master list,2,Kiribakka Vincent,Yumbe,School,Ladonga Seed School,Lodonga Seed Secondary School,Needs review,Physical verification not confirmed because returns conflict,S037,Yumbe,Phase I,Ongoing,,team-02/Yumbe/Lodonga-Seed-Secondary-School/LODONGA SEED SS (2).docx,,,,team-02/Yumbe/Lodonga-Seed-Secondary-School,"Filename or supervisor identifies this facility, but the filed form names Liko. Identity is reconciled where a chat decision exists; the verification form still needs correction.",SCHOOLS BY DISTRICT AND HEALTH CENTRES.docx,38
H206,Master list,3,Kiribakka Vincent,Adjumani,Health centre,Arinyapi HC II,Arinyapi HC III,Field evidence,Verification records received; physical completion not certified,H206,Adjumani,,Complete,,team-03/Adjumani/Arinyapi-HC-III/1 arinyapi HC III and Maaji seed SS 3 -Adjumani.docx,,,,team-03/Adjumani/Arinyapi-HC-III,team-03 / Adjumani / Arinyapi-HC-III,SCHOOLS BY DISTRICT AND HEALTH CENTRES.docx,207
S196,Master list,3,Kiribakka Vincent,Adjumani,School,Arinyapi,Arinyapi Seed Secondary School,Field evidence,Verification records received; physical completion not certified,S196,Adjumani,Phase II,Complete,,team-03/Adjumani/Arinyapi-Seed-Secondary-School/1 Arinyapi seed SS Adjumani.docx,,,,team-03/Adjumani/Arinyapi-Seed-Secondary-School,team-03 / Adjumani / Arinyapi-Seed-Secondary-School,SCHOOLS BY DISTRICT AND HEALTH CENTRES.docx,197
S197,Master list,3,Kiribakka Vincent,Adjumani,School,Maaji Seed School,Maaji Seed Secondary School,Field evidence,Verification records received; physical completion not certified,S197,Adjumani,Phase I,Complete,,team-03/Adjumani/Maaji-Seed-Secondary-School/1 arinyapi HC III and Maaji seed SS 3 -Adjumani.docx,,,,team-03/Adjumani/Maaji-Seed-Secondary-School,team-03 / Adjumani / Maaji-Seed-Secondary-School,SCHOOLS BY DISTRICT AND HEALTH CENTRES.docx,198
H147,Master list,3,Kiribakka Vincent,Amuru,Health centre,Otwee HC III,Otwee HC III,Field evidence,Verification records received; physical completion not certified,H147,Amuru,,Complete,,team-03/Amuru/Otwee-HC-III/1ASSET VERIFICATION otwee HCIII and amuru seed SS.docx,,,,team-03/Amuru/Otwee-HC-III,team-03 / Amuru / Otwee-HC-III,SCHOOLS BY DISTRICT AND HEALTH CENTRES.docx,148
S173,Master list,3,Kiribakka Vincent,Amuru,School,Amuru Seed School,Amuru Seed Secondary School,Field evidence,Verification records received; physical completion not certified,S173,Amuru,Phase I,Complete,,team-03/Amuru/Amuru-Seed-Secondary-School/1ASSET VERIFICATION otwee HCIII and amuru seed SS.docx,,,,team-03/Amuru/Amuru-Seed-Secondary-School,team-03 / Amuru / Amuru-Seed-Secondary-School,SCHOOLS BY DISTRICT AND HEALTH CENTRES.docx,174
S024,Master list,3,Kiribakka Vincent,Amuru,School,Amuru T/C,Amuru Town Seed Secondary School,Field evidence,Verification records received; physical completion not certified,S024,Amuru,Phase II,Ongoing,,team-03/Amuru/Amuru-Town-Seed-Secondary-School/1ASSET VERIFICATION Amuru town seed ss 2.docx,,,,team-03/Amuru/Amuru-Town-Seed-Secondary-School,team-03 / Amuru / Amuru-Town-Seed-Secondary-School,SCHOOLS BY DISTRICT AND HEALTH CENTRES.docx,25
H148,Master list,3,Kiribakka Vincent,Gulu,Health centre,Omel HCII,Omel HC III,Field evidence,Verification records received; physical completion not certified,H148,Gulu,,Complete,,team-03/Gulu/Omel-HC-III/1 omel hc3 and palaro ss-1 Gulu.docx,,,,team-03/Gulu/Omel-HC-III,team-03 / Gulu / Omel-HC-III,SCHOOLS BY DISTRICT AND HEALTH CENTRES.docx,149
S174,Master list,3,Kiribakka Vincent,Gulu,School,Palaro Seed School,Palaro Seed Secondary School,Field evidence,Verification records received; physical completion not certified,S174,Gulu,Phase I,Complete,,team-03/Gulu/Palaro-Seed-Secondary-School/1 omel hc3 and palaro ss-1 Gulu.docx,,,,team-03/Gulu/Palaro-Seed-Secondary-School,team-03 / Gulu / Palaro-Seed-Secondary-School,SCHOOLS BY DISTRICT AND HEALTH CENTRES.docx,175
S025,Master list,3,Kiribakka Vincent,Gulu,School,Patiko Seed school,Patiko Seed Secondary School,Field evidence,Verification records received; physical completion not certified,S025,Gulu,Phase II,Ongoing,,team-03/Gulu/Patiko-Seed-Secondary-School/1Patiko SS 2 Gulu.docx,,,,team-03/Gulu/Patiko-Seed-Secondary-School,team-03 / Gulu / Patiko-Seed-Secondary-School,SCHOOLS BY DISTRICT AND HEALTH CENTRES.docx,26
H217,Master list,3,Kiribakka Vincent,Moyo,Health centre,Aya HC II,Aya HC III,Field evidence,Verification records received; physical completion not certified,H217,Moyo,,Complete,,team-03/Moyo/Aya-HC-III/AYA HC III Moyo.docx,,,,team-03/Moyo/Aya-HC-III,team-03 / Moyo / Aya-HC-III,SCHOOLS BY DISTRICT AND HEALTH CENTRES.docx,218
H216,Master list,3,Kiribakka Vincent,Moyo,Health centre,Gbari HCII,Gbari HC III,Field evidence,Verification records received; physical completion not certified,H216,Moyo,,Complete,,team-03/Moyo/Gbari-HC-III/GBARI HC III MOYO.docx,,,,team-03/Moyo/Gbari-HC-III,team-03 / Moyo / Gbari-HC-III,SCHOOLS BY DISTRICT AND HEALTH CENTRES.docx,217
H366,Master list,3,Kiribakka Vincent,Moyo,Health centre,Lama HC II,Lama HC III,Field evidence,Verification records received; physical completion not certified,H366,Moyo,,Ongoing,,team-03/Moyo/Lama-HC-III/Lama HCIII-1 Moyo.docx,,,,team-03/Moyo/Lama-HC-III,team-03 / Moyo / Lama-HC-III,SCHOOLS BY DISTRICT AND HEALTH CENTRES.docx,367
S200,Master list,3,Kiribakka Vincent,Moyo,School,Dufile Seed School,Dufile Seed Secondary School,Field evidence,Verification records received; physical completion not certified,S200,Moyo,Phase I,Complete,,team-03/Moyo/Dufile-Seed-Secondary-School/Dufile seed SS Moyo.docx,,,,team-03/Moyo/Dufile-Seed-Secondary-School,team-03 / Moyo / Dufile-Seed-Secondary-School,SCHOOLS BY DISTRICT AND HEALTH CENTRES.docx,201
S203,Master list,3,Kiribakka Vincent,Obongi,School,Gimara,Gopele Seed Secondary School,Field evidence,Verification records received; physical completion not certified,S203,Obongi,Phase II,Complete,,team-03/Obongi/Gopele-Seed-Secondary-School/1 GOPELE SEEDS SCHOOL 2.docx,,,,team-03/Obongi/Gopele-Seed-Secondary-School,team-03 / Obongi / Gopele-Seed-Secondary-School in Gimara sub-county,SCHOOLS BY DISTRICT AND HEALTH CENTRES.docx,204
H142,Master list,4,Kiribakka Vincent,Agago,Health centre,Lamiyo HCII,Lamiyo HC III,Field evidence,Verification records received; physical completion not certified,H142,Agago,,Complete,,team-04/Agago/Lamiyo-HC-III/1 LAMIYO HC III AND LAMIYO SSS.docx,,,,team-04/Agago/Lamiyo-HC-III,team-04 / Agago / Lamiyo-HC-III,SCHOOLS BY DISTRICT AND HEALTH CENTRES.docx,143
H144,Master list,4,Kiribakka Vincent,Agago,Health centre,Lapirin HC II,Lapirin HC III,Field evidence,Verification records received; physical completion not certified,H144,Agago,,Complete,,team-04/Agago/Lapirin-HC-III/1 LapirinHC Lapono sss Agago District.docx,,,,team-04/Agago/Lapirin-HC-III,team-04 / Agago / Lapirin-HC-III,SCHOOLS BY DISTRICT AND HEALTH CENTRES.docx,145
H146,Master list,4,Kiribakka Vincent,Agago,Health centre,Layita HC II,Layita HC III,Field evidence,Verification records received; physical completion not certified,H146,Agago,,Complete,,team-04/Agago/Layita-HC-III/1 Layita HC OMIYA PACWA sss.docx,,,,team-04/Agago/Layita-HC-III,team-04 / Agago / Layita-HC-III,SCHOOLS BY DISTRICT AND HEALTH CENTRES.docx,147
H145,Master list,4,Kiribakka Vincent,Agago,Health centre,Omot HC II,Omot HC III,Field evidence,Verification records received; physical completion not certified,H145,Agago,,Complete,,team-04/Agago/Omot-HC-III/1 Omot HC Awor SSS Agago District.docx,,,,team-04/Agago/Omot-HC-III,team-04 / Agago / Omot-HC-III,SCHOOLS BY DISTRICT AND HEALTH CENTRES.docx,146
H143,Master list,4,Kiribakka Vincent,Agago,Health centre,Pacer HC II,Pacer HC III,Field evidence,Verification records received; physical completion not certified,H143,Agago,,Complete,,team-04/Agago/Pacer-HC-III/1 Pacre HC Kotomor  SSS Agago District.docx,,,,team-04/Agago/Pacer-HC-III,team-04 / Agago / Pacer-HC-III,SCHOOLS BY DISTRICT AND HEALTH CENTRES.docx,144
S021,Master list,4,Kiribakka Vincent,Agago,School,Kotomor,Kotomor Seed Secondary School,Field evidence,Verification records received; physical completion not certified,S021,Agago,Phase II,Ongoing,,team-04/Agago/Kotomor-Seed-Secondary-School/1 Pacre HC Kotomor  SSS Agago District.docx,,,,team-04/Agago/Kotomor-Seed-Secondary-School,team-04 / Agago / Kotomor-Seed-Secondary-School,SCHOOLS BY DISTRICT AND HEALTH CENTRES.docx,22
S022,Master list,4,Kiribakka Vincent,Agago,School,Lamiyo,Lamiyo Seed Secondary School,Field evidence,Verification records received; physical completion not certified,S022,Agago,Phase III,Ongoing,,team-04/Agago/Lamiyo-Seed-Secondary-School/1 LAMIYO HC III AND LAMIYO SSS.docx,,,,team-04/Agago/Lamiyo-Seed-Secondary-School,team-04 / Agago / Lamiyo-Seed-Secondary-School,SCHOOLS BY DISTRICT AND HEALTH CENTRES.docx,23
S171,Master list,4,Kiribakka Vincent,Agago,School,Lapono Seed School,Lapono Seed Secondary School,Field evidence,Verification records received; physical completion not certified,S171,Agago,Phase I,Complete,,team-04/Agago/Lapono-Seed-Secondary-School/1 LapirinHC Lapono sss Agago District.docx,,,,team-04/Agago/Lapono-Seed-Secondary-School,team-04 / Agago / Lapono-Seed-Secondary-School,SCHOOLS BY DISTRICT AND HEALTH CENTRES.docx,172
S023,Master list,4,Kiribakka Vincent,Agago,School,Omiya Pacwa,Omiya Pacwa Seed Secondary School,Field evidence,Verification records received; physical completion not certified,S023,Agago,Phase III,Ongoing,,team-04/Agago/Omiya-Pacwa-Seed-Secondary-School/1 Layita HC OMIYA PACWA sss.docx,,,,team-04/Agago/Omiya-Pacwa-Seed-Secondary-School,team-04 / Agago / Omiya-Pacwa-Seed-Secondary-School,SCHOOLS BY DISTRICT AND HEALTH CENTRES.docx,24
S172,Master list,4,Kiribakka Vincent,Agago,School,Wol,Awor Seed Secondary School,Field evidence,Verification records received; physical completion not certified,S172,Agago,Phase II,Complete,,team-04/Agago/Awor-Seed-Secondary-School/1 Omot HC Awor SSS Agago District.docx,,,,team-04/Agago/Awor-Seed-Secondary-School,team-04 / Agago / Awor-Seed-Secondary-School in Wol sub-county,SCHOOLS BY DISTRICT AND HEALTH CENTRES.docx,173
S176,Master list,4,Kiribakka Vincent,Kitgum,School,Labongo Amida Seed School,Labongo Amida Seed Secondary School,Field evidence,Verification records received; physical completion not certified,S176,Kitgum,Phase I,Complete,,team-04/Kitgum/Labongo-Amida-Seed-Secondary-School/1 labongo amida SSS Kitgum Dist.docx,,,,team-04/Kitgum/Labongo-Amida-Seed-Secondary-School,team-04 / Kitgum / Labongo-Amida-Seed-Secondary-School,SCHOOLS BY DISTRICT AND HEALTH CENTRES.docx,177
S175,Master list,4,Kiribakka Vincent,Kitgum,School,Labongo Layamo,Labongo Layamo Seed Secondary School,Field evidence,Verification records received; physical completion not certified,S175,Kitgum,Phase II,Complete,,team-04/Kitgum/Labongo-Layamo-Seed-Secondary-School/1 Layamo SSS Kitgum Dist.docx,,,,team-04/Kitgum/Labongo-Layamo-Seed-Secondary-School,team-04 / Kitgum / Labongo-Layamo-Seed-Secondary-School,SCHOOLS BY DISTRICT AND HEALTH CENTRES.docx,176
H149,Master list,4,Kiribakka Vincent,Kitgum MC,Health centre,Pandwong HC II,Pandwong HC II,No UgIFT assets,Facility exists; supervisor reports no UgIFT assets,H149,Kitgum Mc,,Complete,CHAT02,,,_multi-team/programme-documents/data-management-chat/WhatsApp Chat with DATA MANAGEMENT UGIFT.txt,CHAT02,,The supervisor confirms that Pandwong exists but did not receive UgIFT assets. It is therefore excluded from the missing-return count.,SCHOOLS BY DISTRICT AND HEALTH CENTRES.docx,150
H151,Master list,4,Kiribakka Vincent,Lamwo,Health centre,Katum HC II,Katum HC III,Field evidence,Verification records received; physical completion not certified,H151,Lamwo,,Complete,,team-04/Lamwo/Katum-HC-III/1  KatumHC -  Paloga SSS - Pangira - Padibe SSS - Lamwo District.docx,,,,team-04/Lamwo/Katum-HC-III,team-04 / Lamwo / Katum-HC-III,SCHOOLS BY DISTRICT AND HEALTH CENTRES.docx,152
H150,Master list,4,Kiribakka Vincent,Lamwo,Health centre,Ngomoromo HC II,Pangira HC III,Field evidence,Verification records received; physical completion not certified,H150,Lamwo,,Complete,CHAT01,team-04/Lamwo/Pangira-HC-III/1  KatumHC -  Paloga SSS - Pangira - Padibe SSS - Lamwo District.docx,,_multi-team/programme-documents/data-management-chat/WhatsApp Chat with DATA MANAGEMENT UGIFT.txt,CHAT01,team-04/Lamwo/Pangira-HC-III,Replaced. Chat spelling Ngoromoro matched to master Ngomoromo. Replacement decision does not itself prove physical verification.,SCHOOLS BY DISTRICT AND HEALTH CENTRES.docx,151
S026,Master list,4,Kiribakka Vincent,Lamwo,School,Padibe East,Padibe Seed Secondary School,Field evidence,Verification records received; physical completion not certified,S026,Lamwo,Phase II,ongoing,,team-04/Lamwo/Padibe-Seed-Secondary-School/1  KatumHC -  Paloga SSS - Pangira - Padibe SSS - Lamwo District.docx,,,,team-04/Lamwo/Padibe-Seed-Secondary-School,team-04 / Lamwo / Padibe-Seed-Secondary-School,SCHOOLS BY DISTRICT AND HEALTH CENTRES.docx,27
S177,Master list,4,Kiribakka Vincent,Lamwo,School,Paloga Seed School,Paloga Seed Secondary School,Field evidence,Verification records received; physical completion not certified,S177,Lamwo,Phase I,Complete,,team-04/Lamwo/Paloga-Seed-Secondary-School/1  KatumHC -  Paloga SSS - Pangira - Padibe SSS - Lamwo District.docx,,,,team-04/Lamwo/Paloga-Seed-Secondary-School,team-04 / Lamwo / Paloga-Seed-Secondary-School,SCHOOLS BY DISTRICT AND HEALTH CENTRES.docx,178
H204,Master list,4,Kiribakka Vincent,Pader,Health centre,Lapul Ocwida HC II,Lapul Ocwida HC III,Field evidence,Verification records received; physical completion not certified,H204,Pader,,Complete,,team-04/Pader/Lapul-Ocwida-HC-III/1 Lapulocwida HC - Pader District.docx,,,,team-04/Pader/Lapul-Ocwida-HC-III,team-04 / Pader / Lapul-Ocwida-HC-III,SCHOOLS BY DISTRICT AND HEALTH CENTRES.docx,205
H203,Master list,4,Kiribakka Vincent,Pader,Health centre,Okinga HC II,Okinya HC III,Field evidence,Verification records received; physical completion not certified,H203,Pader,,Complete,,team-04/Pader/Okinya-HC-III/1 Okinya HC - Ogom SSS Pader district.docx,,,,team-04/Pader/Okinya-HC-III,"team-04 / Pader / Okinya-HC-III same facility, spelled differently",SCHOOLS BY DISTRICT AND HEALTH CENTRES.docx,204
H205,Master list,4,Kiribakka Vincent,Pader,Health centre,Olok HC II,Olok HC III,Reported absent,Field report says not constructed,H205,Pader,,Complete,,team-04/Pader/Olok-HC-III/1 Olok HC -Latanya SSS - Pader District.docx,,,,team-04/Pader/Olok-HC-III,Combined Olok HC / Latanya school report records the DHO saying Olok HC does not exist and was not constructed. Latanya school is separate.,SCHOOLS BY DISTRICT AND HEALTH CENTRES.docx,206
S178,Master list,4,Kiribakka Vincent,Pader,School,Latanya,Latanya Seed Secondary School,Field evidence,Verification records received; physical completion not certified,S178,Pader,Phase II,Complete,,team-04/Pader/Latanya-Seed-Secondary-School/1 Olok HC -Latanya SSS - Pader District.docx,,,,team-04/Pader/Latanya-Seed-Secondary-School,team-04 / Pader / Latanya-Seed-Secondary-School,SCHOOLS BY DISTRICT AND HEALTH CENTRES.docx,179
S195,Master list,4,Kiribakka Vincent,Pader,School,Ogom Seed School,Ogom Seed Secondary School,Field evidence,Verification records received; physical completion not certified,S195,Pader,Phase I,Complete,,team-04/Pader/Ogom-Seed-Secondary-School/1 Okinya HC - Ogom SSS Pader district.docx,,,,team-04/Pader/Ogom-Seed-Secondary-School,team-04 / Pader / Ogom-Seed-Secondary-School,SCHOOLS BY DISTRICT AND HEALTH CENTRES.docx,196
H182,Master list,5,Denis Budali,Kole,Health centre,Ayara HCII,Ayara HC III,Field evidence,Verification records received; physical completion not certified,H182,Kole,,Complete,,team-05/Kole/Ayara-HC-III/Ayara HC III_ASSET VERIFICATION AND RECORDING TOOL KIT 222.docx,,,,team-05/Kole/Ayara-HC-III,team-05 / Kole / Ayara-HC-III,SCHOOLS BY DISTRICT AND HEALTH CENTRES.docx,183
H185,Master list,5,Denis Budali,Kole,Health centre,Ayer HC II,Ayer HC III,Field evidence,Verification records received; physical completion not certified,H185,Kole,,Complete,,team-05/Kole/Ayer-HC-III/Ayer HC III_ASSET VERIFICATION AND RECORDING TOOL KIT 222.docx,,,,team-05/Kole/Ayer-HC-III,team-05 / Kole / Ayer-HC-III,SCHOOLS BY DISTRICT AND HEALTH CENTRES.docx,186
H184,Master list,5,Denis Budali,Kole,Health centre,Okole HC II,Okole HC III,Field evidence,Verification records received; physical completion not certified,H184,Kole,,Complete,,team-05/Kole/Okole-HC-III/Okole HC III_FIELD REPORT_LIRA DISTRICT.docx,,,,team-05/Kole/Okole-HC-III,team-05 / Kole / Okole-HC-III,SCHOOLS BY DISTRICT AND HEALTH CENTRES.docx,185
H183,Master list,5,Denis Budali,Kole,Health centre,Okwerodot,Okwerodot HC III,Field evidence,Verification records received; physical completion not certified,H183,Kole,,Complete,,team-05/Kole/Okwerodot-HC-III/Okwelodot HC III_FIELD REPORT_KOLE DISTRICT.docx,,,,team-05/Kole/Okwerodot-HC-III,team-05 / Kole / Okwerodot-HC-III,SCHOOLS BY DISTRICT AND HEALTH CENTRES.docx,184
S187,Master list,5,Denis Budali,Kole,School,Kole T/C,Kole Seed Secondary School,Field evidence,Verification records received; physical completion not certified,S187,Kole,Phase II,Complete,,team-05/Kole/Kole-Seed-Secondary-School/KOLE SEED SECONDARY SCHOOL.docx,,,,team-05/Kole/Kole-Seed-Secondary-School,team-05 / Kole / Kole-Seed-Secondary-School,SCHOOLS BY DISTRICT AND HEALTH CENTRES.docx,188
S188,Master list,5,Denis Budali,Kole,School,Okwelodot Seed School,Okwerodot Seed Secondary School,Field evidence,Verification records received; physical completion not certified,S188,Kole,Phase I,Complete,,team-05/Kole/Okwerodot-Seed-Secondary-School/Okwerodot HC III_OKwerodot Seed SS_ASSET_VERIFICATION_AND_RECORDING_TOOL_KIT.docx,,,,team-05/Kole/Okwerodot-Seed-Secondary-School,"team-05 / Kole / Okwerodot-Seed-Secondary-School same facility, spelled differently",SCHOOLS BY DISTRICT AND HEALTH CENTRES.docx,189
H190,Master list,5,Denis Budali,Lira,Health centre,Alik HCII,Alik HCII,Reported absent,Reported not known/not found; not independently established,H190,Lira,,Complete,CHAT11,,,_multi-team/programme-documents/data-management-chat/WhatsApp Chat with DATA MANAGEMENT UGIFT.txt,CHAT11,,"The supervisor explicitly reports that Alik does not exist in Lira. Barlonyo and Onywako are named on the ground, but neither is identified as a one-to-one replacement for Alik; the Onywako return also says physical verification was not performed.",SCHOOLS BY DISTRICT AND HEALTH CENTRES.docx,191
H189,Master list,5,Denis Budali,Lira,Health centre,Barlonyo,Barlonyo HC III,Field evidence,Verification records received; physical completion not certified,H189,Lira,,Complete,,team-05/Lira/Barlonyo-HC-III/Barlonyo HC III_Ogur Seed SS_ASSET VERIFICATION AND RECORDING TOOL KIT RUTH.docx,,,,team-05/Lira/Barlonyo-HC-III,team-05 / Lira / Barlonyo-HC-III,SCHOOLS BY DISTRICT AND HEALTH CENTRES.docx,190
H188,Master list,5,Denis Budali,Lira,Health centre,Punuluru,Punuluru HC III,Field evidence,Verification records received; physical completion not certified,H188,Lira,,Complete,,team-05/Lira City/Punuluru-HC-III/Punuluru HC III_ASSET VERIFICATION AND RECORDING TOOL KIT 222.docx,,,,team-05/Lira City/Punuluru-HC-III,team-05 / Lira City / Punuluru-HC-III team filed it under Lira City,SCHOOLS BY DISTRICT AND HEALTH CENTRES.docx,189
S190,Master list,5,Denis Budali,Lira,School,Agali Seed School,Agali Seed Secondary School,Field evidence,Verification records received; physical completion not certified,S190,Lira,Phase I,Complete,,team-05/Lira/Agali-Seed-Secondary-School/Agali Seed SS_ ASSET VERIFICATION AND RECORDING TOOL KIT 222.docx,,,,team-05/Lira/Agali-Seed-Secondary-School,team-05 / Lira / Agali-Seed-Secondary-School,SCHOOLS BY DISTRICT AND HEALTH CENTRES.docx,191
S191,Master list,5,Denis Budali,Lira,School,Ogur (Phase II of Ogur Seed S.S.),Ogur Seed Secondary School,Field evidence,Verification records received; physical completion not certified,S191,Lira,Phase II,Complete,,team-05/Lira/Ogur-Seed-Secondary-School/Barlonyo HC III_Ogur Seed SS_ASSET VERIFICATION AND RECORDING TOOL KIT RUTH.docx,,,,team-05/Lira/Ogur-Seed-Secondary-School,team-05 / Lira / Ogur-Seed-Secondary-School,SCHOOLS BY DISTRICT AND HEALTH CENTRES.docx,192
H365,Master list,5,Denis Budali,Lira City,Health centre,Ngetta (Anyomorem/ Akwiaworo),Anyomorem HC III,Field evidence,Verification records received; physical completion not certified,H365,Lira City,,Ongoing,,team-05/Lira City/Anyomorem-HC-III/Anyomorem HC III_ASSET VERIFICATION AND RECORDING TOOL KIT 222.docx,,,,team-05/Lira City/Anyomorem-HC-III,team-05 / Lira City / Anyomorem-HC-III,SCHOOLS BY DISTRICT AND HEALTH CENTRES.docx,366
S192,Master list,5,Denis Budali,Lira City,School,Railways Division,Railway Seed Secondary School,Field evidence,Verification records received; physical completion not certified,S192,Lira MC,Phase II,Complete,,team-05/Lira City/Railway-Seed-Secondary-School/RAILWAY SEED SECONDARY SCHOOL.docx,,,,team-05/Lira City/Railway-Seed-Secondary-School,team-05 / Lira City / Railway-Seed-Secondary-School,SCHOOLS BY DISTRICT AND HEALTH CENTRES.docx,193
H368,Master list,5,Denis Budali,Omoro,Health centre,Abwoch HC II,Abwoch HC III,Field evidence,Verification records received; physical completion not certified,H368,Omoro,,Ongoing,,team-05/Omoro/Abwoch-HC-III/Abwoch HC III_ASSET VERIFICATION AND RECORDING TOOL KIT 222.docx,,,,team-05/Omoro/Abwoch-HC-III,team-05 / Omoro / Abwoch-HC-III,SCHOOLS BY DISTRICT AND HEALTH CENTRES.docx,369
H225,Master list,5,Denis Budali,Omoro,Health centre,Acet HC II,Acet HC III,Field evidence,Verification records received; physical completion not certified,H225,Omoro,,Complete,,team-05/Omoro/Acet-HC-III/Acet HC IIII_ASSET VERIFICATION AND RECORDING TOOL KIT (2).docx,,,,team-05/Omoro/Acet-HC-III,team-05 / Omoro / Acet-HC-III,SCHOOLS BY DISTRICT AND HEALTH CENTRES.docx,226
H224,Master list,5,Denis Budali,Omoro,Health centre,Lakwatomer HC II,Lakwatomer HC III,Field evidence,Verification records received; physical completion not certified,H224,Omoro,,Complete,,team-05/Omoro/Lakwatomer-HC-III/Lakwatomer HC IIII_ASSET VERIFICATION AND RECORDING TOOL KIT.docx,,,,team-05/Omoro/Lakwatomer-HC-III,team-05 / Omoro / Lakwatomer-HC-III,SCHOOLS BY DISTRICT AND HEALTH CENTRES.docx,225
H223,Master list,5,Denis Budali,Omoro,Health centre,Loyoajonga HC II,Loyoajonga HC III,Field evidence,Verification records received; physical completion not certified,H223,Omoro,,Complete,,team-05/Omoro/Loyoajonga-HC-III/LOYOAJONGA HC III FIELD REPORT_OMORO DISTRICT.docx,,,,team-05/Omoro/Loyoajonga-HC-III,team-05 / Omoro / Loyoajonga-HC-III,SCHOOLS BY DISTRICT AND HEALTH CENTRES.docx,224
H367,Master list,5,Denis Budali,Omoro,Health centre,Tekulu HC II,Tekulu HC III,Field evidence,Verification records received; physical completion not certified,H367,Omoro,,Ongoing,,team-05/Omoro/Tekulu-HC-III/TEKULU HEALTH CENTRE 3.docx,,,,team-05/Omoro/Tekulu-HC-III,team-05 / Omoro / Tekulu-HC-III,SCHOOLS BY DISTRICT AND HEALTH CENTRES.docx,368
S204,Master list,5,Denis Budali,Omoro,School,Lakwana Seed School,Lakwana Seed Secondary School,Field evidence,Verification records received; physical completion not certified,S204,Omoro,Phase I,Complete,,team-05/Omoro/Lakwana-Seed-Secondary-School/LAKWANA SEED SECONDARY SCHOOL.docx,,,,team-05/Omoro/Lakwana-Seed-Secondary-School,team-05 / Omoro / Lakwana-Seed-Secondary-School,SCHOOLS BY DISTRICT AND HEALTH CENTRES.docx,205
H198,Master list,5,Denis Budali,Oyam,Health centre,Abela HC II,Abela HC III,Field evidence,Verification records received; physical completion not certified,H198,Oyam,,Complete,,team-05/Oyam/Abela-HC-III/Abela HC III_FIELD REPORT_OYAM DISTRICT.docx,,,,team-05/Oyam/Abela-HC-III,team-05 / Oyam / Abela-HC-III,SCHOOLS BY DISTRICT AND HEALTH CENTRES.docx,199
H197,Master list,5,Denis Budali,Oyam,Health centre,Acimi HC II,Acimi HC II,Reported absent,Reported not known/not found; not independently established,H197,Oyam,,Complete,CHAT10,,,_multi-team/programme-documents/data-management-chat/WhatsApp Chat with DATA MANAGEMENT UGIFT.txt,CHAT10,,The supervisor explicitly reports that Acimi does not exist in Oyam. The six ground names supplied in the same message are not paired one-to-one with Acimi.,SCHOOLS BY DISTRICT AND HEALTH CENTRES.docx,198
H195,Master list,5,Denis Budali,Oyam,Health centre,Acokara HCII,Acokara HCII,Reported absent,Reported not known/not found; not independently established,H195,Oyam,,Complete,CHAT10,,,_multi-team/programme-documents/data-management-chat/WhatsApp Chat with DATA MANAGEMENT UGIFT.txt,CHAT10,,The supervisor explicitly reports that Acokara (written Achokara in the chat) does not exist in Oyam. The six ground names supplied are not paired one-to-one with this entry.,SCHOOLS BY DISTRICT AND HEALTH CENTRES.docx,196
H194,Master list,5,Denis Budali,Oyam,Health centre,Ajaga,Ajaga HC III,Field evidence,Verification records received; physical completion not certified,H194,Oyam,,Complete,,team-05/Oyam/Ajaga-HC-III/Ajaga HC III_Aleka Seed SS_ASSET VERIFICATION AND RECORDING TOOL KIT 222.docx,,,,team-05/Oyam/Ajaga-HC-III,team-05 / Oyam / Ajaga-HC-III,SCHOOLS BY DISTRICT AND HEALTH CENTRES.docx,195
H193,Master list,5,Denis Budali,Oyam,Health centre,Alira HCII,Alira HCII,Needs review,Physical verification not confirmed because returns conflict,H193,Oyam,,Complete,CHAT10,,,_multi-team/programme-documents/data-management-chat/WhatsApp Chat with DATA MANAGEMENT UGIFT.txt,CHAT10,,"Supervisor reports Alira does not exist, but revised Icheme narrative refers to Alira as a sibling facility. Confirm with the DHO before removing the master entry.",SCHOOLS BY DISTRICT AND HEALTH CENTRES.docx,194
H200,Master list,5,Denis Budali,Oyam,Health centre,Ariba HC II,Ariba HC II,Reported absent,Reported not known/not found; not independently established,H200,Oyam,,Complete,CHAT10,,,_multi-team/programme-documents/data-management-chat/WhatsApp Chat with DATA MANAGEMENT UGIFT.txt,CHAT10,,The supervisor explicitly reports that Ariba does not exist in Oyam. The six ground names supplied in the same message are not paired one-to-one with Ariba.,SCHOOLS BY DISTRICT AND HEALTH CENTRES.docx,201
H199,Master list,5,Denis Budali,Oyam,Health centre,Atura HC II,Atura HC III,Field evidence,Verification records received; physical completion not certified,H199,Oyam,,Complete,,team-05/Oyam/Atura-HC-III/Atura HC III_ASSET VERIFICATION AND RECORDING TOOL KIT 222.docx,,,,team-05/Oyam/Atura-HC-III,team-05 / Oyam / Atura-HC-III,SCHOOLS BY DISTRICT AND HEALTH CENTRES.docx,200
H196,Master list,5,Denis Budali,Oyam,Health centre,Iceme (Okwir),Iceme Okwir HC III,Field evidence,Verification records received; physical completion not certified,H196,Oyam,,Complete,,team-05/Oyam/Iceme-Okwir-HC-III/Icheme Okwir HC III_ASSET VERIFICATION AND RECORDING TOOL KIT.docx,,,,team-05/Oyam/Iceme-Okwir-HC-III,team-05 / Oyam / Iceme-Okwir-HC-III,SCHOOLS BY DISTRICT AND HEALTH CENTRES.docx,197
H202,Master list,5,Denis Budali,Oyam,Health centre,Iceme HC II,Iceme HC III,Needs review,Physical verification not confirmed because returns conflict,H202,Oyam,,Complete,,team-05/Oyam/Iceme-HC-III/ICHEME HEALTH CENTRE 3_.docx,,,,team-05/Oyam/Iceme-HC-III,Original Icheme return says physical verification was not conducted. Revised return says a late-evening visit took place without photos. Supervisor to confirm which account applies.,SCHOOLS BY DISTRICT AND HEALTH CENTRES.docx,203
H201,Master list,5,Denis Budali,Oyam,Health centre,Loro HC II,Loro HC III,Field evidence,Verification records received; physical completion not certified,H201,Oyam,,Complete,,team-05/Oyam/Loro-HC-III/Loro HC III_ASSET VERIFICATION AND RECORDING TOOL KIT 222.docx,,,,team-05/Oyam/Loro-HC-III,team-05 / Oyam / Loro-HC-III,SCHOOLS BY DISTRICT AND HEALTH CENTRES.docx,202
S029,Master list,5,Denis Budali,Oyam,School,Aleka,Aleka Seed Secondary School,Field evidence,Verification records received; physical completion not certified,S029,Oyam,Phase III,Ongoing,,team-05/Oyam/Aleka-Seed-Secondary-School/Ajaga HC III_Aleka Seed SS_ASSET VERIFICATION AND RECORDING TOOL KIT 222.docx,,,,team-05/Oyam/Aleka-Seed-Secondary-School,team-05 / Oyam / Aleka-Seed-Secondary-School,SCHOOLS BY DISTRICT AND HEALTH CENTRES.docx,30
S194,Master list,5,Denis Budali,Oyam,School,Ngai,Ngai Seed Secondary School,Field evidence,Verification records received; physical completion not certified,S194,Oyam,Phase II,Complete,,team-05/Oyam/Ngai-Seed-Secondary-School/Abela HC III_Ngai Seed SS_ASSET VERIFICATION AND RECORDING TOOL KIT 222.docx,,,,team-05/Oyam/Ngai-Seed-Secondary-School,team-05 / Oyam / Ngai-Seed-Secondary-School,SCHOOLS BY DISTRICT AND HEALTH CENTRES.docx,195
H364,Master list,6,Denis Budali,Amolatar,Health centre,Acii HCII,Acii HC III,Field evidence,Verification records received; physical completion not certified,H364,Amolatar,,Ongoing,,team-06/Amolatar/Acii-HC-III/ACII HCIII.docx,,,,team-06/Amolatar/Acii-HC-III,team-06 / Amolatar / Acii-HC-III,SCHOOLS BY DISTRICT AND HEALTH CENTRES.docx,365
H169,Master list,6,Denis Budali,Amolatar,Health centre,Alyecmeda HC II,Alyecmeda HC III,Field evidence,Verification records received; physical completion not certified,H169,Amolatar,,Complete,,team-06/Amolatar/Alyecmeda-HC-III/ALYECMEDA HC III.docx,,,,team-06/Amolatar/Alyecmeda-HC-III,team-06 / Amolatar / Alyecmeda-HC-III,SCHOOLS BY DISTRICT AND HEALTH CENTRES.docx,170
H170,Master list,6,Denis Budali,Amolatar,Health centre,Anamwany HC II,Anamwany HC III,Field evidence,Verification records received; physical completion not certified,H170,Amolatar,,Complete,,team-06/Amolatar/Anamwany-HC-III/ANAMWANY HCIII.docx,,,,team-06/Amolatar/Anamwany-HC-III,team-06 / Amolatar / Anamwany-HC-III,SCHOOLS BY DISTRICT AND HEALTH CENTRES.docx,171
H165,Master list,6,Denis Budali,Amolatar,Health centre,Arwotchek HC II,Arwotcek HC III,Needs review,Physical verification not confirmed because returns conflict,H165,Amolatar,,Complete,,team-06/Amolatar/Arwotcek-HC-III/ARWOTCEK HC III.docx,,,,team-06/Amolatar/Arwotcek-HC-III,"Filename or supervisor identifies this facility, but the filed form names Kyankaramata. Identity is reconciled where a chat decision exists; the verification form still needs correction.",SCHOOLS BY DISTRICT AND HEALTH CENTRES.docx,166
H166,Master list,6,Denis Budali,Amolatar,Health centre,Awonangiro HC II,Awonangiro HC III,Field evidence,Verification records received; physical completion not certified,H166,Amolatar,,Complete,,team-06/Amolatar/Awonangiro-HC-III/OWANGIRO HC III.docx,,,,team-06/Amolatar/Awonangiro-HC-III,team-06 / Amolatar / Awonangiro-HC-III,SCHOOLS BY DISTRICT AND HEALTH CENTRES.docx,167
H167,Master list,6,Denis Budali,Amolatar,Health centre,Biko HC II,Biko HC III,Field evidence,Verification records received; physical completion not certified,H167,Amolatar,,Complete,,team-06/Amolatar/Biko-HC-III/BIKO HCIII.docx,,,,team-06/Amolatar/Biko-HC-III,team-06 / Amolatar / Biko-HC-III,SCHOOLS BY DISTRICT AND HEALTH CENTRES.docx,168
H168,Master list,6,Denis Budali,Amolatar,Health centre,Nakatiti HC II,Nakatiti HC III,Field evidence,Verification records received; physical completion not certified,H168,Amolatar,,Complete,,team-06/Amolatar/Nakatiti-HC-III/NAKATI HC III.docx,,,,team-06/Amolatar/Nakatiti-HC-III,team-06 / Amolatar / Nakatiti-HC-III,SCHOOLS BY DISTRICT AND HEALTH CENTRES.docx,169
S027,Master list,6,Denis Budali,Amolatar,School,Akwon,Akwon Seed Secondary School,Field evidence,Verification records received; physical completion not certified,S027,Amolatar,Phase III,Ongoing,,team-06/Amolatar/Akwon-Seed-Secondary-School/Akwon ss-sample photos_.docx,,,,team-06/Amolatar/Akwon-Seed-Secondary-School,team-06 / Amolatar / Akwon-Seed-Secondary-School,SCHOOLS BY DISTRICT AND HEALTH CENTRES.docx,28
S181,Master list,6,Denis Budali,Amolatar,School,Etam,Etam Seed Secondary School,Field evidence,Verification records received; physical completion not certified,S181,Amolatar,Phase II,Complete,,team-06/Amolatar/Etam-Seed-Secondary-School/AKALI HC III & ETAM SEED SCHOOL.docx,,,,team-06/Amolatar/Etam-Seed-Secondary-School,team-06 / Amolatar / Etam-Seed-Secondary-School,SCHOOLS BY DISTRICT AND HEALTH CENTRES.docx,182
S182,Master list,6,Denis Budali,Amolatar,School,Muntu Seed School,Muntu Seed Secondary School,Field evidence,Verification records received; physical completion not certified,S182,Amolatar,Phase I,Complete,,team-06/Amolatar/Muntu-Seed-Secondary-School/AGANGA HC III & MUNTU Seed School.docx,,,,team-06/Amolatar/Muntu-Seed-Secondary-School,team-06 / Amolatar / Muntu-Seed-Secondary-School,SCHOOLS BY DISTRICT AND HEALTH CENTRES.docx,183
H171,Master list,6,Denis Budali,Apac,Health centre,Aganga HCII,Aganga HC III,Field evidence,Verification records received; physical completion not certified,H171,Apac,,Complete,,team-06/Apac/Aganga-HC-III/AGANGA HC III & MUNTU Seed School.docx,,,,team-06/Apac/Aganga-HC-III,team-06 / Apac / Aganga-HC-III,SCHOOLS BY DISTRICT AND HEALTH CENTRES.docx,172
H172,Master list,6,Denis Budali,Apac,Health centre,Kidilani HC II,Kidilani HC III,Field evidence,Verification records received; physical completion not certified,H172,Apac,,Complete,,team-06/Apac/Kidilani-HC-III/KIDILANI HC III & AKWON SEED SCHOOL.docx,,,,team-06/Apac/Kidilani-HC-III,team-06 / Apac / Kidilani-HC-III,SCHOOLS BY DISTRICT AND HEALTH CENTRES.docx,173
H173,Master list,6,Denis Budali,Apac,Health centre,Kungu HC II,Kungu HC III,Field evidence,Verification records received; physical completion not certified,H173,Apac,,Complete,,team-06/Apac/Kungu-HC-III/KUNGU HCIII.docx,,,,team-06/Apac/Kungu-HC-III,team-06 / Apac / Kungu-HC-III,SCHOOLS BY DISTRICT AND HEALTH CENTRES.docx,174
H174,Master list,6,Denis Budali,Apac,Health centre,Olelpek HC II,Olelpek HC III,Field evidence,Verification records received; physical completion not certified,H174,Apac,,Complete,,team-06/Apac/Olelpek-HC-III/OLEPEK HC III.docx,,,,team-06/Apac/Olelpek-HC-III,team-06 / Apac / Olelpek-HC-III,SCHOOLS BY DISTRICT AND HEALTH CENTRES.docx,175
S183,Master list,6,Denis Budali,Apac,School,Apac Seed School,Apac Seed Secondary School,Field evidence,Verification records received; physical completion not certified,S183,Apac,Phase I,Complete,,team-06/Apac/Apac-Seed-Secondary-School/APAC Seed School.docx,,,,team-06/Apac/Apac-Seed-Secondary-School,team-06 / Apac / Apac-Seed-Secondary-School,SCHOOLS BY DISTRICT AND HEALTH CENTRES.docx,184
S184,Master list,6,Denis Budali,Apac MC,School,Arocha,Arocha Seed Secondary School,Field evidence,Verification records received; physical completion not certified,S184,Apac MC,Phase II,Complete,,team-06/Apac MC/Arocha-Seed-Secondary-School/AROCHA SEED School.docx,,,,team-06/Apac MC/Arocha-Seed-Secondary-School,team-06 / Apac MC / Arocha-Seed-Secondary-School,SCHOOLS BY DISTRICT AND HEALTH CENTRES.docx,185
H186,Master list,6,Denis Budali,Kwania,Health centre,Akali HC II,Akali HC III,Field evidence,Verification records received; physical completion not certified,H186,Kwania,,Complete,,team-06/Kwania/Akali-HC-III/AKALI HC III & ETAM SEED SCHOOL.docx,,,,team-06/Kwania/Akali-HC-III,team-06 / Kwania / Akali-HC-III,SCHOOLS BY DISTRICT AND HEALTH CENTRES.docx,187
H187,Master list,6,Denis Budali,Kwania,Health centre,Owiny HC II,Owiny HC III,Field evidence,Verification records received; physical completion not certified,H187,Kwania,,Complete,,team-06/Kwania/Owiny-HC-III/OWINY HEALTH CENTRE III.docx,,,,team-06/Kwania/Owiny-HC-III,team-06 / Kwania / Owiny-HC-III,SCHOOLS BY DISTRICT AND HEALTH CENTRES.docx,188
S189,Master list,6,Denis Budali,Kwania,School,Aduku Seed School,Aduku Seed Secondary School,Field evidence,Verification records received; physical completion not certified,S189,Kwania,Phase I,Complete,,team-06/Kwania/Aduku-Seed-Secondary-School/ADUKU Seed Secondary school.DTB..docx,,,,team-06/Kwania/Aduku-Seed-Secondary-School,team-06 / Kwania / Aduku-Seed-Secondary-School,SCHOOLS BY DISTRICT AND HEALTH CENTRES.docx,190
H160,Master list,7,Denis Budali,Alebtong,Health centre,Adwir HC II,Adwir HC III,Field evidence,Verification records received; physical completion not certified,H160,Alebtong,,Complete,,team-07/Alebtong/Adwir-HC-III/ADWIR HEALTH CENTER III.docx,,,,team-07/Alebtong/Adwir-HC-III,team-07 / Alebtong / Adwir-HC-III,SCHOOLS BY DISTRICT AND HEALTH CENTRES.docx,161
H164,Master list,7,Denis Budali,Alebtong,Health centre,Anara HC II,Anara HC III,Field evidence,Verification records received; physical completion not certified,H164,Alebtong,,Complete,,team-07/Alebtong/Anara-HC-III/ANARA HC III.docx,,,,team-07/Alebtong/Anara-HC-III,team-07 / Alebtong / Anara-HC-III,SCHOOLS BY DISTRICT AND HEALTH CENTRES.docx,165
H163,Master list,7,Denis Budali,Alebtong,Health centre,Angetta HC II,Angetta HC III,Field evidence,Verification records received; physical completion not certified,H163,Alebtong,,Complete,,team-07/Alebtong/Angetta-HC-III/ANGETTA HC III.docx,,,,team-07/Alebtong/Angetta-HC-III,team-07 / Alebtong / Angetta-HC-III,SCHOOLS BY DISTRICT AND HEALTH CENTRES.docx,164
H162,Master list,7,Denis Budali,Alebtong,Health centre,Awei HC II,Awei HC III,Field evidence,Verification records received; physical completion not certified,H162,Alebtong,,Complete,,team-07/Alebtong/Awei-HC-III/AWEI HC 111.Alebtong District..docx,,,,team-07/Alebtong/Awei-HC-III,team-07 / Alebtong / Awei-HC-III,SCHOOLS BY DISTRICT AND HEALTH CENTRES.docx,163
H161,Master list,7,Denis Budali,Alebtong,Health centre,Moroto Abia HC II,Abia HC III,Field evidence,Verification records received; physical completion not certified,H161,Alebtong,,Complete,,team-07/Alebtong/Abia-HC-III/ABIA HC III.docx,,,,team-07/Alebtong/Abia-HC-III,team-07 / Alebtong / Abia-HC-III,SCHOOLS BY DISTRICT AND HEALTH CENTRES.docx,162
S179,Master list,7,Denis Budali,Alebtong,School,Abia Seed S.S,Abia Seed S.S,Field evidence,Completed from consolidated register; physical inspection not certified,S179,Alebtong,Phase I,Complete,,team-07/_team-documents/SCHOOLS FOR TEAM SEVEN DTB.xlsx,Sheet1!row 1345,,,,Asset section: LOCAL GOVT: ALEBTONG; SCHOOL: ABIA SEED SCHOOL,SCHOOLS BY DISTRICT AND HEALTH CENTRES.docx,180
S180,Master list,7,Denis Budali,Alebtong,School,Awei,Awei,Field evidence,Completed from consolidated register; physical inspection not certified,S180,Alebtong,Phase II,Complete,,team-07/_team-documents/SCHOOLS FOR TEAM SEVEN DTB.xlsx,Sheet1!row 790,,,,Asset section: LOCAL GOVT: ALEBTONG; SCHOOL: AWEI SEED SCHOOL,SCHOOLS BY DISTRICT AND HEALTH CENTRES.docx,181
H177,Master list,7,Denis Budali,Dokolo,Health centre,Abalang HC II,Abalang HC III,Field evidence,Verification records received; physical completion not certified,H177,Dokolo,,Complete,,team-07/Dokolo/Abalang-HC-III/ABALANG HEALTH CENTER III $ ADEKNINO SEED.docx,,,,team-07/Dokolo/Abalang-HC-III,team-07 / Dokolo / Abalang-HC-III,SCHOOLS BY DISTRICT AND HEALTH CENTRES.docx,178
H181,Master list,7,Denis Budali,Dokolo,Health centre,Adagmon HC II,Adagmon HC III,Field evidence,Verification records received; physical completion not certified,H181,Dokolo,,Complete,,team-07/Dokolo/Adagmon-HC-III/ADAGMON HEALTH CENTER III.docx,,,,team-07/Dokolo/Adagmon-HC-III,team-07 / Dokolo / Adagmon-HC-III,SCHOOLS BY DISTRICT AND HEALTH CENTRES.docx,182
H180,Master list,7,Denis Budali,Dokolo,Health centre,Adok HC II,Adok HC III,Field evidence,Verification records received; physical completion not certified,H180,Dokolo,,Complete,,team-07/Dokolo/Adok-HC-III/ADOK HC III.docx,,,,team-07/Dokolo/Adok-HC-III,team-07 / Dokolo / Adok-HC-III,SCHOOLS BY DISTRICT AND HEALTH CENTRES.docx,181
H176,Master list,7,Denis Budali,Dokolo,Health centre,Amwoma HC II,Amwoma HC III,Field evidence,Verification records received; physical completion not certified,H176,Dokolo,,Complete,,team-07/Dokolo/Amwoma-HC-III/AMWOMA HC III.docx,,,,team-07/Dokolo/Amwoma-HC-III,team-07 / Dokolo / Amwoma-HC-III,SCHOOLS BY DISTRICT AND HEALTH CENTRES.docx,177
H178,Master list,7,Denis Budali,Dokolo,Health centre,Anyacoto HC II,Anyacoto HC III,Field evidence,Verification records received; physical completion not certified,H178,Dokolo,,Complete,,team-07/Dokolo/Anyacoto-HC-III/ANYACOTO HEALTH CENTER III.docx,,,,team-07/Dokolo/Anyacoto-HC-III,team-07 / Dokolo / Anyacoto-HC-III,SCHOOLS BY DISTRICT AND HEALTH CENTRES.docx,179
H179,Master list,7,Denis Budali,Dokolo,Health centre,Awelo HC II,Awelo HC III,Field evidence,Verification records received; physical completion not certified,H179,Dokolo,,Complete,,team-07/Dokolo/Awelo-HC-III/AWELO Health Centre 111..docx,,,,team-07/Dokolo/Awelo-HC-III,team-07 / Dokolo / Awelo-HC-III,SCHOOLS BY DISTRICT AND HEALTH CENTRES.docx,180
H175,Master list,7,Denis Budali,Dokolo,Health centre,Te-Tugu HCII,Te Tugu HC III,Field evidence,Verification records received; physical completion not certified,H175,Dokolo,,Complete,,team-07/Dokolo/Te-Tugu-HC-III/TE-TUGU HC III ..docx,,,,team-07/Dokolo/Te-Tugu-HC-III,team-07 / Dokolo / Te-Tugu-HC-III,SCHOOLS BY DISTRICT AND HEALTH CENTRES.docx,176
S185,Master list,7,Denis Budali,Dokolo,School,Adeknino,Adeknino Seed Secondary School,Field evidence,Verification records received; physical completion not certified,S185,Dokolo,Phase II,Complete,,team-07/Dokolo/Adeknino-Seed-Secondary-School/ABALANG HEALTH CENTER III $ ADEKNINO SEED.docx,,,,team-07/Dokolo/Adeknino-Seed-Secondary-School,team-07 / Dokolo / Adeknino-Seed-Secondary-School,SCHOOLS BY DISTRICT AND HEALTH CENTRES.docx,186
S186,Master list,7,Denis Budali,Dokolo,School,Batta Seed School,Batta Seed School,Field evidence,Completed from consolidated register; physical inspection not certified,S186,Dokolo,Phase I,Complete,,team-07/_team-documents/SCHOOLS FOR TEAM SEVEN DTB.xlsx,Sheet1!row 1863,,,,Asset section: LOCAL GOVT: DOKOLO; SCHOOL: BATA SEED SCHOOL,SCHOOLS BY DISTRICT AND HEALTH CENTRES.docx,187
H191,Master list,7,Denis Budali,Otuke,Health centre,Alango HCII,Alango HC III,Field evidence,Verification records received; physical completion not certified,H191,Otuke,,Complete,,team-07/Otuke/Alango-HC-III/ALANGO (1) HC 111.docx,,,,team-07/Otuke/Alango-HC-III,team-07 / Otuke / Alango-HC-III,SCHOOLS BY DISTRICT AND HEALTH CENTRES.docx,192
H192,Master list,7,Denis Budali,Otuke,Health centre,Ogwete HC II,Ogwete HC III,Field evidence,Verification records received; physical completion not certified,H192,Otuke,,Complete,,team-07/Otuke/Ogwete-HC-III/OGWETE HC III.docx,,,,team-07/Otuke/Ogwete-HC-III,team-07 / Otuke / Ogwete-HC-III,SCHOOLS BY DISTRICT AND HEALTH CENTRES.docx,193
S193,Master list,7,Denis Budali,Otuke,School,Ogoro Seed School,Ogoro Seed School,Field evidence,Completed from consolidated register; physical inspection not certified,S193,Otuke,Phase I,Complete,,team-07/_team-documents/SCHOOLS FOR TEAM SEVEN DTB.xlsx,Sheet1!row 328,,,,Asset section: LOCAL GOVT: OTUKE; SCHOOL: OGUR SEED SCHOOL,SCHOOLS BY DISTRICT AND HEALTH CENTRES.docx,194
S028,Master list,7,Denis Budali,Otuke,School,Orum (New facilities for Okum Seed S.S. - Pledge),Orum (New facilities for Okum Seed S.S. - Pledge),Field evidence,Completed from consolidated register; physical inspection not certified,S028,Otuke,Phase II,Ongoing,,team-07/_team-documents/SCHOOLS FOR TEAM SEVEN DTB.xlsx,Sheet1!row 1719,,,,Asset section: LOCAL GOVT: OTUKE; SCHOOL: OKUM SEED SCHOOL,SCHOOLS BY DISTRICT AND HEALTH CENTRES.docx,29
H138,Master list,8,Denis Budali,Amuria,Health centre,Abeko HC II,Abeko HC III,Field evidence,Verification records received; physical completion not certified,H138,Amuria,,Complete,,team-08/Amuria/Abeko-HC-III/ABEKO HC IIIASSET VERIFICATION AND RECORDING TOOL KIT 222.docx,,,,team-08/Amuria/Abeko-HC-III,team-08 / Amuria / Abeko-HC-III,SCHOOLS BY DISTRICT AND HEALTH CENTRES.docx,139
H140,Master list,8,Denis Budali,Amuria,Health centre,Akeriau HC II,Akeriau HC III,Field evidence,Verification records received; physical completion not certified,H140,Amuria,,Complete,,team-08/Amuria/Akeriau-HC-III/AKERIAU HC IIIASSET VERIFICATION AND RECORDING TOOL KIT 222.docx,,,,team-08/Amuria/Akeriau-HC-III,team-08 / Amuria / Akeriau-HC-III,SCHOOLS BY DISTRICT AND HEALTH CENTRES.docx,141
H141,Master list,8,Denis Budali,Amuria,Health centre,Alere HC II,Alere HC III,Field evidence,Verification records received; physical completion not certified,H141,Amuria,,Complete,,team-08/Amuria/Alere-HC-III/ALERE HC 111D.docx,,,,team-08/Amuria/Alere-HC-III,team-08 / Amuria / Alere-HC-III,SCHOOLS BY DISTRICT AND HEALTH CENTRES.docx,142
H137,Master list,8,Denis Budali,Amuria,Health centre,Golokwara (Ajaki) HC II,Golokwara HC III,Field evidence,Verification records received; physical completion not certified,H137,Amuria,,Complete,,team-08/Amuria/Golokwara-HC-III/Golokwara ASSET VERIFICATION AND RECORDING TOOL KIT 222-1.docx,,,,team-08/Amuria/Golokwara-HC-III,team-08 / Amuria / Golokwara-HC-III,SCHOOLS BY DISTRICT AND HEALTH CENTRES.docx,138
H139,Master list,8,Denis Budali,Amuria,Health centre,Wera HC II,Wera HC III,Field evidence,Verification records received; physical completion not certified,H139,Amuria,,Complete,,"team-08/Amuria/Wera-HC-III/asamuk,wera  ASSET VERIFICATION AND RECORDING TOOL KIT 222-1edit.docx",,,,team-08/Amuria/Wera-HC-III,team-08 / Amuria / Wera-HC-III,SCHOOLS BY DISTRICT AND HEALTH CENTRES.docx,140
S157,Master list,8,Denis Budali,Amuria,School,Asamuk,Asamuk Seed Secondary School,Field evidence,Verification records received; physical completion not certified,S157,Amuria,Phase II,Complete,,"team-08/Amuria/Asamuk-Seed-Secondary-School/asamuk,wera  ASSET VERIFICATION AND RECORDING TOOL KIT 222-1edit.docx",,,,team-08/Amuria/Asamuk-Seed-Secondary-School,team-08 / Amuria / Asamuk-Seed-Secondary-School,SCHOOLS BY DISTRICT AND HEALTH CENTRES.docx,158
H127,Master list,8,Denis Budali,Kapelebyong,Health centre,Aeket HC II,Aeket HC III,Field evidence,Verification records received; physical completion not certified,H127,Kapelebyong,,Complete,,team-08/Kapelebyong/Aeket-HC-III/AEKET HCIII ASSET VERIFICATION AND RECORDING TOOL KIT 222.docx,,,,team-08/Kapelebyong/Aeket-HC-III,team-08 / Kapelebyong / Aeket-HC-III,SCHOOLS BY DISTRICT AND HEALTH CENTRES.docx,128
H129,Master list,8,Denis Budali,Kapelebyong,Health centre,Akoromit,Akoromit HC III,Field evidence,Verification records received; physical completion not certified,H129,Kapelebyong,,Complete,,team-08/Kapelebyong/Akoromit-HC-III/AKOROMIT HEALTH CENTRE III ASSET VERIFICATION AND RECORDING TOOL KIT 222.docx,,,,team-08/Kapelebyong/Akoromit-HC-III,team-08 / Kapelebyong / Akoromit-HC-III,SCHOOLS BY DISTRICT AND HEALTH CENTRES.docx,130
H128,Master list,8,Denis Budali,Kapelebyong,Health centre,Alito HCII,Alito HC III,Field evidence,Verification records received; physical completion not certified,H128,Kapelebyong,,Complete,,team-08/Kapelebyong/Alito-HC-III/alito hc III.docx,,,,team-08/Kapelebyong/Alito-HC-III,team-08 / Kapelebyong / Alito-HC-III,SCHOOLS BY DISTRICT AND HEALTH CENTRES.docx,129
H131,Master list,8,Denis Budali,Katakwi,Health centre,Akoboi HCII,Akoboi HC III,Field evidence,Verification records received; physical completion not certified,H131,Katakwi,,Complete,,team-08/Katakwi/Akoboi-HC-III/AKOBOI HC III.docx,,,,team-08/Katakwi/Akoboi-HC-III,team-08 / Katakwi / Akoboi-HC-III,SCHOOLS BY DISTRICT AND HEALTH CENTRES.docx,132
H132,Master list,8,Denis Budali,Katakwi,Health centre,Aliakamer HC II,Aliakamer HC III,Field evidence,Verification records received; physical completion not certified,H132,Katakwi,,Complete,,team-08/Katakwi/Aliakamer-HC-III/ALIAKAMER HCIII & TOROMA SEED SCHOOL ASSET VERIFICATION AND RECORDING TOOL KIT 222.docx,,,,team-08/Katakwi/Aliakamer-HC-III,team-08 / Katakwi / Aliakamer-HC-III,SCHOOLS BY DISTRICT AND HEALTH CENTRES.docx,133
H130,Master list,8,Denis Budali,Katakwi,Health centre,Koritok HC II,Koritok HC III,Field evidence,Verification records received; physical completion not certified,H130,Katakwi,,Complete,,team-08/Katakwi/Koritok-HC-III/KORITOK HC III AND PALAM SEED SS ASSET VERIFICATION AND RECORDING TOOL KIT 222-1.docx,,,,team-08/Katakwi/Koritok-HC-III,team-08 / Katakwi / Koritok-HC-III,SCHOOLS BY DISTRICT AND HEALTH CENTRES.docx,131
S162,Master list,8,Denis Budali,Katakwi,School,Palam Seed School,Palam Seed Secondary School,Field evidence,Verification records received; physical completion not certified,S162,Katakwi,Phase I,Complete,,team-08/Katakwi/Palam-Seed-Secondary-School/KORITOK HC III AND PALAM SEED SS ASSET VERIFICATION AND RECORDING TOOL KIT 222-1.docx,,,,team-08/Katakwi/Palam-Seed-Secondary-School,team-08 / Katakwi / Palam-Seed-Secondary-School,SCHOOLS BY DISTRICT AND HEALTH CENTRES.docx,163
S163,Master list,8,Denis Budali,Katakwi,School,Toroma,Toroma Seed Secondary School,Field evidence,Verification records received; physical completion not certified,S163,Katakwi,Phase II,Complete,,team-08/Katakwi/Toroma-Seed-Secondary-School/ALIAKAMER HCIII & TOROMA SEED SCHOOL ASSET VERIFICATION AND RECORDING TOOL KIT 222.docx,,,,team-08/Katakwi/Toroma-Seed-Secondary-School,team-08 / Katakwi / Toroma-Seed-Secondary-School,SCHOOLS BY DISTRICT AND HEALTH CENTRES.docx,164
H135,Master list,8,Denis Budali,Serere,Health centre,Aarapoo HC II,Aarapoo HC III,Field evidence,Verification records received; physical completion not certified,H135,Serere,,Complete,,team-08/Serere/Aarapoo-HC-III/AARAPOO HC III and OLIO SEED  ASSET VERIFICATION AND RECORDING TOOL KIT 222.docx,,,,team-08/Serere/Aarapoo-HC-III,team-08 / Serere / Aarapoo-HC-III,SCHOOLS BY DISTRICT AND HEALTH CENTRES.docx,136
H134,Master list,8,Denis Budali,Serere,Health centre,Kagwara HC II,Kagwara HC III,Field evidence,Verification records received; physical completion not certified,H134,Serere,,Complete,,team-08/Serere/Kagwara-HC-III/kagwara HC III and school-2.docx,,,,team-08/Serere/Kagwara-HC-III,team-08 / Serere / Kagwara-HC-III,SCHOOLS BY DISTRICT AND HEALTH CENTRES.docx,135
H133,Master list,8,Denis Budali,Serere,Health centre,Kamod HC II,Kamod HC III,Field evidence,Verification records received; physical completion not certified,H133,Serere,,Complete,,team-08/Serere/Kamod-HC-III/KAMOD HSC III ASSET VERIFICATION AND RECORDING TOOL KIT 222.docx,,,,team-08/Serere/Kamod-HC-III,team-08 / Serere / Kamod-HC-III,SCHOOLS BY DISTRICT AND HEALTH CENTRES.docx,134
H136,Master list,8,Denis Budali,Serere,Health centre,Oburin HC II,Oburin HC III,Field evidence,Verification records received; physical completion not certified,H136,Serere,,Complete,,team-08/Serere/Oburin-HC-III/OBURIN HC III.docx,,,,team-08/Serere/Oburin-HC-III,team-08 / Serere / Oburin-HC-III,SCHOOLS BY DISTRICT AND HEALTH CENTRES.docx,137
S167,Master list,8,Denis Budali,Serere,School,Kadungulu Seed School,Kagwara Seed Secondary School,Field evidence,Completed from consolidated register; physical inspection not certified,S167,Serere,Phase I,Complete,CHAT07,team-08/_team-documents/TEAM EIGHT SCHOOLS DTB 2.xlsx,Sheet1!row 1598,_multi-team/programme-documents/data-management-chat/WhatsApp Chat with DATA MANAGEMENT UGIFT.txt,CHAT07,,"Name corrected. Edited message contains Kagarwa and kagwara; use on-ground document spelling. Master/roster region is Teso, despite chat saying Lango. Register uses Kagawa; chat confirms Kagwara in Kadungulu.",SCHOOLS BY DISTRICT AND HEALTH CENTRES.docx,168
S168,Master list,8,Denis Budali,Serere,School,Olio,Olio Seed Secondary School,Field evidence,Verification records received; physical completion not certified,S168,Serere,Phase II,Complete,,team-08/Serere/Olio-Seed-Secondary-School/AARAPOO HC III and OLIO SEED  ASSET VERIFICATION AND RECORDING TOOL KIT 222.docx,,,,team-08/Serere/Olio-Seed-Secondary-School,team-08 / Serere / Olio-Seed-Secondary-School,SCHOOLS BY DISTRICT AND HEALTH CENTRES.docx,169
S169,Master list,8,Denis Budali,Soroti,School,Asuret Seed School,Asuret Seed Secondary School,Field evidence,Verification records received; physical completion not certified,S169,Soroti,Phase I,Complete,,team-08/Soroti/Asuret-Seed-Secondary-School/ASURET SEED SS ASSET VERIFICATION AND RECORDING TOOL KIT 222.docx,,,,team-08/Soroti/Asuret-Seed-Secondary-School,team-08 / Soroti / Asuret-Seed-Secondary-School,SCHOOLS BY DISTRICT AND HEALTH CENTRES.docx,170
S170,Master list,8,Denis Budali,Soroti,School,Kamuda,Kamuda Seed Secondary School,Field evidence,Verification records received; physical completion not certified,S170,Soroti,Phase II,Complete,,team-08/Soroti/Kamuda-Seed-Secondary-School/SOROTI BLOOD  BANK & KAMUDA SEED SCH ASSET VERIFICATION AND RECORDING TOOL KIT 222.docx,,,,team-08/Soroti/Kamuda-Seed-Secondary-School,team-08 / Soroti / Kamuda-Seed-Secondary-School,SCHOOLS BY DISTRICT AND HEALTH CENTRES.docx,171
H126,Master list,9,Denis Budali,Bukedea,Health centre,Akuoro HC II,Akuoro HC III,Field evidence,Verification records received; physical completion not certified,H126,Bukedea,,Complete,,team-09/Bukedea/Akuoro-HC-III/AKUORO HC III.docx,,,,team-09/Bukedea/Akuoro-HC-III,team-09 / Bukedea / Akuoro-HC-III,SCHOOLS BY DISTRICT AND HEALTH CENTRES.docx,127
H125,Master list,9,Denis Budali,Bukedea,Health centre,Kocheka HC II,Kangole HC III,Field evidence,Verification records received; physical completion not certified,H125,Bukedea,,Complete,CHAT09,team-09/Bukedea/Kangole-HC-III/KANGOLE HEALTH CENTRE III ASSET VERIFICATION AND RECORDING TOOL KIT 222.docx,,_multi-team/programme-documents/data-management-chat/WhatsApp Chat with DATA MANAGEMENT UGIFT.txt,CHAT09,team-09/Bukedea/Kangole-HC-III,"Ground name reconciled to listed Kocheka. Master already lists Kocheka (row125), not Kangole. Do not count as an additional off-master facility. LG from master/ground evidence; chat region is erroneous.",SCHOOLS BY DISTRICT AND HEALTH CENTRES.docx,126
H123,Master list,9,Denis Budali,Bukedea,Health centre,Nalugai HC II,Nalugai HC III,Field evidence,Verification records received; physical completion not certified,H123,Bukedea,,Complete,,team-09/Bukedea/Nalugai-HC-III/NALUGAI HC III.docx,,,,team-09/Bukedea/Nalugai-HC-III,team-09 / Bukedea / Nalugai-HC-III,SCHOOLS BY DISTRICT AND HEALTH CENTRES.docx,124
H124,Master list,9,Denis Budali,Bukedea,Health centre,Tajar HC II,Tajar HC III,Field evidence,Verification records received; physical completion not certified,H124,Bukedea,,Complete,,team-09/Bukedea/Tajar-HC-III/TAJAR HEALTH CENTRE III.docx,,,,team-09/Bukedea/Tajar-HC-III,team-09 / Bukedea / Tajar-HC-III,SCHOOLS BY DISTRICT AND HEALTH CENTRES.docx,125
S158,Master list,9,Denis Budali,Bukedea,School,Kabarwa Seed School,Kabarwa Seed Secondary School,Field evidence,Verification records received; physical completion not certified,S158,Bukedea,Phase I,Complete,,team-09/Bukedea/Kabarwa-Seed-Secondary-School/MALERA KABARWA SEED DECONDARY SCHOOL.docx,,,,team-09/Bukedea/Kabarwa-Seed-Secondary-School,team-09 / Bukedea / Kabarwa-Seed-Secondary-School,SCHOOLS BY DISTRICT AND HEALTH CENTRES.docx,159
H058,Master list,9,Denis Budali,Butebo,Health centre,Kachuru HC II,Kachuru HC III,Field evidence,Verification records received; physical completion not certified,H058,Butebo,,Complete,,team-09/Butebo/Kachuru-HC-III/kachuru health centre III.docx,,,,team-09/Butebo/Kachuru-HC-III,team-09 / Butebo / Kachuru-HC-III,SCHOOLS BY DISTRICT AND HEALTH CENTRES.docx,59
H059,Master list,9,Denis Budali,Butebo,Health centre,Kanyumu HC II,Kanyumu HC III,Field evidence,Verification records received; physical completion not certified,H059,Butebo,,Complete,,team-09/Butebo/Kanyumu-HC-III/KANYUMU HEALTH CENTRE III.docx,,,,team-09/Butebo/Kanyumu-HC-III,team-09 / Butebo / Kanyumu-HC-III,SCHOOLS BY DISTRICT AND HEALTH CENTRES.docx,60
S098,Master list,9,Denis Budali,Butebo,School,Kanginima Seed School,Kanginima Seed Secondary School,Field evidence,Verification records received; physical completion not certified,S098,Butebo,Phase I,Complete,,team-09/Butebo/Kanginima-Seed-Secondary-School/CONTACTS OF PERSONS VISITED AT KANGINIMA SEED SCHOOL.docx,,,,team-09/Butebo/Kanginima-Seed-Secondary-School,team-09 / Butebo / Kanginima-Seed-Secondary-School,SCHOOLS BY DISTRICT AND HEALTH CENTRES.docx,99
S159,Master list,9,Denis Budali,Kaberamaido,School,Aperikira,Aperikira Seed Secondary School,Field evidence,Verification records received; physical completion not certified,S159,Kaberamaido,Phase III,Complete,,team-09/Kaberamaido/Aperikira-Seed-Secondary-School/APERIKIRA SEED SCHOOL ASSET VERIFICATION.docx,,,,team-09/Kaberamaido/Aperikira-Seed-Secondary-School,team-09 / Kaberamaido / Aperikira-Seed-Secondary-School,SCHOOLS BY DISTRICT AND HEALTH CENTRES.docx,160
S160,Master list,9,Denis Budali,Kalaki,School,Apapai,Apapai Seed Secondary School,Field evidence,Verification records received; physical completion not certified,S160,Kalaki,Phase II,Complete,,team-09/Kalaki/Apapai-Seed-Secondary-School/apapai seed secondary school.docx,,,,team-09/Kalaki/Apapai-Seed-Secondary-School,team-09 / Kalaki / Apapai-Seed-Secondary-School,SCHOOLS BY DISTRICT AND HEALTH CENTRES.docx,161
S161,Master list,9,Denis Budali,Kalaki,School,Kakure Seed S.S,Kakure Seed Secondary School,Field evidence,Verification records received; physical completion not certified,S161,Kalaki,Phase I,Complete,,team-09/Kalaki/Kakure-Seed-Secondary-School/KAKURE SEED SCHOOL.docx,,,,team-09/Kalaki/Kakure-Seed-Secondary-School,team-09 / Kalaki / Kakure-Seed-Secondary-School,SCHOOLS BY DISTRICT AND HEALTH CENTRES.docx,162
S164,Master list,9,Denis Budali,Kumi,School,Kumi Seed School,Kumi Seed Secondary School,Field evidence,Verification records received; physical completion not certified,S164,Kumi,Phase I,Complete,,team-09/Kumi/Kumi-Seed-Secondary-School/KUMI SEED SECONDARY SCHOOL.docx,,,,team-09/Kumi/Kumi-Seed-Secondary-School,team-09 / Kumi / Kumi-Seed-Secondary-School,SCHOOLS BY DISTRICT AND HEALTH CENTRES.docx,165
S165,Master list,9,Denis Budali,Kumi,School,Nyero (New facilities at Dr. Aporu Okol Mem. S.S.),Dr Aporu Okol Seed Secondary School,Field evidence,Verification records received; physical completion not certified,S165,Kumi,Phase II,Complete,,team-09/Kumi/Dr-Aporu-Okol-Seed-Secondary-School/DR APORU-OKOL MEMORIAL SS.docx,,,,team-09/Kumi/Dr-Aporu-Okol-Seed-Secondary-School,team-09 / Kumi / Dr-Aporu-Okol-Seed-Secondary-School,SCHOOLS BY DISTRICT AND HEALTH CENTRES.docx,166
S166,Master list,9,Denis Budali,Ngora,School,Ngora Seed School,Ngora Seed Secondary School,Field evidence,Verification records received; physical completion not certified,S166,Ngora,Phase I,Complete,,team-09/Ngora/Ngora-Seed-Secondary-School/PICTURES/IMG-20260828-WA0070.jpeg,,,,team-09/Ngora/Ngora-Seed-Secondary-School,team-09 / Ngora / Ngora-Seed-Secondary-School,SCHOOLS BY DISTRICT AND HEALTH CENTRES.docx,167
S102,Master list,9,Denis Budali,Pallisa,School,Olok Seed School,Olok Seed Secondary School,Field evidence,Verification records received; physical completion not certified,S102,Pallisa,Phase I,Complete,,team-09/Pallisa/Olok-Seed-Secondary-School/OLOK SEED SECONDARY SCHOOL.docx,,,,team-09/Pallisa/Olok-Seed-Secondary-School,team-09 / Pallisa / Olok-Seed-Secondary-School,SCHOOLS BY DISTRICT AND HEALTH CENTRES.docx,103
S103,Master list,9,Denis Budali,Pallisa,School,Pallisa,Akadot Seed Secondary School,Field evidence,Verification records received; physical completion not certified,S103,Pallisa,Phase II,Complete,CHAT05,team-09/Pallisa/Akadot-Seed-Secondary-School/akadot seed secondary school.docx,,_multi-team/programme-documents/data-management-chat/WhatsApp Chat with DATA MANAGEMENT UGIFT.txt,CHAT05,team-09/Pallisa/Akadot-Seed-Secondary-School,Name corrected. Edited message. Master classifies Pallisa under Bukedi; preserve master region and use explicit LG/team.,SCHOOLS BY DISTRICT AND HEALTH CENTRES.docx,104
S144,Master list,10,Luminsa Kassim,Amudat,School,Kalita Seed School,Kalita Seed School,Field evidence,Verification records received; physical completion not certified,S144,Amudat,Phase I,Complete,,team-10/Amudat/Kalita-Seed-School/Amudat-school-Kalita-Seed-School.docx,,,,team-10/Amudat/Kalita-Seed-School,team-10 / Amudat / Kalita-Seed-School,SCHOOLS BY DISTRICT AND HEALTH CENTRES.docx,145
S145,Master list,10,Luminsa Kassim,Amudat,School,Looro,Looro Seed Secondary School,Field evidence,Verification records received; physical completion not certified,S145,Amudat,Phase II,Complete,,team-10/Amudat/Looro-Seed-Secondary-School/Amudat-school-Looro-Seed-Secondary-School.docx,,,,team-10/Amudat/Looro-Seed-Secondary-School,team-10 / Amudat / Looro-Seed-Secondary-School,SCHOOLS BY DISTRICT AND HEALTH CENTRES.docx,146
H159,Master list,10,Luminsa Kassim,Moroto,Health centre,Kalemungole HCII,Kalemungole HC III,Field evidence,Verification records received; physical completion not certified,H159,Moroto,,Complete,,team-10/Moroto/Kalemungole-HC-III/Asset-Verification-Toolkit.docx,,,,team-10/Moroto/Kalemungole-HC-III,team-10 / Moroto / Kalemungole-HC-III,SCHOOLS BY DISTRICT AND HEALTH CENTRES.docx,160
S150,Master list,10,Luminsa Kassim,Moroto,School,Katikekire,Katikekire Seed School,Field evidence,Verification records received; physical completion not certified,S150,Moroto,Phase II,Complete,,team-10/Moroto/Katikekire-Seed-School/Asset-Verification-Toolkit.docx,,,,team-10/Moroto/Katikekire-Seed-School,team-10 / Moroto / Katikekire-Seed-School,SCHOOLS BY DISTRICT AND HEALTH CENTRES.docx,151
S151,Master list,10,Luminsa Kassim,Moroto,School,Rupa Seed School,Rupa Seed School,Field evidence,Verification records received; physical completion not certified,S151,Moroto,Phase I,Complete,,team-10/Moroto/Rupa-Seed-School/Asset-Verification-Toolkit.docx,,,,team-10/Moroto/Rupa-Seed-School,team-10 / Moroto / Rupa-Seed-School,SCHOOLS BY DISTRICT AND HEALTH CENTRES.docx,152
S152,Master list,10,Luminsa Kassim,Nabilatuk,School,Lolachat Seed School,Lolachat Seed School,Field evidence,Verification records received; physical completion not certified,S152,Nabilatuk,Phase I,Complete,,team-10/Nabilatuk/Lolachat-Seed-School/Asset-Verification-Toolkit.docx,,,,team-10/Nabilatuk/Lolachat-Seed-School,team-10 / Nabilatuk / Lolachat-Seed-School,SCHOOLS BY DISTRICT AND HEALTH CENTRES.docx,153
S020,Master list,10,Luminsa Kassim,Nakapiripirit,School,Moruita,Moruita Seed Secondary School,Field evidence,Verification records received; physical completion not certified,S020,Nakapiripirit,Phase II,ongoing,,team-10/Nakapiripirit/Moruita-Seed-Secondary-School/Asset-Verification-Toolkit.docx,,,,team-10/Nakapiripirit/Moruita-Seed-Secondary-School,team-10 / Nakapiripirit / Moruita-Seed-Secondary-School,SCHOOLS BY DISTRICT AND HEALTH CENTRES.docx,21
S153,Master list,10,Luminsa Kassim,Nakapiripirit,School,Nakapiripirit Seed School,Nakapiripirit Seed School,Field evidence,Verification records received; physical completion not certified,S153,Nakapiripirit,Phase I,Complete,,team-10/Nakapiripirit/Nakapiripirit-Seed-School/Asset-Verification-Toolkit.docx,,,,team-10/Nakapiripirit/Nakapiripirit-Seed-School,team-10 / Nakapiripirit / Nakapiripirit-Seed-School,SCHOOLS BY DISTRICT AND HEALTH CENTRES.docx,154
S154,Master list,10,Luminsa Kassim,Napak,School,Iriiri,Iriiri Seed Secondary School,Field evidence,Verification records received; physical completion not certified,S154,Napak,Phase II,Complete,,team-10/Napak/Iriiri-Seed-Secondary-School/Asset-Verification-Toolkit.docx,,,,team-10/Napak/Iriiri-Seed-Secondary-School,team-10 / Napak / Iriiri-Seed-Secondary-School,SCHOOLS BY DISTRICT AND HEALTH CENTRES.docx,155
S155,Master list,10,Luminsa Kassim,Napak,School,Lopei,Lopei Seed Secondary School,Field evidence,Verification records received; physical completion not certified,S155,Napak,Phase III,Complete,,team-10/Napak/Lopei-Seed-Secondary-School/Asset-Verification-Toolkit.docx,,,,team-10/Napak/Lopei-Seed-Secondary-School,team-10 / Napak / Lopei-Seed-Secondary-School,SCHOOLS BY DISTRICT AND HEALTH CENTRES.docx,156
S156,Master list,10,Luminsa Kassim,Napak,School,Napak Seed School,Napak Seed Secondary School,Field evidence,Verification records received; physical completion not certified,S156,Napak,Phase I,Complete,,team-10/Napak/Napak-Seed-Secondary-School/Asset-Verification-Toolkit.docx,,,,team-10/Napak/Napak-Seed-Secondary-School,team-10 / Napak / Napak-Seed-Secondary-School,SCHOOLS BY DISTRICT AND HEALTH CENTRES.docx,157
S141,Master list,11,Luminsa Kassim,Abim,School,Alerek,Alerek Seed Secondary School,Field evidence,Verification records received; physical completion not certified,S141,Abim,Phase II,Complete,,team-11/Abim/Alerek-Seed-Secondary-School/Abim-school-Alerek-Seed-Secondary-School.docx,,,,team-11/Abim/Alerek-Seed-Secondary-School,team-11 / Abim / Alerek-Seed-Secondary-School,SCHOOLS BY DISTRICT AND HEALTH CENTRES.docx,142
S142,Master list,11,Luminsa Kassim,Abim,School,Magamaga,Magamaga Seed School,Field evidence,Verification records received; physical completion not certified,S142,Abim,Phase III,Complete,,team-11/Abim/Magamaga-Seed-School/Abim-school-Magamaga-Seed-School.docx,,,,team-11/Abim/Magamaga-Seed-School,team-11 / Abim / Magamaga-Seed-School,SCHOOLS BY DISTRICT AND HEALTH CENTRES.docx,143
S143,Master list,11,Luminsa Kassim,Abim,School,Nakwae Seed School,Nakwae Seed School,Field evidence,Verification records received; physical completion not certified,S143,Abim,Phase I,Complete,,team-11/Abim/Nakwae-Seed-School/Abim-school-Nakwae-Seed-School.docx,,,,team-11/Abim/Nakwae-Seed-School,team-11 / Abim / Nakwae-Seed-School,SCHOOLS BY DISTRICT AND HEALTH CENTRES.docx,144
S019,Master list,11,Luminsa Kassim,Kaabong,School,Sidok,Sidok Seed Secondary School,Field evidence,Verification records received; physical completion not certified,S019,Kaabong,Phase III,Ongoing,,team-11/Kaabong/Sidok-Seed-Secondary-School/Asset-Verification-Toolkit.docx,,,,team-11/Kaabong/Sidok-Seed-Secondary-School,team-11 / Kaabong / Sidok-Seed-Secondary-School,SCHOOLS BY DISTRICT AND HEALTH CENTRES.docx,20
H157,Master list,11,Luminsa Kassim,Karenga,Health centre,Kalimon HCII,Kalimon HC III,Field evidence,Verification records received; physical completion not certified,H157,Karenga,,Complete,,team-11/Karenga/Kalimon-HC-III/Asset-Verification-Toolkit.docx,,,,team-11/Karenga/Kalimon-HC-III,team-11 / Karenga / Kalimon-HC-III,SCHOOLS BY DISTRICT AND HEALTH CENTRES.docx,158
S146,Master list,11,Luminsa Kassim,Karenga,School,Kapedo,Kapedo Seed Secondary School,Field evidence,Verification records received; physical completion not certified,S146; S147,Karenga,Phase II; Phase III,Complete,,team-11/Karenga/Kapedo-Seed-Secondary-School/Asset-Verification-Toolkit.docx,,,,team-11/Karenga/Kapedo-Seed-Secondary-School,team-11 / Karenga / Kapedo-Seed-Secondary-School,SCHOOLS BY DISTRICT AND HEALTH CENTRES.docx,147
H158,Master list,11,Luminsa Kassim,Kotido,Health centre,Kamoru HCII,Kamoru HC III,Field evidence,Verification records received; physical completion not certified,H158,Kotido,,Complete,,team-11/Kotido/Kamoru-HC-III/Asset-Verification-Toolkit.docx,,,,team-11/Kotido/Kamoru-HC-III,team-11 / Kotido / Kamoru-HC-III,SCHOOLS BY DISTRICT AND HEALTH CENTRES.docx,159
S148,Master list,11,Luminsa Kassim,Kotido,School,Panyangara Seed School,Panyangara Seed Secondary School,Field evidence,Verification records received; physical completion not certified,S148,Kotido,Phase I,Complete,,team-11/Kotido/Panyangara-Seed-Secondary-School/Asset-Verification-Toolkit.docx,,,,team-11/Kotido/Panyangara-Seed-Secondary-School,team-11 / Kotido / Panyangara-Seed-Secondary-School,SCHOOLS BY DISTRICT AND HEALTH CENTRES.docx,149
S149,Master list,11,Luminsa Kassim,Kotido,School,Rengen,Rengen Seed School,Field evidence,Verification records received; physical completion not certified,S149,Kotido,Phase II,Complete,,team-11/Kotido/Rengen-Seed-School/Asset-Verification-Toolkit.docx,,,,team-11/Kotido/Rengen-Seed-School,team-11 / Kotido / Rengen-Seed-School,SCHOOLS BY DISTRICT AND HEALTH CENTRES.docx,150
H060,Master list,12,Luminsa Kassim,Budaka,Health centre,Namusita (Budaka) HC II,Namusita HC III,Field evidence,Verification records received; physical completion not certified,H060,Budaka,,Complete,,team-12/Budaka/Namusita-HC-III/Asset-Verification-Toolkit.docx,,,,team-12/Budaka/Namusita-HC-III,team-12 / Budaka / Namusita-HC-III,SCHOOLS BY DISTRICT AND HEALTH CENTRES.docx,61
S005,Master list,12,Luminsa Kassim,Budaka,School,Kakule,Kakule Seed Secondary School,Field evidence,Verification records received; physical completion not certified,S005,Budaka,Phase III,Ongoing,,team-12/Budaka/Kakule-Seed-Secondary-School/Asset-Verification-Toolkit.docx,,,,team-12/Budaka/Kakule-Seed-Secondary-School,team-12 / Budaka / Kakule-Seed-Secondary-School,SCHOOLS BY DISTRICT AND HEALTH CENTRES.docx,6
S094,Master list,12,Luminsa Kassim,Budaka,School,Kamonkoli Seed School,Kamonkoli Seed Secondary School,Field evidence,Verification records received; physical completion not certified,S094,Budaka,Phase I,Complete,,team-12/Budaka/Kamonkoli-Seed-Secondary-School/Asset-Verification-Toolkit.docx,,,,team-12/Budaka/Kamonkoli-Seed-Secondary-School,team-12 / Budaka / Kamonkoli-Seed-Secondary-School,SCHOOLS BY DISTRICT AND HEALTH CENTRES.docx,95
S095,Master list,12,Luminsa Kassim,Budaka,School,Mugiti,Mugiti Seed Secondary School,Field evidence,Verification records received; physical completion not certified,S095,Budaka,Phase II,Complete,,team-12/Budaka/Mugiti-Seed-Secondary-School/Asset-Verification-Toolkit.docx,,,,team-12/Budaka/Mugiti-Seed-Secondary-School,team-12 / Budaka / Mugiti-Seed-Secondary-School,SCHOOLS BY DISTRICT AND HEALTH CENTRES.docx,96
S006,Master list,12,Luminsa Kassim,Budaka,School,Nansanga,Nansanga Seed Secondary School,Field evidence,Verification records received; physical completion not certified,S006,Budaka,Phase II,Ongoing,,team-12/Budaka/Nansanga-Seed-Secondary-School/Asset-Verification-Toolkit.docx,,,,team-12/Budaka/Nansanga-Seed-Secondary-School,team-12 / Budaka / Nansanga-Seed-Secondary-School,SCHOOLS BY DISTRICT AND HEALTH CENTRES.docx,7
H071,Master list,12,Luminsa Kassim,Butaleja,Health centre,Nampologoma HCII,Mazimasa HC III,Field evidence,Verification records received; physical completion not certified,H071,Butaleja,,Complete,,team-12/Butaleja/Mazimasa-HC-III/Asset-Verification-Toolkit.docx,,,,team-12/Butaleja/Mazimasa-HC-III,team-12 / Butaleja / Mazimasa-HC-III team document names Nampologoma,SCHOOLS BY DISTRICT AND HEALTH CENTRES.docx,72
S009,Master list,12,Luminsa Kassim,Butaleja,School,Kachonga,Muhula Seed Secondary School,Field evidence,Verification records received; physical completion not certified,S009,Butaleja,Phase II,Ongoing,,team-12/Butaleja/Muhula-Seed-Secondary-School/Asset-Verification-Toolkit.docx,,,,team-12/Butaleja/Muhula-Seed-Secondary-School,team-12 / Butaleja / Muhula-Seed-Secondary-School in Kachonga sub-county,SCHOOLS BY DISTRICT AND HEALTH CENTRES.docx,10
S097,Master list,12,Luminsa Kassim,Butaleja,School,Nakwasi Seed School,Nakwasi Seed Secondary School,Field evidence,Verification records received; physical completion not certified,S097,Butaleja,Phase I,Complete,,team-12/Butaleja/Nakwasi-Seed-Secondary-School/Asset-Verification-Toolkit.docx,,,,team-12/Butaleja/Nakwasi-Seed-Secondary-School,team-12 / Butaleja / Nakwasi-Seed-Secondary-School,SCHOOLS BY DISTRICT AND HEALTH CENTRES.docx,98
H074,Master list,12,Luminsa Kassim,Kibuku,Health centre,Kabweri HC II,Kabweri HC III,Field evidence,Verification records received; physical completion not certified,H074,Kibuku,,Complete,,team-12/Kibuku/Kabweri-HC-III/Asset-Verification-Toolkit.docx,,,,team-12/Kibuku/Kabweri-HC-III,team-12 / Kibuku / Kabweri-HC-III,SCHOOLS BY DISTRICT AND HEALTH CENTRES.docx,75
H072,Master list,12,Luminsa Kassim,Kibuku,Health centre,Lwatama HCII,Lwatama HC III,Field evidence,Verification records received; physical completion not certified,H072,Kibuku,,Complete,,team-12/Kibuku/Lwatama-HC-III/Asset-Verification-Toolkit.docx,,,,team-12/Kibuku/Lwatama-HC-III,team-12 / Kibuku / Lwatama-HC-III,SCHOOLS BY DISTRICT AND HEALTH CENTRES.docx,73
H073,Master list,12,Luminsa Kassim,Kibuku,Health centre,Nalubembe HC II,Nalubembe HC III,Field evidence,Verification records received; physical completion not certified,H073,Kibuku,,Complete,,team-12/Kibuku/Nalubembe-HC-III/Asset-Verification-Toolkit.docx,,,,team-12/Kibuku/Nalubembe-HC-III,team-12 / Kibuku / Nalubembe-HC-III,SCHOOLS BY DISTRICT AND HEALTH CENTRES.docx,74
S099,Master list,12,Luminsa Kassim,Kibuku,School,Kabweri Seed School,Kabweri Seed Secondary School,Field evidence,Verification records received; physical completion not certified,S099,Kibuku,Phase I,Complete,,team-12/Kibuku/Kabweri-Seed-Secondary-School/Asset-Verification-Toolkit.docx,,,,team-12/Kibuku/Kabweri-Seed-Secondary-School,team-12 / Kibuku / Kabweri-Seed-Secondary-School,SCHOOLS BY DISTRICT AND HEALTH CENTRES.docx,100
S100,Master list,12,Luminsa Kassim,Kibuku,School,Kasasila Seed School,Kasasira Seed Secondary School,Field evidence,Verification records received; physical completion not certified,S100,Kibuku,Phase I,Complete,,team-12/Kibuku/Kasasira-Seed-Secondary-School/Asset-Verification-Toolkit.docx,,,,team-12/Kibuku/Kasasira-Seed-Secondary-School,"team-12 / Kibuku / Kasasira-Seed-Secondary-School same facility, spelled differently",SCHOOLS BY DISTRICT AND HEALTH CENTRES.docx,101
S101,Master list,12,Luminsa Kassim,Kibuku,School,Kirika,St Johns Seed Secondary School Kirika,Field evidence,Verification records received; physical completion not certified,S101,Kibuku,Phase II,Complete,,team-12/Kibuku/St-Johns-Seed-Secondary-School-Kirika/Asset-Verification-Toolkit.docx,,,,team-12/Kibuku/St-Johns-Seed-Secondary-School-Kirika,team-12 / Kibuku / St-Johns-Seed-Secondary-School-Kirika,SCHOOLS BY DISTRICT AND HEALTH CENTRES.docx,102
S017,Master list,12,Luminsa Kassim,Mbale,School,Bubentsye Seed School,Bubentsye Seed Secondary School,Field evidence,Verification records received; physical completion not certified,S017,Mbale,Phase I,Ongoing,,team-12/Mbale/Bubentsye-Seed-Secondary-School/Asset-Verification-Toolkit.docx,,,,team-12/Mbale/Bubentsye-Seed-Secondary-School,team-12 / Mbale / Bubentsye-Seed-Secondary-School,SCHOOLS BY DISTRICT AND HEALTH CENTRES.docx,18
S137,Master list,12,Luminsa Kassim,Mbale,School,Lwasso,Lwasso Seed Secondary School,Field evidence,Verification records received; physical completion not certified,S137,Mbale,Phase II,Complete,,team-12/Mbale/Lwasso-Seed-Secondary-School/Asset-Verification-Toolkit.docx,,,,team-12/Mbale/Lwasso-Seed-Secondary-School,team-12 / Mbale / Lwasso-Seed-Secondary-School,SCHOOLS BY DISTRICT AND HEALTH CENTRES.docx,138
H066,Master list,13,Luminsa Kassim,Busia,Health centre,Bumunji HC II,Bumunji HC III,Field evidence,Verification records received; physical completion not certified,H066,Busia,,Complete,,team-13/Busia/Bumunji-HC-III/Asset-Verification-Toolkit.docx,,,,team-13/Busia/Bumunji-HC-III,team-13 / Busia / Bumunji-HC-III,SCHOOLS BY DISTRICT AND HEALTH CENTRES.docx,67
H068,Master list,13,Luminsa Kassim,Busia,Health centre,Buwembe HC II,Buwembe HC III,Field evidence,Verification records received; physical completion not certified,H068,Busia,,Complete,,team-13/Busia/Buwembe-HC-III/Asset-Verification-Toolkit.docx,,,,team-13/Busia/Buwembe-HC-III,team-13 / Busia / Buwembe-HC-III,SCHOOLS BY DISTRICT AND HEALTH CENTRES.docx,69
H065,Master list,13,Luminsa Kassim,Busia,Health centre,Dabani,Dabani,No return,Not established,H065,Busia,,Complete,,,,,,,Unconfirmed possible match: Buwumba-HC-III,SCHOOLS BY DISTRICT AND HEALTH CENTRES.docx,66
H069,Master list,13,Luminsa Kassim,Busia,Health centre,Majanji HC II,Majanji HC III,Field evidence,Verification records received; physical completion not certified,H069,Busia,,Complete,,team-13/Busia/Majanji-HC-III/Asset-Verification-Toolkit.docx,,,,team-13/Busia/Majanji-HC-III,team-13 / Busia / Majanji-HC-III,SCHOOLS BY DISTRICT AND HEALTH CENTRES.docx,70
H067,Master list,13,Luminsa Kassim,Busia,Health centre,Sikuda HC II,Sikuda HC III,Field evidence,Verification records received; physical completion not certified,H067,Busia,,Complete,,team-13/Busia/Sikuda-HC-III/Asset-Verification-Toolkit.docx,,,,team-13/Busia/Sikuda-HC-III,team-13 / Busia / Sikuda-HC-III,SCHOOLS BY DISTRICT AND HEALTH CENTRES.docx,68
S096,Master list,13,Luminsa Kassim,Busia,School,Sikuda,Sikuda Seed Secondary School,Field evidence,Verification records received; physical completion not certified,S096,Busia,Phase II,Complete,,team-13/Busia/Sikuda-Seed-Secondary-School/Asset-Verification-Toolkit.docx,,,,team-13/Busia/Sikuda-Seed-Secondary-School,team-13 / Busia / Sikuda-Seed-Secondary-School,SCHOOLS BY DISTRICT AND HEALTH CENTRES.docx,97
H070,Master list,13,Luminsa Kassim,Busia MC,Health centre,Busia Eastern Division,Busia Eastern Division,No return,Not established,H070,Busia Mc,,Complete,,,,,,,,SCHOOLS BY DISTRICT AND HEALTH CENTRES.docx,71
H118,Master list,13,Luminsa Kassim,Manafwa,Health centre,Bukimanayi HC II,Bukimanayi HC III,Field evidence,Verification records received; physical completion not certified,H118,Manafwa,,Complete,,team-13/Manafwa/Bukimanayi-HC-III/Asset-Verification-Toolkit.docx,,,,team-13/Manafwa/Bukimanayi-HC-III,team-13 / Manafwa / Bukimanayi-HC-III,SCHOOLS BY DISTRICT AND HEALTH CENTRES.docx,119
S015,Master list,13,Luminsa Kassim,Manafwa,School,Butta,Butta,Field evidence,Verification records received; physical completion not certified,S015,Manafwa,Phase III,ongoing,,team-13/Manafwa/Butta/Asset-Verification-Toolkit.docx,,,,team-13/Manafwa/Butta,team-13 / Manafwa / Butta,SCHOOLS BY DISTRICT AND HEALTH CENTRES.docx,16
S134,Master list,13,Luminsa Kassim,Manafwa,School,Buwagogo Seed School,Buwagogo Seed School,Field evidence,Verification records received; physical completion not certified,S134,Manafwa,Phase I,Complete,,team-13/Manafwa/Buwagogo-Seed-School/Asset-Verification-Toolkit.docx,,,,team-13/Manafwa/Buwagogo-Seed-School,team-13 / Manafwa / Buwagogo-Seed-School,SCHOOLS BY DISTRICT AND HEALTH CENTRES.docx,135
S135,Master list,13,Luminsa Kassim,Manafwa,School,Khabutoola,Khabutoola,Field evidence,Verification records received; physical completion not certified,S135,Manafwa,Phase II,Complete,,team-13/Manafwa/Khabutoola/Asset-Verification-Toolkit.docx,,,,team-13/Manafwa/Khabutoola,team-13 / Manafwa / Khabutoola,SCHOOLS BY DISTRICT AND HEALTH CENTRES.docx,136
S136,Master list,13,Luminsa Kassim,Manafwa,School,Sibanga Seed School,Sibanga Seed School,Field evidence,Verification records received; physical completion not certified,S136,Manafwa,Phase I,Complete,,team-13/Manafwa/Sibanga-Seed-School/Asset-Verification-Toolkit.docx,,,,team-13/Manafwa/Sibanga-Seed-School,team-13 / Manafwa / Sibanga-Seed-School,SCHOOLS BY DISTRICT AND HEALTH CENTRES.docx,137
S016,Master list,13,Luminsa Kassim,Manafwa,School,Sisuni,Sisuni,Field evidence,Verification records received; physical completion not certified,S016,Manafwa,Phase III,Ongoing,,team-13/Manafwa/Sisuni/Asset-Verification-Toolkit.docx,,,,team-13/Manafwa/Sisuni,team-13 / Manafwa / Sisuni,SCHOOLS BY DISTRICT AND HEALTH CENTRES.docx,17
S018,Master list,13,Luminsa Kassim,Namisindwa,School,Mukuto Seed School,Mukuto Seed School,Field evidence,Verification records received; physical completion not certified,S018,Namisindwa,Phase I,ongoing,,team-13/Namisindwa/Mukuto-Seed-School/Asset-Verification-Toolkit.docx,,,,team-13/Namisindwa/Mukuto-Seed-School,team-13 / Namisindwa / Mukuto-Seed-School,SCHOOLS BY DISTRICT AND HEALTH CENTRES.docx,19
S138,Master list,13,Luminsa Kassim,Namisindwa,School,Namboko,Namboko,Field evidence,Verification records received; physical completion not certified,S138,Namisindwa,Phase II,Complete,,team-13/Namisindwa/Namboko/Asset-Verification-Toolkit.docx,,,,team-13/Namisindwa/Namboko,team-13 / Namisindwa / Namboko,SCHOOLS BY DISTRICT AND HEALTH CENTRES.docx,139
H076,Master list,13,Luminsa Kassim,Tororo,Health centre,Kamuli HCII,Kamuli HC III,Field evidence,Verification records received; physical completion not certified,H076,Tororo,,Complete,,team-13/Tororo/Kamuli-HC-III/Asset-Verification-Toolkit.docx,,,,team-13/Tororo/Kamuli-HC-III,team-13 / Tororo / Kamuli-HC-III,SCHOOLS BY DISTRICT AND HEALTH CENTRES.docx,77
H078,Master list,13,Luminsa Kassim,Tororo,Health centre,Namwaya HCII,Namwaya HC III,Field evidence,Verification records received; physical completion not certified,H078,Tororo,,Complete,,team-13/Tororo/Namwaya-HC-III/Asset-Verification-Toolkit.docx,,,,team-13/Tororo/Namwaya-HC-III,team-13 / Tororo / Namwaya-HC-III,SCHOOLS BY DISTRICT AND HEALTH CENTRES.docx,79
H075,Master list,13,Luminsa Kassim,Tororo,Health centre,Sop Sop HC II,Sop Sop HC III,Field evidence,Verification records received; physical completion not certified,H075,Tororo,,Complete,,team-13/Tororo/Sop-Sop-HC-III/Asset-Verification-Toolkit.docx,,,,team-13/Tororo/Sop-Sop-HC-III,team-13 / Tororo / Sop-Sop-HC-III,SCHOOLS BY DISTRICT AND HEALTH CENTRES.docx,76
S104,Master list,13,Luminsa Kassim,Tororo,School,Iyolwa,Iyolwa,Field evidence,Verification records received; physical completion not certified,S104,Tororo,Phase II,Complete,,team-13/Tororo/Iyolwa/Asset-Verification-Toolkit.docx,,,,team-13/Tororo/Iyolwa,team-13 / Tororo / Iyolwa,SCHOOLS BY DISTRICT AND HEALTH CENTRES.docx,105
S105,Master list,13,Luminsa Kassim,Tororo,School,Malaba Seed School,Malaba Seed School,Field evidence,Verification records received; physical completion not certified,S105,Tororo,Phase I,Complete,,team-13/Tororo/Malaba-Seed-School/Asset-Verification-Toolkit.docx,,,,team-13/Tororo/Malaba-Seed-School,team-13 / Tororo / Malaba-Seed-School,SCHOOLS BY DISTRICT AND HEALTH CENTRES.docx,106
S106,Master list,13,Luminsa Kassim,Tororo,School,Sop Sop,Sop Sop,Field evidence,Verification records received; physical completion not certified,S106,Tororo,Phase II,Complete,,team-13/Tororo/Sop-Sop/Asset-Verification-Toolkit.docx,,,,team-13/Tororo/Sop-Sop,team-13 / Tororo / Sop-Sop,SCHOOLS BY DISTRICT AND HEALTH CENTRES.docx,107
H077,Master list,13,Luminsa Kassim,Tororo MC,Health centre,Kyamwinula HCII,Kyamwinula HC III,Field evidence,Verification records received; physical completion not certified,H077,Tororo Mc,,Complete,,team-13/Tororo MC/Kyamwinula-HC-III/Asset-Verification-Toolkit.docx,,,,team-13/Tororo MC/Kyamwinula-HC-III,team-13 / Tororo MC / Kyamwinula-HC-III,SCHOOLS BY DISTRICT AND HEALTH CENTRES.docx,78
S010,Master list,13,Luminsa Kassim,Tororo MC,School,Eastern Division,Eastern Division,No return,Not established,S010,Tororo Mc,Phase III,Ongoing,,,,,,,,SCHOOLS BY DISTRICT AND HEALTH CENTRES.docx,11
H063,Master list,14,Luminsa Kassim,Bududa,Health centre,Bubungi HC II,Bubungi HC III,Field evidence,Verification records received; physical completion not certified,H063,Bududa,,Complete,,team-14/Bududa/Bubungi-HC-III/Asset-Verification-Toolkit.docx,,,,team-14/Bududa/Bubungi-HC-III,team-14 / Bududa / Bubungi-HC-III,SCHOOLS BY DISTRICT AND HEALTH CENTRES.docx,64
H061,Master list,14,Luminsa Kassim,Bududa,Health centre,Bududa,Bududa HC III,Field evidence,Verification records received; physical completion not certified,H061,Bududa,,Complete,,team-14/Bududa/Bududa-HC-III/Asset-Verification-Toolkit.docx,,,,team-14/Bududa/Bududa-HC-III,team-14 / Bududa / Bududa-HC-III,SCHOOLS BY DISTRICT AND HEALTH CENTRES.docx,62
H062,Master list,14,Luminsa Kassim,Bududa,Health centre,Bumusi HC II,Bumusi HC III,Field evidence,Verification records received; physical completion not certified,H062,Bududa,,Complete,,team-14/Bududa/Bumusi-HC-III/Asset-Verification-Toolkit.docx,,,,team-14/Bududa/Bumusi-HC-III,team-14 / Bududa / Bumusi-HC-III,SCHOOLS BY DISTRICT AND HEALTH CENTRES.docx,63
H064,Master list,14,Luminsa Kassim,Bududa,Health centre,Bunamono HC II,Bunamono HC III,Field evidence,Verification records received; physical completion not certified,H064,Bududa,,Complete,,team-14/Bududa/Bunamono-HC-III/Asset-Verification-Toolkit.docx,,,,team-14/Bududa/Bunamono-HC-III,team-14 / Bududa / Bunamono-HC-III,SCHOOLS BY DISTRICT AND HEALTH CENTRES.docx,65
S007,Master list,14,Luminsa Kassim,Bududa,School,Bushiribo,Bushiribo Seed Secondary School,Field evidence,Verification records received; physical completion not certified,S007,Bududa,Phase III,ongoing,,team-14/Bududa/Bushiribo-Seed-Secondary-School/Bududa-school-Bushiribo-Seed-Secondary-School.docx,,,,team-14/Bududa/Bushiribo-Seed-Secondary-School,team-14 / Bududa / Bushiribo-Seed-Secondary-School,SCHOOLS BY DISTRICT AND HEALTH CENTRES.docx,8
S008,Master list,14,Luminsa Kassim,Bududa,School,Nakatsi,Nakatsi Seed Secondary School,Field evidence,Verification records received; physical completion not certified,S008,Bududa,Phase II,Ongoing,,team-14/Bududa/Nakatsi-Seed-Secondary-School/Asset-Verification-Toolkit.docx,,,,team-14/Bududa/Nakatsi-Seed-Secondary-School,team-14 / Bududa / Nakatsi-Seed-Secondary-School,SCHOOLS BY DISTRICT AND HEALTH CENTRES.docx,9
H110,Master list,14,Luminsa Kassim,Bulambuli,Health centre,Bukhalu,Kamu HC III,Field evidence,Verification records received; physical completion not certified,H110,Bulambuli,,Complete,,team-14/Bulambuli/Kamu-HC-III/Asset-Verification-Toolkit.docx,,,,team-14/Bulambuli/Kamu-HC-III,team-14 / Bulambuli / Kamu-HC-III team document names Bukhalu,SCHOOLS BY DISTRICT AND HEALTH CENTRES.docx,111
H112,Master list,14,Luminsa Kassim,Bulambuli,Health centre,Bukibologoto HC II,Bukibologoto HC II,Field evidence,Verification records received; physical completion not certified,H112,Bulambuli,,Complete,,team-14/Bulambuli/Bukibologoto-HC-II/Bulambuli-health-centre-Bukibologoto-HC-II.docx,,,,team-14/Bulambuli/Bukibologoto-HC-II,team-14 / Bulambuli / Bukibologoto-HC-II,SCHOOLS BY DISTRICT AND HEALTH CENTRES.docx,113
H114,Master list,14,Luminsa Kassim,Bulambuli,Health centre,Bulaago HC II,Bulaago HC III,Field evidence,Verification records received; physical completion not certified,H114,Bulambuli,,Complete,,team-14/Bulambuli/Bulaago-HC-III/Asset-Verification-Toolkit.docx,,,,team-14/Bulambuli/Bulaago-HC-III,team-14 / Bulambuli / Bulaago-HC-III,SCHOOLS BY DISTRICT AND HEALTH CENTRES.docx,115
H111,Master list,14,Luminsa Kassim,Bulambuli,Health centre,Bumugibole HC II,Bumugibole HC III,Field evidence,Verification records received; physical completion not certified,H111,Bulambuli,,Complete,,team-14/Bulambuli/Bumugibole-HC-III/Asset-Verification-Toolkit.docx,,,,team-14/Bulambuli/Bumugibole-HC-III,team-14 / Bulambuli / Bumugibole-HC-III,SCHOOLS BY DISTRICT AND HEALTH CENTRES.docx,112
H113,Master list,14,Luminsa Kassim,Bulambuli,Health centre,Bunangaka HC II,Bunangaka HC III,Field evidence,Verification records received; physical completion not certified,H113,Bulambuli,,Complete,,team-14/Bulambuli/Bunangaka-HC-III/Asset-Verification-Toolkit.docx,,,,team-14/Bulambuli/Bunangaka-HC-III,team-14 / Bulambuli / Bunangaka-HC-III,SCHOOLS BY DISTRICT AND HEALTH CENTRES.docx,114
H363,Master list,14,Luminsa Kassim,Bulambuli,Health centre,Bwikhonge HC II,Bwikhonge HC III,Field evidence,Verification records received; physical completion not certified,H363,Bulambuli,,Ongoing,,team-14/Bulambuli/Bwikhonge-HC-III/Asset-Verification-Toolkit.docx,,,,team-14/Bulambuli/Bwikhonge-HC-III,team-14 / Bulambuli / Bwikhonge-HC-III,SCHOOLS BY DISTRICT AND HEALTH CENTRES.docx,364
S127,Master list,14,Luminsa Kassim,Bulambuli,School,Bunambutye Seed School,Bumufuni Seed Secondary School,Field evidence,Verification records received; physical completion not certified,S127,Bulambuli,Phase I,Complete,,team-14/Bulambuli/Bumufuni-Seed-Secondary-School/Asset-Verification-Toolkit.docx,,,,team-14/Bulambuli/Bumufuni-Seed-Secondary-School,team-14 / Bulambuli / Bumufuni-Seed-Secondary-School in Bunambutye,SCHOOLS BY DISTRICT AND HEALTH CENTRES.docx,128
S128,Master list,14,Luminsa Kassim,Bulambuli,School,Sisiyi,Sisiyi Seed Secondary School,Field evidence,Verification records received; physical completion not certified,S128,Bulambuli,Phase II,Complete,,team-14/Bulambuli/Sisiyi-Seed-Secondary-School/Asset-Verification-Toolkit.docx,,,,team-14/Bulambuli/Sisiyi-Seed-Secondary-School,team-14 / Bulambuli / Sisiyi-Seed-Secondary-School,SCHOOLS BY DISTRICT AND HEALTH CENTRES.docx,129
H121,Master list,14,Luminsa Kassim,Sironko,Health centre,Bundege HC II,Bundege HC III,Field evidence,Verification records received; physical completion not certified,H121,Sironko,,Complete,,team-14/Sironko/Bundege-HC-III/Asset-Verification-Toolkit.docx,,,,team-14/Sironko/Bundege-HC-III,team-14 / Sironko / Bundege-HC-III,SCHOOLS BY DISTRICT AND HEALTH CENTRES.docx,122
H119,Master list,14,Luminsa Kassim,Sironko,Health centre,Buyaya HC II,Buyaya HC II,Field evidence,Verification records received; physical completion not certified,H119,Sironko,,Complete,,team-14/Sironko/Buyaya-HC-II/01_note-on-the-district-substitution_ref20260906-buyaya-health-centre.docx,,,,team-14/Sironko/Buyaya-HC-II,team-14 / Sironko / Buyaya-HC-II,SCHOOLS BY DISTRICT AND HEALTH CENTRES.docx,120
H120,Master list,14,Luminsa Kassim,Sironko,Health centre,Buyobo HC II,Buyobo HC III,Field evidence,Verification records received; physical completion not certified,H120,Sironko,,Complete,,team-14/Sironko/Buyobo-HC-III/Asset-Verification-Toolkit.docx,,,,team-14/Sironko/Buyobo-HC-III,team-14 / Sironko / Buyobo-HC-III,SCHOOLS BY DISTRICT AND HEALTH CENTRES.docx,121
H122,Master list,14,Luminsa Kassim,Sironko,Health centre,Mutufu HC II,Mutufu HC III,Field evidence,Verification records received; physical completion not certified,H122,Sironko,,Complete,,team-14/Sironko/Mutufu-HC-III/Asset-Verification-Toolkit.docx,,,,team-14/Sironko/Mutufu-HC-III,team-14 / Sironko / Mutufu-HC-III,SCHOOLS BY DISTRICT AND HEALTH CENTRES.docx,123
S139,Master list,14,Luminsa Kassim,Sironko,School,Bugitimwa,St Marys Bugitimwa Seed Secondary School,Field evidence,Verification records received; physical completion not certified,S139,Sironko,Phase II,Complete,,team-14/Sironko/St-Marys-Bugitimwa-Seed-Secondary-School/Asset-Verification-Toolkit.docx,,,,team-14/Sironko/St-Marys-Bugitimwa-Seed-Secondary-School,team-14 / Sironko / St-Marys-Bugitimwa-Seed-Secondary-School,SCHOOLS BY DISTRICT AND HEALTH CENTRES.docx,140
S140,Master list,14,Luminsa Kassim,Sironko,School,Bumirisa Seed School Buteza,Buteza Seed Secondary School,Field evidence,Verification records received; physical completion not certified,S140,Sironko,Phase I,Complete,,team-14/Sironko/Buteza-Seed-Secondary-School/Asset-Verification-Toolkit.docx,,,,team-14/Sironko/Buteza-Seed-Secondary-School,team-14 / Sironko / Buteza-Seed-Secondary-School,SCHOOLS BY DISTRICT AND HEALTH CENTRES.docx,141
H108,Master list,15,Luminsa Kassim,Bukwo,Health centre,Amanang HC II,Amanang HC III,Field evidence,Verification records received; physical completion not certified,H108,Bukwo,,Complete,,team-15/Bukwo/Amanang-HC-III/Asset-Verification-Toolkit.docx,,,,team-15/Bukwo/Amanang-HC-III,team-15 / Bukwo / Amanang-HC-III,SCHOOLS BY DISTRICT AND HEALTH CENTRES.docx,109
H360,Master list,15,Luminsa Kassim,Bukwo,Health centre,Aralam HC II,Aralam HC III,Field evidence,Verification records received; physical completion not certified,H360,Bukwo,,Ongoing,,team-15/Bukwo/Aralam-HC-III/Asset-Verification-Toolkit.docx,,,,team-15/Bukwo/Aralam-HC-III,team-15 / Bukwo / Aralam-HC-III,SCHOOLS BY DISTRICT AND HEALTH CENTRES.docx,361
H106,Master list,15,Luminsa Kassim,Bukwo,Health centre,Brim HC II,Brim HC III,Field evidence,Verification records received; physical completion not certified,H106,Bukwo,,Complete,,team-15/Bukwo/Brim-HC-III/Asset-Verification-Toolkit.docx,,,,team-15/Bukwo/Brim-HC-III,team-15 / Bukwo / Brim-HC-III,SCHOOLS BY DISTRICT AND HEALTH CENTRES.docx,107
H105,Master list,15,Luminsa Kassim,Bukwo,Health centre,Chepkwasta HC II,Chepkwasta HC III,Field evidence,Verification records received; physical completion not certified,H105,Bukwo,,Complete,,team-15/Bukwo/Chepkwasta-HC-III/Asset-Verification-Toolkit.docx,,,,team-15/Bukwo/Chepkwasta-HC-III,team-15 / Bukwo / Chepkwasta-HC-III,SCHOOLS BY DISTRICT AND HEALTH CENTRES.docx,106
H361,Master list,15,Luminsa Kassim,Bukwo,Health centre,Kapkoros HC II,Kapkoros HC III,Field evidence,Verification records received; physical completion not certified,H361,Bukwo,,Ongoing,,team-15/Bukwo/Kapkoros-HC-III/Asset-Verification-Toolkit.docx,,,,team-15/Bukwo/Kapkoros-HC-III,team-15 / Bukwo / Kapkoros-HC-III,SCHOOLS BY DISTRICT AND HEALTH CENTRES.docx,362
H109,Master list,15,Luminsa Kassim,Bukwo,Health centre,Kwirwot HC II,Kwirwot HC III,Field evidence,Verification records received; physical completion not certified,H109,Bukwo,,Complete,,team-15/Bukwo/Kwirwot-HC-III/Asset-Verification-Toolkit.docx,,,,team-15/Bukwo/Kwirwot-HC-III,team-15 / Bukwo / Kwirwot-HC-III,SCHOOLS BY DISTRICT AND HEALTH CENTRES.docx,110
H107,Master list,15,Luminsa Kassim,Bukwo,Health centre,Mutushet HC II,Mutushet HC III,Field evidence,Verification records received; physical completion not certified,H107,Bukwo,,Complete,,team-15/Bukwo/Mutushet-HC-III/Asset-Verification-Toolkit.docx,,,,team-15/Bukwo/Mutushet-HC-III,team-15 / Bukwo / Mutushet-HC-III,SCHOOLS BY DISTRICT AND HEALTH CENTRES.docx,108
H362,Master list,15,Luminsa Kassim,Bukwo,Health centre,Tulel HC II,Tulel HC III,Field evidence,Verification records received; physical completion not certified,H362,Bukwo,,Ongoing,,team-15/Bukwo/Tulel-HC-III/Asset-Verification-Toolkit.docx,,,,team-15/Bukwo/Tulel-HC-III,team-15 / Bukwo / Tulel-HC-III,SCHOOLS BY DISTRICT AND HEALTH CENTRES.docx,363
S126,Master list,15,Luminsa Kassim,Bukwo,School,Kaptererwo Seed School,Kaptererwo Seed Secondary School,Field evidence,Verification records received; physical completion not certified,S126,Bukwo,Phase I,Complete,,team-15/Bukwo/Kaptererwo-Seed-Secondary-School/Asset-Verification-Toolkit.docx,,,,team-15/Bukwo/Kaptererwo-Seed-Secondary-School,team-15 / Bukwo / Kaptererwo-Seed-Secondary-School,SCHOOLS BY DISTRICT AND HEALTH CENTRES.docx,127
S014,Master list,15,Luminsa Kassim,Bukwo,School,Senendet,Senendet Seed Secondary School,Field evidence,Verification records received; physical completion not certified,S014,Bukwo,Phase II,Ongoing,,team-15/Bukwo/Senendet-Seed-Secondary-School/Asset-Verification-Toolkit.docx,,,,team-15/Bukwo/Senendet-Seed-Secondary-School,team-15 / Bukwo / Senendet-Seed-Secondary-School,SCHOOLS BY DISTRICT AND HEALTH CENTRES.docx,15
H115,Master list,15,Luminsa Kassim,Kapchorwa,Health centre,Chemosong HC II,Chemosong HC III,Field evidence,Verification records received; physical completion not certified,H115,Kapchorwa,,Complete,,team-15/Kapchorwa/Chemosong-HC-III/Asset-Verification-Toolkit.docx,,,,team-15/Kapchorwa/Chemosong-HC-III,team-15 / Kapchorwa / Chemosong-HC-III,SCHOOLS BY DISTRICT AND HEALTH CENTRES.docx,116
H116,Master list,15,Luminsa Kassim,Kapchorwa,Health centre,Ngangatta HC II,Ngangatta HC III,Field evidence,Verification records received; physical completion not certified,H116,Kapchorwa,,Complete,,team-15/Kapchorwa/Ngangatta-HC-III/Asset-Verification-Toolkit.docx,,,,team-15/Kapchorwa/Ngangatta-HC-III,team-15 / Kapchorwa / Ngangatta-HC-III,SCHOOLS BY DISTRICT AND HEALTH CENTRES.docx,117
S129,Master list,15,Luminsa Kassim,Kapchorwa,School,Kabeywa Seed School,Kabeywa Seed Secondary School,Field evidence,Verification records received; physical completion not certified,S129,Kapchorwa,Phase I,Complete,,team-15/Kapchorwa/Kabeywa-Seed-Secondary-School/Asset-Verification-Toolkit.docx,,,,team-15/Kapchorwa/Kabeywa-Seed-Secondary-School,team-15 / Kapchorwa / Kabeywa-Seed-Secondary-School,SCHOOLS BY DISTRICT AND HEALTH CENTRES.docx,130
S130,Master list,15,Luminsa Kassim,Kapchorwa,School,Kaptanya,Kaptanya Seed Secondary School,Field evidence,Verification records received; physical completion not certified,S130,Kapchorwa,Phase II,Complete,,team-15/Kapchorwa/Kaptanya-Seed-Secondary-School/Asset-Verification-Toolkit.docx,,,,team-15/Kapchorwa/Kaptanya-Seed-Secondary-School,team-15 / Kapchorwa / Kaptanya-Seed-Secondary-School,SCHOOLS BY DISTRICT AND HEALTH CENTRES.docx,131
H117,Master list,15,Luminsa Kassim,Kapchorwa MC,Health centre,Kaplelko HC II,Kaplelko HC III,Field evidence,Verification records received; physical completion not certified,H117,Kapchorwa Mc,,Complete,,team-15/Kapchorwa MC/Kaplelko-HC-III/Asset-Verification-Toolkit.docx,,,,team-15/Kapchorwa MC/Kaplelko-HC-III,team-15 / Kapchorwa MC / Kaplelko-HC-III,SCHOOLS BY DISTRICT AND HEALTH CENTRES.docx,118
H153,Master list,15,Luminsa Kassim,Kween,Health centre,Atar HC II,Atar HC III,Field evidence,Verification records received; physical completion not certified,H153,Kween,,Complete,,team-15/Kween/Atar-HC-III/Asset-Verification-Toolkit.docx,,,,team-15/Kween/Atar-HC-III,team-15 / Kween / Atar-HC-III,SCHOOLS BY DISTRICT AND HEALTH CENTRES.docx,154
H156,Master list,15,Luminsa Kassim,Kween,Health centre,Benet HC II,Benet HC III,Field evidence,Verification records received; physical completion not certified,H156,Kween,,Complete,,team-15/Kween/Benet-HC-III/Asset-Verification-Toolkit.docx,,,,team-15/Kween/Benet-HC-III,team-15 / Kween / Benet-HC-III,SCHOOLS BY DISTRICT AND HEALTH CENTRES.docx,157
H155,Master list,15,Luminsa Kassim,Kween,Health centre,Kaptum HC II,Kaptum HC III,Field evidence,Verification records received; physical completion not certified,H155,Kween,,Complete,,team-15/Kween/Kaptum-HC-III/Asset-Verification-Toolkit.docx,,,,team-15/Kween/Kaptum-HC-III,team-15 / Kween / Kaptum-HC-III,SCHOOLS BY DISTRICT AND HEALTH CENTRES.docx,156
H152,Master list,15,Luminsa Kassim,Kween,Health centre,Moyok HC II,Moyok HC III,Field evidence,Verification records received; physical completion not certified,H152,Kween,,Complete,,team-15/Kween/Moyok-HC-III/Asset-Verification-Toolkit.docx,,,,team-15/Kween/Moyok-HC-III,team-15 / Kween / Moyok-HC-III,SCHOOLS BY DISTRICT AND HEALTH CENTRES.docx,153
H154,Master list,15,Luminsa Kassim,Kween,Health centre,Terenpoy HC II,Terenpoy HC III,Field evidence,Verification records received; physical completion not certified,H154,Kween,,Complete,,team-15/Kween/Terenpoy-HC-III/Asset-Verification-Toolkit.docx,,,,team-15/Kween/Terenpoy-HC-III,team-15 / Kween / Terenpoy-HC-III,SCHOOLS BY DISTRICT AND HEALTH CENTRES.docx,155
S131,Master list,15,Luminsa Kassim,Kween,School,Kaptum,Kaptum Seed Secondary School,Field evidence,Verification records received; physical completion not certified,S131,Kween,Phase II,Complete,,team-15/Kween/Kaptum-Seed-Secondary-School/Asset-Verification-Toolkit.docx,,,,team-15/Kween/Kaptum-Seed-Secondary-School,team-15 / Kween / Kaptum-Seed-Secondary-School,SCHOOLS BY DISTRICT AND HEALTH CENTRES.docx,132
S132,Master list,15,Luminsa Kassim,Kween,School,Kitawoi Seed School,Kitawoi Seed Secondary School,Field evidence,Verification records received; physical completion not certified,S132,Kween,Phase I,Complete,,team-15/Kween/Kitawoi-Seed-Secondary-School/Asset-Verification-Toolkit.docx,,,,team-15/Kween/Kitawoi-Seed-Secondary-School,team-15 / Kween / Kitawoi-Seed-Secondary-School,SCHOOLS BY DISTRICT AND HEALTH CENTRES.docx,133
S133,Master list,15,Luminsa Kassim,Kween,School,Moyok,Moyok Seed Secondary School,Field evidence,Verification records received; physical completion not certified,S133,Kween,Phase II,Complete,,team-15/Kween/Moyok-Seed-Secondary-School/Asset-Verification-Toolkit.docx,,,,team-15/Kween/Moyok-Seed-Secondary-School,team-15 / Kween / Moyok-Seed-Secondary-School,SCHOOLS BY DISTRICT AND HEALTH CENTRES.docx,134
H081,Master list,16,Sulaina Nandudu,Bugweri,Health centre,Busembatya HCII,Busembatya HC III,Field evidence,Verification records received; physical completion not certified,H081,Bugweri,,Complete,,team-16/Bugweri/Busembatya-HC-III/BUSEMBATYA HEALTH III ASSET VERIFICATION AND RECORDING TOOL KIT 222.docx,,,,team-16/Bugweri/Busembatya-HC-III,team-16 / Bugweri / Busembatya-HC-III,SCHOOLS BY DISTRICT AND HEALTH CENTRES.docx,82
H082,Master list,16,Sulaina Nandudu,Bugweri,Health centre,Minani HC II,Minani HC III,Field evidence,Verification records received; physical completion not certified,H082,Bugweri,,Complete,,team-16/Bugweri/Minani-HC-III/MINANI HEALTH CENTER III.docx,,,,team-16/Bugweri/Minani-HC-III,team-16 / Bugweri / Minani-HC-III,SCHOOLS BY DISTRICT AND HEALTH CENTRES.docx,83
H080,Master list,16,Sulaina Nandudu,Bugweri,Health centre,Nawangisa HC II,Nawangisa HC III,Field evidence,Verification records received; physical completion not certified,H080,Bugweri,,Complete,,team-16/Bugweri/Nawangisa-HC-III/NAWANGISA Health Center III.docx,,,,team-16/Bugweri/Nawangisa-HC-III,team-16 / Bugweri / Nawangisa-HC-III,SCHOOLS BY DISTRICT AND HEALTH CENTRES.docx,81
S011,Master list,16,Sulaina Nandudu,Bugweri,School,Igombe,Mpiita Seed Secondary School,Field evidence,Verification records received; physical completion not certified,S011,Bugweri,Phase II,Ongoing,CHAT06,team-16/Bugweri/Mpiita-Seed-Secondary-School/Mpiita Seed Secondary.docx,,_multi-team/programme-documents/data-management-chat/WhatsApp Chat with DATA MANAGEMENT UGIFT.txt,CHAT06,team-16/Bugweri/Mpiita-Seed-Secondary-School,Name corrected. LG comes from exact Igombe master row and team roster.,SCHOOLS BY DISTRICT AND HEALTH CENTRES.docx,12
S108,Master list,16,Sulaina Nandudu,Bugweri,School,Naigombwa Seed School,Naigombwa Seed Secondary School,Field evidence,Verification records received; physical completion not certified,S108,Bugweri,Phase I,Complete,,team-16/Bugweri/Naigombwa-Seed-Secondary-School/Naigombwa Seed Secondary School.docx,,,,team-16/Bugweri/Naigombwa-Seed-Secondary-School,team-16 / Bugweri / Naigombwa-Seed-Secondary-School,SCHOOLS BY DISTRICT AND HEALTH CENTRES.docx,109
H094,Master list,16,Sulaina Nandudu,Luuka,Health centre,Bukendi HC II,Bukendi HC III,Field evidence,Verification records received; physical completion not certified,H094,Luuka,,Complete,,team-16/Luuka/Bukendi-HC-III/BUKENDI Health Center III.docx,,,,team-16/Luuka/Bukendi-HC-III,team-16 / Luuka / Bukendi-HC-III,SCHOOLS BY DISTRICT AND HEALTH CENTRES.docx,95
H093,Master list,16,Sulaina Nandudu,Luuka,Health centre,Bulalu HCII,Bulalu HC III,Field evidence,Verification records received; physical completion not certified,H093,Luuka,,Complete,,team-16/Luuka/Bulalu-HC-III/BULALU HEALTH III.docx,,,,team-16/Luuka/Bulalu-HC-III,team-16 / Luuka / Bulalu-HC-III,SCHOOLS BY DISTRICT AND HEALTH CENTRES.docx,94
S118,Master list,16,Sulaina Nandudu,Luuka,School,Ikumbya Seed School,Ikumbya Seed Secondary School,Field evidence,Verification records received; physical completion not certified,S118,Luuka,Phase I,Complete,,team-16/Luuka/Ikumbya-Seed-Secondary-School/Ikumbya Seed School.docx,,,,team-16/Luuka/Ikumbya-Seed-Secondary-School,team-16 / Luuka / Ikumbya-Seed-Secondary-School,SCHOOLS BY DISTRICT AND HEALTH CENTRES.docx,119
S119,Master list,16,Sulaina Nandudu,Luuka,School,Nawampiti,Nawampiti Seed Secondary School,Field evidence,Verification records received; physical completion not certified,S119,Luuka,Phase II,Complete,,team-16/Luuka/Nawampiti-Seed-Secondary-School/Nawampiti Seed Secondary.docx,,,,team-16/Luuka/Nawampiti-Seed-Secondary-School,team-16 / Luuka / Nawampiti-Seed-Secondary-School,SCHOOLS BY DISTRICT AND HEALTH CENTRES.docx,120
H099,Master list,16,Sulaina Nandudu,Mayuge,Health centre,Bukatube HC II,Bukatube HC III,Field evidence,Verification records received; physical completion not certified,H099,Mayuge,,Complete,,team-16/Mayuge/Bukatube-HC-III/BUKATUBE HEALTH CENTER III.docx,,,,team-16/Mayuge/Bukatube-HC-III,team-16 / Mayuge / Bukatube-HC-III,SCHOOLS BY DISTRICT AND HEALTH CENTRES.docx,100
H098,Master list,16,Sulaina Nandudu,Mayuge,Health centre,Busaala HC II,Busaala HC III,Field evidence,Verification records received; physical completion not certified,H098,Mayuge,,Complete,,team-16/Mayuge/Busaala-HC-III/BUSAALA Health Center III.docx,,,,team-16/Mayuge/Busaala-HC-III,team-16 / Mayuge / Busaala-HC-III,SCHOOLS BY DISTRICT AND HEALTH CENTRES.docx,99
H097,Master list,16,Sulaina Nandudu,Mayuge,Health centre,Jagusi HC II,Jaguzi HC III,Field evidence,Verification records received; physical completion not certified,H097,Mayuge,,Complete,,team-16/Mayuge/Jaguzi-HC-III/JAGUZI HEALTH III.docx,,,,team-16/Mayuge/Jaguzi-HC-III,"team-16 / Mayuge / Jaguzi-HC-III same facility, spelled differently",SCHOOLS BY DISTRICT AND HEALTH CENTRES.docx,98
H096,Master list,16,Sulaina Nandudu,Mayuge,Health centre,Muggi HC II,Muggi HC III,Field evidence,Verification records received; physical completion not certified,H096,Mayuge,,Complete,,team-16/Mayuge/Muggi-HC-III/MUGGI.docx,,,,team-16/Mayuge/Muggi-HC-III,team-16 / Mayuge / Muggi-HC-III,SCHOOLS BY DISTRICT AND HEALTH CENTRES.docx,97
H095,Master list,16,Sulaina Nandudu,Mayuge,Health centre,Nkombe HC II,Nkombe HC III,Field evidence,Verification records received; physical completion not certified,H095,Mayuge,,Complete,,team-16/Mayuge/Nkombe-HC-III/NKOMBE(1).docx,,,,team-16/Mayuge/Nkombe-HC-III,team-16 / Mayuge / Nkombe-HC-III,SCHOOLS BY DISTRICT AND HEALTH CENTRES.docx,96
S120,Master list,16,Sulaina Nandudu,Mayuge,School,Mpungwe Seed School,Mpungwe Seed Secondary School,Field evidence,Verification records received; physical completion not certified,S120,Mayuge,Phase I,Complete,,team-16/Mayuge/Mpungwe-Seed-Secondary-School/Mpungwe Seed Secondary School.docx,,,,team-16/Mayuge/Mpungwe-Seed-Secondary-School,team-16 / Mayuge / Mpungwe-Seed-Secondary-School,SCHOOLS BY DISTRICT AND HEALTH CENTRES.docx,121
S121,Master list,16,Sulaina Nandudu,Mayuge,School,Wairasa,Wairasa Seed Secondary School,Field evidence,Verification records received; physical completion not certified,S121,Mayuge,Phase II,Complete,,team-16/Mayuge/Wairasa-Seed-Secondary-School/Waraisa Seed Secondary School.docx,,,,team-16/Mayuge/Wairasa-Seed-Secondary-School,team-16 / Mayuge / Wairasa-Seed-Secondary-School,SCHOOLS BY DISTRICT AND HEALTH CENTRES.docx,122
H104,Master list,16,Sulaina Nandudu,Namutumba,Health centre,Namutumba Kagulu HC II,Kagulu HC III,Field evidence,Verification records received; physical completion not certified,H104,Namutumba,,Complete,,team-16/Namutumba/Kagulu-HC-III/KAGULU HEALTH CENTER III.docx,,,,team-16/Namutumba/Kagulu-HC-III,team-16 / Namutumba / Kagulu-HC-III,SCHOOLS BY DISTRICT AND HEALTH CENTRES.docx,105
H103,Master list,16,Sulaina Nandudu,Namutumba,Health centre,Nangonde HCII,Nangonde HC III,Field evidence,Verification records received; physical completion not certified,H103,Namutumba,,Complete,,team-16/Namutumba/Nangonde-HC-III/NANGHONDE Health Center III.docx,,,,team-16/Namutumba/Nangonde-HC-III,team-16 / Namutumba / Nangonde-HC-III,SCHOOLS BY DISTRICT AND HEALTH CENTRES.docx,104
S125,Master list,16,Sulaina Nandudu,Namutumba,School,Nabweyo,Nabweyo Seed Secondary School,Field evidence,Verification records received; physical completion not certified,S125,Namutumba,Phase II,Complete,,team-16/Namutumba/Nabweyo-Seed-Secondary-School/NABWEYO SEED SECONDARY SCHOOL.docx,,,,team-16/Namutumba/Nabweyo-Seed-Secondary-School,team-16 / Namutumba / Nabweyo-Seed-Secondary-School,SCHOOLS BY DISTRICT AND HEALTH CENTRES.docx,126
S124,Master list,16,Sulaina Nandudu,Namutumba,School,Namutumba Seed School,Namutumba Seed Secondary School,Field evidence,Verification records received; physical completion not certified,S124,Namutumba,Phase I,Complete,,team-16/Namutumba/Namutumba-Seed-Secondary-School/Namutumba Seed School.docx,,,,team-16/Namutumba/Namutumba-Seed-Secondary-School,team-16 / Namutumba / Namutumba-Seed-Secondary-School,SCHOOLS BY DISTRICT AND HEALTH CENTRES.docx,125
S107,Master list,17,Sulaina Nandudu,Bugiri,School,Budhaya,Budhaya,Field evidence,Completed from consolidated register; physical inspection not certified,S107,Bugiri,Phase II,Complete,,_multi-team/busoga-and-part-of-central/Seed School Updated Asset Register 22222.xlsx,SEED SCHOOLS!row 1034,,,,Asset section: LOCAL GOVT: Bugiri District; SCHOOL: Budhaya Seed Secondary School,SCHOOLS BY DISTRICT AND HEALTH CENTRES.docx,108
S240,Master list,17,Sulaina Nandudu,Bugiri,School,Iwemba Seed School,Iwemba Seed Secondary School,Field evidence,Verification records received; physical completion not certified,S240,Bugiri,Phase I,Complete,,team-17/Bugiri/Iwemba-Seed-Secondary-School/IWEMBA SEED SCHOOL.docx,,,,team-17/Bugiri/Iwemba-Seed-Secondary-School,team-17 / Bugiri / Iwemba-Seed-Secondary-School,SCHOOLS BY DISTRICT AND HEALTH CENTRES.docx,241
H079,Master list,17,Sulaina Nandudu,Bugiri MC,Health centre,Bugiri TC HC II,Bugiri Municipal Council HC III,Field evidence,Verification records received; physical completion not certified,H079,Bugiri Mc,,Complete,,team-17/Bugiri MC/Bugiri-Municipal-Council-HC-III/BUGIRI MUNICIPAL COUNCIL HC III.docx,,,,team-17/Bugiri MC/Bugiri-Municipal-Council-HC-III,team-17 / Bugiri MC / Bugiri-Municipal-Council-HC-III,SCHOOLS BY DISTRICT AND HEALTH CENTRES.docx,80
S110,Master list,17,Sulaina Nandudu,Iganga,School,Nawanyingi Seed School,Nawanyingi Seed Secondary School,Field evidence,Verification records received; physical completion not certified,S110,Iganga,Phase I,Complete,,team-17/Iganga/Nawanyingi-Seed-Secondary-School/nawanyingi seed ss iganga.docx,,,,team-17/Iganga/Nawanyingi-Seed-Secondary-School,team-17 / Iganga / Nawanyingi-Seed-Secondary-School,SCHOOLS BY DISTRICT AND HEALTH CENTRES.docx,111
S112,Master list,17,Sulaina Nandudu,Jinja,School,Butagaya,Buwala Seed Secondary School,Field evidence,Verification records received; physical completion not certified,S112,Jinja,Phase II,Complete,CHAT12,team-17/Jinja/Buwala-Seed-Secondary-School/BUWALA SEED.docx,,_multi-team/programme-documents/data-management-chat/WhatsApp Chat with DATA MANAGEMENT UGIFT.txt,CHAT12,team-17/Jinja/Buwala-Seed-Secondary-School,"The supervisor explicitly confirms that Buwala Seed School is the field name for the master-list Butagaya entry. The Jinja return is filed as Buwala and repeatedly uses BUWALA asset markings; isolated Bumaya, Buwaya and Buyala spellings in the form are treated as transcription variants, not separate facilities.",SCHOOLS BY DISTRICT AND HEALTH CENTRES.docx,113
S111,Master list,17,Sulaina Nandudu,Jinja,School,Buwenge Seed School,Buwenge Seed Secondary School,Field evidence,Verification records received; physical completion not certified,S111,Jinja,Phase I,Complete,,team-17/Jinja/Buwenge-Seed-Secondary-School/BUWENGE SEED SCHOOL.docx,,,,team-17/Jinja/Buwenge-Seed-Secondary-School,team-17 / Jinja / Buwenge-Seed-Secondary-School,SCHOOLS BY DISTRICT AND HEALTH CENTRES.docx,112
H084,Master list,17,Sulaina Nandudu,Jinja City,Health centre,Kimaka HC II,Kimaka HC III,Field evidence,Verification records received; physical completion not certified,H084,Jinja Mc,,Complete,,team-17/Jinja City/Kimaka-HC-III/KIMAKA HEALTH CENTER 3.docx,,,,team-17/Jinja City/Kimaka-HC-III,team-17 / Jinja City / Kimaka-HC-III,SCHOOLS BY DISTRICT AND HEALTH CENTRES.docx,85
S012,Master list,17,Sulaina Nandudu,Jinja City,School,Central Division,Central Division,No return,Not established,S012,Jinja City,Phase III,ongoing,,,,,,,,SCHOOLS BY DISTRICT AND HEALTH CENTRES.docx,13
H087,Master list,17,Sulaina Nandudu,Kaliro,Health centre,Budomero HC II,Budomero HC III,Field evidence,Verification records received; physical completion not certified,H087,Kaliro,,Complete,,team-17/Kaliro/Budomero-HC-III/BUDOMERO HC II.docx,,,,team-17/Kaliro/Budomero-HC-III,team-17 / Kaliro / Budomero-HC-III,SCHOOLS BY DISTRICT AND HEALTH CENTRES.docx,88
H086,Master list,17,Sulaina Nandudu,Kaliro,Health centre,Buyinda HC II,Buyinda HC II,Outside UgIFT,Reported outside UgIFT; not verified; facility type wording requires confirmation,H086,Kaliro,,Complete,CHAT14,,,_multi-team/programme-documents/data-management-chat/WhatsApp Chat with DATA MANAGEMENT UGIFT.txt,CHAT14,,"The supervisor says Buyinda was not verified because it was outside UgIFT. The message alternates between health centre and seed school, while the master contains Buyinda HC II; retain that facility-type caveat.",SCHOOLS BY DISTRICT AND HEALTH CENTRES.docx,87
H089,Master list,17,Sulaina Nandudu,Kaliro,Health centre,Kasokwe HC II,Kasokwe HC III,Field evidence,Verification records received; physical completion not certified,H089,Kaliro,,Complete,,team-17/Kaliro/Kasokwe-HC-III/KASKWE HC III.docx,,,,team-17/Kaliro/Kasokwe-HC-III,team-17 / Kaliro / Kasokwe-HC-III,SCHOOLS BY DISTRICT AND HEALTH CENTRES.docx,90
H085,Master list,17,Sulaina Nandudu,Kaliro,Health centre,Kisinda HCII,Kisinda HC III,Field evidence,Verification records received; physical completion not certified,H085,Kaliro,,Complete,,team-17/Kaliro/Kisinda-HC-III/KISINDA HC II.docx,,,,team-17/Kaliro/Kisinda-HC-III,team-17 / Kaliro / Kisinda-HC-III,SCHOOLS BY DISTRICT AND HEALTH CENTRES.docx,86
H088,Master list,17,Sulaina Nandudu,Kaliro,Health centre,Nawampiti HC II,Nawampiti HC III,Field evidence,Verification records received; physical completion not certified,H088,Kaliro,,Complete,,team-17/Kaliro/Nawampiti-HC-III/NAWAMPITI HC II.docx,,,,team-17/Kaliro/Nawampiti-HC-III,team-17 / Kaliro / Nawampiti-HC-III,SCHOOLS BY DISTRICT AND HEALTH CENTRES.docx,89
S113,Master list,17,Sulaina Nandudu,Kaliro,School,Bukamba Seed School,Bukamba Seed Secondary School,Field evidence,Verification records received; physical completion not certified,S113,Kaliro,Phase I,Complete,,team-17/Kaliro/Bukamba-Seed-Secondary-School/BUKAMBA SEED.docx,,,,team-17/Kaliro/Bukamba-Seed-Secondary-School,team-17 / Kaliro / Bukamba-Seed-Secondary-School,SCHOOLS BY DISTRICT AND HEALTH CENTRES.docx,114
S114,Master list,17,Sulaina Nandudu,Kaliro,School,Bumanya,Bumanya Seed Secondary School,Field evidence,Verification records received; physical completion not certified,S114,Kaliro,Phase II,Complete,,team-17/Kaliro/Bumanya-Seed-Secondary-School/BUMANYA SEED.docx,,,,team-17/Kaliro/Bumanya-Seed-Secondary-School,team-17 / Kaliro / Bumanya-Seed-Secondary-School,SCHOOLS BY DISTRICT AND HEALTH CENTRES.docx,115
S013,Master list,17,Sulaina Nandudu,Kaliro,School,Nansololo,Nansololo Seed Secondary School,Field evidence,Verification records received; physical completion not certified,S013,Kaliro,Phase III,ongoing,,team-17/Kaliro/Nansololo-Seed-Secondary-School/NANSOLO SEED SCHOOL.docx,,,,team-17/Kaliro/Nansololo-Seed-Secondary-School,team-17 / Kaliro / Nansololo-Seed-Secondary-School,SCHOOLS BY DISTRICT AND HEALTH CENTRES.docx,14
H101,Master list,17,Sulaina Nandudu,Namayingo,Health centre,Bugana HC II,Bugana HC III,Field evidence,Verification records received; physical completion not certified,H101,Namayingo,,Complete,,team-17/Namayingo/Bugana-HC-III/BUGANA HEALTH CENTER 3.docx,,,,team-17/Namayingo/Bugana-HC-III,team-17 / Namayingo / Bugana-HC-III,SCHOOLS BY DISTRICT AND HEALTH CENTRES.docx,102
H100,Master list,17,Sulaina Nandudu,Namayingo,Health centre,Lolwe HC II,Lolwe HC III,Field evidence,Verification records received; physical completion not certified,H100,Namayingo,,Complete,,team-17/Namayingo/Lolwe-HC-III/LOLWE HC III.docx,,,,team-17/Namayingo/Lolwe-HC-III,team-17 / Namayingo / Lolwe-HC-III,SCHOOLS BY DISTRICT AND HEALTH CENTRES.docx,101
H102,Master list,17,Sulaina Nandudu,Namayingo,Health centre,Syanyonja HC II,Syanyonja HC III,Field evidence,Verification records received; physical completion not certified,H102,Namayingo,,Complete,,team-17/Namayingo/Syanyonja-HC-III/SANYONJA HEALTH CENTER 3.docx,,,,team-17/Namayingo/Syanyonja-HC-III,team-17 / Namayingo / Syanyonja-HC-III,SCHOOLS BY DISTRICT AND HEALTH CENTRES.docx,103
S123,Master list,17,Sulaina Nandudu,Namayingo,School,Buhemba,Buhemba Seed Secondary School,Field evidence,Verification records received; physical completion not certified,S123,Namayingo,Phase II,Complete,,team-17/Namayingo/Buhemba-Seed-Secondary-School/buhemba seed sss.docx,,,,team-17/Namayingo/Buhemba-Seed-Secondary-School,team-17 / Namayingo / Buhemba-Seed-Secondary-School,SCHOOLS BY DISTRICT AND HEALTH CENTRES.docx,124
S122,Master list,17,Sulaina Nandudu,Namayingo,School,Mwema Seed School,Mutumba Seed Secondary School,Field evidence,Verification records received; physical completion not certified,S122,Namayingo,Phase I,Complete,CHAT13,team-17/Namayingo/Mutumba-Seed-Secondary-School/MUTUMBA SEED SS.docx,,_multi-team/programme-documents/data-management-chat/WhatsApp Chat with DATA MANAGEMENT UGIFT.txt,CHAT13,team-17/Namayingo/Mutumba-Seed-Secondary-School,"The supervisor explicitly confirms that Mutumba Seed School is the field name for the master-list Mwema entry. The Namayingo return is filed as Mutumba and its ICT schedule names Mutumba Seed Secondary School; stray Buhemba, Budhaya and Bugiri text is treated as copied template text, not a separate return.",SCHOOLS BY DISTRICT AND HEALTH CENTRES.docx,123
H055,Master list,18,Sulaina Nandudu,Buikwe,Health centre,Nkokonjeru HCII,Nkokonjeru HC III,Field evidence,Verification records received; physical completion not certified,H055,Buikwe,,Complete,,team-18/Buikwe/Nkokonjeru-HC-III/Nkonkojeru Health Center III.docx,,,,team-18/Buikwe/Nkokonjeru-HC-III,team-18 / Buikwe / Nkokonjeru-HC-III,SCHOOLS BY DISTRICT AND HEALTH CENTRES.docx,56
S227,Master list,18,Sulaina Nandudu,Buikwe,School,Ssugu Seed School,Ssugu Seed Secondary School,Field evidence,Verification records received; physical completion not certified,S227,Buikwe,Phase I,Complete,,team-18/Buikwe/Ssugu-Seed-Secondary-School/SSUGU SEED SECONDARY SCHOOLS.docx,,,,team-18/Buikwe/Ssugu-Seed-Secondary-School,team-18 / Buikwe / Ssugu-Seed-Secondary-School,SCHOOLS BY DISTRICT AND HEALTH CENTRES.docx,228
H083,Master list,18,Sulaina Nandudu,Buyende,Health centre,Bukungu HCII,Bukungu HC III,Field evidence,Verification records received; physical completion not certified,H083,Buyende,,Complete,,team-18/Buyende/Bukungu-HC-III/Bukungu HCIII.docx,,,,team-18/Buyende/Bukungu-HC-III,team-18 / Buyende / Bukungu-HC-III,SCHOOLS BY DISTRICT AND HEALTH CENTRES.docx,84
S109,Master list,18,Sulaina Nandudu,Buyende,School,Buyende Seed School,Buyende Seed Secondary School,Field evidence,Verification records received; physical completion not certified,S109,Buyende,Phase I,Complete,,team-18/Buyende/Buyende-Seed-Secondary-School/BUYENDE S.S.S..docx,,,,team-18/Buyende/Buyende-Seed-Secondary-School,team-18 / Buyende / Buyende-Seed-Secondary-School,SCHOOLS BY DISTRICT AND HEALTH CENTRES.docx,110
H090,Master list,18,Sulaina Nandudu,Kamuli,Health centre,Bubago HC II,Bubago HC III,Field evidence,Verification records received; physical completion not certified,H090,Kamuli,,Complete,,team-18/Kamuli/Bubago-HC-III/Bubago HCII.docx,,,,team-18/Kamuli/Bubago-HC-III,team-18 / Kamuli / Bubago-HC-III,SCHOOLS BY DISTRICT AND HEALTH CENTRES.docx,91
H091,Master list,18,Sulaina Nandudu,Kamuli,Health centre,Kagumba HC II,Kagumba HC III,Field evidence,Verification records received; physical completion not certified,H091,Kamuli,,Complete,,team-18/Kamuli/Kagumba-HC-III/KAGUMBA HC III.docx,,,,team-18/Kamuli/Kagumba-HC-III,team-18 / Kamuli / Kagumba-HC-III,SCHOOLS BY DISTRICT AND HEALTH CENTRES.docx,92
S116,Master list,18,Sulaina Nandudu,Kamuli,School,Kagumba,Kagumba Seed Secondary School,Field evidence,Verification records received; physical completion not certified,S116,Kamuli,Phase II,Complete,,team-18/Kamuli/Kagumba-Seed-Secondary-School/Kagumba Seed school.docx,,,,team-18/Kamuli/Kagumba-Seed-Secondary-School,team-18 / Kamuli / Kagumba-Seed-Secondary-School,SCHOOLS BY DISTRICT AND HEALTH CENTRES.docx,117
S115,Master list,18,Sulaina Nandudu,Kamuli,School,Kitayunjwa Seed School,Kitayunjwa Seed Secondary School,Field evidence,Verification records received; physical completion not certified,S115,Kamuli,Phase I,Complete,,team-18/Kamuli/Kitayunjwa-Seed-Secondary-School/Kitayunjwa Seed Secondary School.docx,,,,team-18/Kamuli/Kitayunjwa-Seed-Secondary-School,team-18 / Kamuli / Kitayunjwa-Seed-Secondary-School,SCHOOLS BY DISTRICT AND HEALTH CENTRES.docx,116
S117,Master list,18,Sulaina Nandudu,Kamuli,School,Nabwigulu,Nabwigulu Seed Secondary School,Field evidence,Verification records received; physical completion not certified,S117,Kamuli,Phase II,Complete,,team-18/Kamuli/Nabwigulu-Seed-Secondary-School/NABWIGULU SEED SCHOOL.docx,,,,team-18/Kamuli/Nabwigulu-Seed-Secondary-School,team-18 / Kamuli / Nabwigulu-Seed-Secondary-School,SCHOOLS BY DISTRICT AND HEALTH CENTRES.docx,118
H092,Master list,18,Sulaina Nandudu,Kamuli MC,Health centre,Busota HC II,Busota HC III,Needs review,Physical verification not confirmed because returns conflict,H092,Kamuli Mc,,Complete,,team-18/Kamuli MC/Busota-HC-III/ASSET VERIFICATION AND RECORDING TOOL KIT 222 (3).docx,,,,team-18/Kamuli MC/Busota-HC-III,Busota softcopy received from Sulaina on 21 Sep at 16:47. Cover names Kamuli district; checklist and master name Kamuli MC. Confirm the LG heading.,SCHOOLS BY DISTRICT AND HEALTH CENTRES.docx,93
H017,Master list,18,Sulaina Nandudu,Kayunga,Health centre,Bukamba HC II,Bukamba HC III,Field evidence,Verification records received; physical completion not certified,H017,Kayunga,,Complete,,team-18/Kayunga/Bukamba-HC-III/BUKAMBA HCIII.docx,,,,team-18/Kayunga/Bukamba-HC-III,team-18 / Kayunga / Bukamba-HC-III,SCHOOLS BY DISTRICT AND HEALTH CENTRES.docx,18
H016,Master list,18,Sulaina Nandudu,Kayunga,Health centre,Busaale HC II,Busaale HC III,Field evidence,Verification records received; physical completion not certified,H016,Kayunga,,Complete,,team-18/Kayunga/Busaale-HC-III/BUSAALE HC III.docx,,,,team-18/Kayunga/Busaale-HC-III,team-18 / Kayunga / Busaale-HC-III,SCHOOLS BY DISTRICT AND HEALTH CENTRES.docx,17
S071,Master list,18,Sulaina Nandudu,Kayunga,School,Nazigo Seed School,Musiitwa Seed Secondary School Nazigo,Field evidence,Verification records received; physical completion not certified,S071,Kayunga,Phase I,Complete,,team-18/Kayunga/Musiitwa-Seed-Secondary-School-Nazigo/MUSIITWA SEED SCHOOL.docx,,,,team-18/Kayunga/Musiitwa-Seed-Secondary-School-Nazigo,team-18 / Kayunga / Musiitwa-Seed-Secondary-School-Nazigo,SCHOOLS BY DISTRICT AND HEALTH CENTRES.docx,72
S086,Master list,18,Sulaina Nandudu,Mukono,School,Kimenyedde Seed School,St Andrews Ndwaddemutwe Secondary School,Field evidence,Verification records received; physical completion not certified,S086,Mukono,Phase I,Complete,CHAT08,team-18/Mukono MC/St-Andrews-Ndwaddemutwe-Secondary-School/St.Andrews Ndwaddemutwe SSS.docx,,_multi-team/programme-documents/data-management-chat/WhatsApp Chat with DATA MANAGEMENT UGIFT.txt,CHAT08,team-18/Mukono MC/St-Andrews-Ndwaddemutwe-Secondary-School,Name corrected. LG from master. Roster has school count in Mukono MC but zero in Mukono; retain facility-location evidence when resolving LG. Existing Ndwaddemutwe evidence retained.,SCHOOLS BY DISTRICT AND HEALTH CENTRES.docx,87
H042,Master list,18,Sulaina Nandudu,Mukono MC,Health centre,Nyanja HCII,Nyanja HC III,Field evidence,Verification records received; physical completion not certified,H042,Mukono Mc,,Complete,,team-18/Mukono MC/Nyanja-HC-III/NYANJA HC III -.docx,,,,team-18/Mukono MC/Nyanja-HC-III,team-18 / Mukono MC / Nyanja-HC-III,SCHOOLS BY DISTRICT AND HEALTH CENTRES.docx,43
H240,Master list,19,Gumisiriza Johnson,Bushenyi,Health centre,Kibazi HC II,Kibazi HC II,Needs review,Physical verification not confirmed because returns conflict,H240,Bushenyi,,Complete,,team-19/Mitooma/_district-documents/MITOOMA  HCIIIs List.xlsx,Sheet1!row 3,,,,"Register heading places the named facility in Mitooma, while the master lists it here. Confirm district and facility identity before closing verification.",SCHOOLS BY DISTRICT AND HEALTH CENTRES.docx,241
H239,Master list,19,Gumisiriza Johnson,Bushenyi,Health centre,Rutooma HCII,Rutooma HCII,No return,Not established,H239,Bushenyi,,Complete,,,,,,,,SCHOOLS BY DISTRICT AND HEALTH CENTRES.docx,240
S214,Master list,19,Gumisiriza Johnson,Bushenyi,School,Bumbaire Seed School,Bumbaire Seed School,No return,Not established,S214,Bushenyi,Phase I,Complete,,,,,,,,SCHOOLS BY DISTRICT AND HEALTH CENTRES.docx,215
S215,Master list,19,Gumisiriza Johnson,Bushenyi,School,Kyamuhunga,Kyamuhunga,No return,Not established,S215,Bushenyi,Phase II,Complete,,,,,,,,SCHOOLS BY DISTRICT AND HEALTH CENTRES.docx,216
H256,Master list,19,Gumisiriza Johnson,Mitooma,Health centre,Bukuba HC II,Bukuba HC II,Field evidence,Completed from consolidated register; physical inspection not certified,H256,Mitooma,,Complete,,team-19/Mitooma/_district-documents/MITOOMA  HCIIIs List.xlsx,Sheet1!row 1661,,,,"Asset section: BUKUBA HCIII, MITOOMA",SCHOOLS BY DISTRICT AND HEALTH CENTRES.docx,257
H255,Master list,19,Gumisiriza Johnson,Mitooma,Health centre,Mayanga HC II,Mayanga HC II,Field evidence,Completed from consolidated register; physical inspection not certified,H255,Mitooma,,Complete,,team-19/Mitooma/_district-documents/MITOOMA  HCIIIs List.xlsx,Sheet1!row 1113,_multi-team/teams-19-21/data updates - western.xls,Sheet3!B3,,"Asset section: MAYANGA  HCIII,   MITOOMA New western update also has Mayanga asset rows (Sheet3!B3).",SCHOOLS BY DISTRICT AND HEALTH CENTRES.docx,256
H258,Master list,19,Gumisiriza Johnson,Mitooma,Health centre,Nyakishojwa HC II,Nyakishojwa HC II,Field evidence,Completed from consolidated register; physical inspection not certified,H258,Mitooma,,Complete,,team-19/Mitooma/_district-documents/MITOOMA  HCIIIs List.xlsx,Sheet1!row 2277,,,,"Asset section: NYAKISHOJWA  HCIII,      MITOOMA DC",SCHOOLS BY DISTRICT AND HEALTH CENTRES.docx,259
H257,Master list,19,Gumisiriza Johnson,Mitooma,Health centre,Ryengyerero HC II,Ryengyerero HC II,Field evidence,Completed from consolidated register; physical inspection not certified,H257,Mitooma,,Complete,,team-19/Mitooma/_district-documents/MITOOMA  HCIIIs List.xlsx,Sheet1!row 1921,,,,"Asset section: RYENGYERERO   HCIII, MITOOMA DC",SCHOOLS BY DISTRICT AND HEALTH CENTRES.docx,258
S221,Master list,19,Gumisiriza Johnson,Mitooma,School,Kashenshero,Kashenshero,No return,Not established,S221,Mitooma,Phase II,Complete,,,,,,,,SCHOOLS BY DISTRICT AND HEALTH CENTRES.docx,222
S222,Master list,19,Gumisiriza Johnson,Mitooma,School,Mayanga Seed School,Mayanga Seed School,No return,Not established,S222,Mitooma,Phase I,Complete,,,,,,,,SCHOOLS BY DISTRICT AND HEALTH CENTRES.docx,223
H276,Master list,19,Gumisiriza Johnson,Sheema,Health centre,Kyeibanga HC II,Kyeibanga HC II,Field evidence,Completed from consolidated register; physical inspection not certified,H276,Sheema,,Complete,,team-19/Sheema/_district-documents/SHEEMA DC    HCIIIs.xlsx,Sheet1!row 1156,,,,"Asset section: KYEIBANGA HCIII, SHEEMA DC",SCHOOLS BY DISTRICT AND HEALTH CENTRES.docx,277
H278,Master list,19,Gumisiriza Johnson,Sheema,Health centre,Kyeihara HC II,Kyeihara HC II,Needs review,Physical verification not confirmed because returns conflict,H278,Sheema,,Complete,,team-19/Mitooma/_district-documents/MITOOMA  HCIIIs List.xlsx,Sheet1!row 555,,,,"Register heading places the named facility in Mitooma, while the master lists it here. Confirm district and facility identity before closing verification.",SCHOOLS BY DISTRICT AND HEALTH CENTRES.docx,279
H277,Master list,19,Gumisiriza Johnson,Sheema,Health centre,Mabaare HC II,Mabaare HC II,Needs review,Physical verification not confirmed because returns conflict,H277,Sheema,,Complete,,team-19/Mitooma/_district-documents/MITOOMA  HCIIIs List.xlsx,Sheet1!row 833,,,,"Register heading places the named facility in Mitooma, while the master lists it here. Confirm district and facility identity before closing verification.",SCHOOLS BY DISTRICT AND HEALTH CENTRES.docx,278
H279,Master list,19,Gumisiriza Johnson,Sheema,Health centre,Rugarama HC II,Rugarama HC II,Field evidence,Completed from consolidated register; physical inspection not certified,H279,Sheema,,Complete,,team-19/Sheema/_district-documents/SHEEMA DC    HCIIIs.xlsx,Sheet1!row 872,,,,"Asset section: RUGARAMA HC III,  SHEEMA DC",SCHOOLS BY DISTRICT AND HEALTH CENTRES.docx,280
S225,Master list,19,Gumisiriza Johnson,Sheema,School,Kigarama seed school,Kigarama seed school,Field evidence,Completed from consolidated register; physical inspection not certified,S225,Sheema,Phase I,Complete,,team-19/Sheema/_district-documents/SHEEMA SEED SECONDARY SCHS.xlsx,Sheet1!row 2,,,,Asset section: KIGARAMA SEED - SHEEMA DC,SCHOOLS BY DISTRICT AND HEALTH CENTRES.docx,226
S226,Master list,19,Gumisiriza Johnson,Sheema,School,Shuuku T/C (New facilities for Ryakasinga C.H.E),Shuuku T/C (New facilities for Ryakasinga C.H.E),Field evidence,Completed from consolidated register; physical inspection not certified,S226,Sheema,Phase II,Complete,,team-19/Sheema/_district-documents/SHEEMA SEED SECONDARY SCHS.xlsx,Sheet1!row 37,,,,Asset section: RYAKASINGA SEED SCHOOL,SCHOOLS BY DISTRICT AND HEALTH CENTRES.docx,227
H281,Master list,19,Gumisiriza Johnson,Sheema MC,Health centre,Kashoozi HCII,Kashoozi HCII,Needs review,Asset rows received; district identity requires confirmation,H281,Sheema Mc,,Complete,,team-19/Sheema/_district-documents/SHEEMA DC    HCIIIs.xlsx,Sheet1!row 603,,,,"Asset section: KASHOZI    HCIII,  SHEEMA; Master/prior report: Sheema MC; register: Sheema.",SCHOOLS BY DISTRICT AND HEALTH CENTRES.docx,282
H280,Master list,19,Gumisiriza Johnson,Sheema MC,Health centre,Kitojo HC II,Kitojo HC II,Needs review,Physical verification not confirmed because returns conflict,H280,Sheema Mc,,Complete,,team-19/Mitooma/_district-documents/MITOOMA  HCIIIs List.xlsx,Sheet1!row 283,,,,"Register heading places the named facility in Mitooma, while the master lists it here. Confirm district and facility identity before closing verification.",SCHOOLS BY DISTRICT AND HEALTH CENTRES.docx,281
H282,Master list,19,Gumisiriza Johnson,Sheema MC,Health centre,Rwamujojo HC II,Rwamujojo HC II,No return,Not established,H282,Sheema Municipal Council,,Complete,,,,,,,,SCHOOLS BY DISTRICT AND HEALTH CENTRES.docx,283
H234,Master list,20,Gumisiriza Johnson,Buhweju,Health centre,Bitsya HC II,Bitsya HC III,Field evidence,Verification records received; physical completion not certified,H234,Buhweju,,Complete,,team-20/Buhweju/Bitsya-HC-III/BITSYA HC 3.docx,,,,team-20/Buhweju/Bitsya-HC-III,team-20 / Buhweju / Bitsya-HC-III,SCHOOLS BY DISTRICT AND HEALTH CENTRES.docx,235
H237,Master list,20,Gumisiriza Johnson,Buhweju,Health centre,Engaju HC II,Engaju HC III,Field evidence,Verification records received; physical completion not certified,H237,Buhweju,,Complete,,team-20/Buhweju/Engaju-HC-III/ENGAAJU HC 3.docx,,,,team-20/Buhweju/Engaju-HC-III,team-20 / Buhweju / Engaju-HC-III,SCHOOLS BY DISTRICT AND HEALTH CENTRES.docx,238
H235,Master list,20,Gumisiriza Johnson,Buhweju,Health centre,Kiyanja HC II,Kiyanja HC III,Field evidence,Verification records received; physical completion not certified,H235,Buhweju,,Complete,,team-20/Buhweju/Kiyanja-HC-III/KIYANJA HC 3.docx,,,,team-20/Buhweju/Kiyanja-HC-III,team-20 / Buhweju / Kiyanja-HC-III,SCHOOLS BY DISTRICT AND HEALTH CENTRES.docx,236
H236,Master list,20,Gumisiriza Johnson,Buhweju,Health centre,Mushasha HC II,Mushasha HC III,Field evidence,Verification records received; physical completion not certified,H236,Buhweju,,Complete,,team-20/Buhweju/Mushasha-HC-III/MUSHASHA HC 3.docx,,,,team-20/Buhweju/Mushasha-HC-III,team-20 / Buhweju / Mushasha-HC-III,SCHOOLS BY DISTRICT AND HEALTH CENTRES.docx,237
H238,Master list,20,Gumisiriza Johnson,Buhweju,Health centre,Rushambya HC II,Rushambya HC III,Field evidence,Verification records received; physical completion not certified,H238,Buhweju,,Complete,,team-20/Buhweju/Rushambya-HC-III/RUSHAMBYA HC 3.docx,,,,team-20/Buhweju/Rushambya-HC-III,team-20 / Buhweju / Rushambya-HC-III,SCHOOLS BY DISTRICT AND HEALTH CENTRES.docx,239
S211,Master list,20,Gumisiriza Johnson,Buhweju,School,Engaaju,Engaaju Seed Secondary School,Field evidence,Verification records received; physical completion not certified,S211,Buhweju,Phase II,Complete,,team-20/Buhweju/Engaaju-Seed-Secondary-School/IMG-20260915-WA0030.jpg,,,,team-20/Buhweju/Engaaju-Seed-Secondary-School,team-20 / Buhweju / Engaaju-Seed-Secondary-School,SCHOOLS BY DISTRICT AND HEALTH CENTRES.docx,212
S212,Master list,20,Gumisiriza Johnson,Buhweju,School,Kyankanda seed school,St Anthony Seed Secondary School Kyankanda,Field evidence,Verification records received; physical completion not certified,S212,Buhweju,Phase I,Complete,,team-20/Buhweju/St-Anthony-Seed-Secondary-School-Kyankanda/IMG-20260829-WA0055.jpg,,,,team-20/Buhweju/St-Anthony-Seed-Secondary-School-Kyankanda,team-20 / Buhweju / St-Anthony-Seed-Secondary-School-Kyankanda,SCHOOLS BY DISTRICT AND HEALTH CENTRES.docx,213
S213,Master list,20,Gumisiriza Johnson,Buhweju,School,Nsiika T/C,Ndibarema Memorial SSS,Needs review,Not established,S213,Buhweju,Phase II,Complete,,_multi-team/teams-19-21/data updates - western.xls,Sheet2!B3,,,,"New asset sheet names Ndibarema Memorial SSS, Nsiika, Buhweju. Confirm it is the master-list Nsiika T/C school.",SCHOOLS BY DISTRICT AND HEALTH CENTRES.docx,214
H247,Master list,20,Gumisiriza Johnson,Kazo,Health centre,Engari,Engari HC III,Field evidence,Verification records received; physical completion not certified,H247,Kazo,,Complete,,team-20/Kazo/Engari-HC-III/ENGARI HC 3.docx,,,,team-20/Kazo/Engari-HC-III,team-20 / Kazo / Engari-HC-III,SCHOOLS BY DISTRICT AND HEALTH CENTRES.docx,248
H245,Master list,20,Gumisiriza Johnson,Kazo,Health centre,Kyampangara,Kyampangara HC III,Field evidence,Verification records received; physical completion not certified,H245,Kazo,,Complete,,team-20/Kazo/Kyampangara-HC-III/KYAMPANGARA HC 3.docx,,,,team-20/Kazo/Kyampangara-HC-III,team-20 / Kazo / Kyampangara-HC-III,SCHOOLS BY DISTRICT AND HEALTH CENTRES.docx,246
H246,Master list,20,Gumisiriza Johnson,Kazo,Health centre,Kyengando HC II,Kyengando HC III,Field evidence,Verification records received; physical completion not certified,H246,Kazo,,Complete,,team-20/Kazo/Kyengando-HC-III/KYENGANDO HC 3.docx,,,,team-20/Kazo/Kyengando-HC-III,team-20 / Kazo / Kyengando-HC-III,SCHOOLS BY DISTRICT AND HEALTH CENTRES.docx,247
H248,Master list,20,Gumisiriza Johnson,Kazo,Health centre,Nkungu HC II,Nkungu HC III,Field evidence,Verification records received; physical completion not certified,H248,Kazo,,Complete,,team-20/Kazo/Nkungu-HC-III/NKUNGU HC 3.docx,,,,team-20/Kazo/Nkungu-HC-III,team-20 / Kazo / Nkungu-HC-III,SCHOOLS BY DISTRICT AND HEALTH CENTRES.docx,249
S039,Master list,20,Gumisiriza Johnson,Kazo,School,Burunga,Burunga Seed Secondary School,Field evidence,Verification records received; physical completion not certified,S039,Kazo,Phase III,Ongoing,,team-20/Kazo/Burunga-Seed-Secondary-School/IMG-20260825-WA0132(1).jpg,,,,team-20/Kazo/Burunga-Seed-Secondary-School,team-20 / Kazo / Burunga-Seed-Secondary-School,SCHOOLS BY DISTRICT AND HEALTH CENTRES.docx,40
H252,Master list,20,Gumisiriza Johnson,Kiruhura,Health centre,Kitura HC II,Kitura HC III,Field evidence,Verification records received; physical completion not certified,H252,Kiruhura,,Complete,,team-20/Kiruhura/Kitura-HC-III/KITURA HC 3.docx,,,,team-20/Kiruhura/Kitura-HC-III,team-20 / Kiruhura / Kitura-HC-III,SCHOOLS BY DISTRICT AND HEALTH CENTRES.docx,253
H253,Master list,20,Gumisiriza Johnson,Kiruhura,Health centre,Nshwere HC II,Nshwere HC III,Field evidence,Verification records received; physical completion not certified,H253,Kiruhura,,Complete,,team-20/Kiruhura/Nshwere-HC-III/NSHWERE HC 3.docx,,,,team-20/Kiruhura/Nshwere-HC-III,team-20 / Kiruhura / Nshwere-HC-III,SCHOOLS BY DISTRICT AND HEALTH CENTRES.docx,254
H249,Master list,20,Gumisiriza Johnson,Kiruhura,Health centre,Rwabarata HC II,Rwabarata HC III,Field evidence,Verification records received; physical completion not certified,H249,Kiruhura,,Complete,,team-20/Kiruhura/Rwabarata-HC-III/RWABARATA HC 3.docx,,,,team-20/Kiruhura/Rwabarata-HC-III,team-20 / Kiruhura / Rwabarata-HC-III,SCHOOLS BY DISTRICT AND HEALTH CENTRES.docx,250
H250,Master list,20,Gumisiriza Johnson,Kiruhura,Health centre,Rwentamu HC II,Rwentamu HC III,Field evidence,Verification records received; physical completion not certified,H250,Kiruhura,,Complete,,team-20/Kiruhura/Rwentamu-HC-III/RWETAMU HC 3.docx,,,,team-20/Kiruhura/Rwentamu-HC-III,team-20 / Kiruhura / Rwentamu-HC-III,SCHOOLS BY DISTRICT AND HEALTH CENTRES.docx,251
H251,Master list,20,Gumisiriza Johnson,Kiruhura,Health centre,Rweshande HC II,Rweshande HC III,Field evidence,Verification records received; physical completion not certified,H251,Kiruhura,,Complete,,team-20/Kiruhura/Rweshande-HC-III/RWENSHANDE HC 3.docx,,,,team-20/Kiruhura/Rweshande-HC-III,team-20 / Kiruhura / Rweshande-HC-III,SCHOOLS BY DISTRICT AND HEALTH CENTRES.docx,252
S040,Master list,20,Gumisiriza Johnson,Kiruhura,School,Kanyaryeru (New Facilities for Lake Mburo S.S. – Pledge),Lake Mburo Seed Secondary School,Field evidence,Verification records received; physical completion not certified,S040,Kiruhura,Phase II,ongoing,,team-20/Kiruhura/Lake-Mburo-Seed-Secondary-School/IMG-20260825-WA0054.jpg,,,,team-20/Kiruhura/Lake-Mburo-Seed-Secondary-School,team-20 / Kiruhura / Lake-Mburo-Seed-Secondary-School,SCHOOLS BY DISTRICT AND HEALTH CENTRES.docx,41
S041,Master list,20,Gumisiriza Johnson,Kiruhura,School,Kenshunga (New Facilities for Kaaro H.S. - Pledge),Kaaro High School,Field evidence,Verification records received; physical completion not certified,S041,Kiruhura,Phase II,ongoing,,team-20/Kiruhura/Kaaro-High-School/IMG-20260825-WA0127(1).jpg,,,,team-20/Kiruhura/Kaaro-High-School,team-20 / Kiruhura / Kaaro-High-School,SCHOOLS BY DISTRICT AND HEALTH CENTRES.docx,42
S218,Master list,20,Gumisiriza Johnson,Kiruhura,School,Nyakasharara seed school,Nyakasharara Seed Secondary School,Field evidence,Verification records received; physical completion not certified,S218,Kiruhura,Phase I,Complete,,team-20/Kiruhura/Nyakasharara-Seed-Secondary-School/IMG-20260913-WA0004(1).jpg,,,,team-20/Kiruhura/Nyakasharara-Seed-Secondary-School,team-20 / Kiruhura / Nyakasharara-Seed-Secondary-School,SCHOOLS BY DISTRICT AND HEALTH CENTRES.docx,219
H241,Master list,21,Gumisiriza Johnson,Ibanda,Health centre,Birongo HCII,Birongo HC III,Field evidence,Verification records received; physical completion not certified,H241,Ibanda,,Complete,,team-21/Ibanda/Birongo-HC-III/BIRONGO HEALTH CENTRE lll.xlsx,,,,team-21/Ibanda/Birongo-HC-III,team-21 / Ibanda / Birongo-HC-III,SCHOOLS BY DISTRICT AND HEALTH CENTRES.docx,242
H243,Master list,21,Gumisiriza Johnson,Ibanda,Health centre,Kashozi (Ibanda) HC II,Kashozi HC III,Field evidence,Verification records received; physical completion not certified,H243,Ibanda,,Complete,,team-21/Ibanda/Kashozi-HC-III/DOC-20260903-WA0025.xlsx,,,,team-21/Ibanda/Kashozi-HC-III,team-21 / Ibanda / Kashozi-HC-III,SCHOOLS BY DISTRICT AND HEALTH CENTRES.docx,244
H242,Master list,21,Gumisiriza Johnson,Ibanda,Health centre,Kihani HC II,Kihani HC III,Field evidence,Verification records received; physical completion not certified,H242,Ibanda,,Complete,,team-21/Ibanda/Kihani-HC-III/KIHANI HEALTH CENTRE lll.xlsx,,,,team-21/Ibanda/Kihani-HC-III,team-21 / Ibanda / Kihani-HC-III,SCHOOLS BY DISTRICT AND HEALTH CENTRES.docx,243
S216,Master list,21,Gumisiriza Johnson,Ibanda,School,Kishangara seed school,Kishangara seed school,No return,Not established,S216,Ibanda,Phase I,Complete,,,,,,,,SCHOOLS BY DISTRICT AND HEALTH CENTRES.docx,217
S038,Master list,21,Gumisiriza Johnson,Ibanda,School,Nyabuhikye,Nyabuhikye Seed Secondary School,Field evidence,Verification records received; physical completion not certified,S038,Ibanda,Phase III,ongoing,,team-21/Ibanda/Nyabuhikye-Seed-Secondary-School/NYABUHIKYE SEED SECONDARY SCHOOL (2).xlsx,,,,team-21/Ibanda/Nyabuhikye-Seed-Secondary-School,team-21 / Ibanda / Nyabuhikye-Seed-Secondary-School,SCHOOLS BY DISTRICT AND HEALTH CENTRES.docx,39
H244,Master list,21,Gumisiriza Johnson,Isingiro,Health centre,Busheka (Isingiro) HC II,Busheka HC III,Field evidence,Verification records received; physical completion not certified,H244,Isingiro,,Complete,,team-21/Isingiro/Busheka-HC-III/BUSHEKA HEALTH CENTRE lll.xlsx,,,,team-21/Isingiro/Busheka-HC-III,team-21 / Isingiro / Busheka-HC-III,SCHOOLS BY DISTRICT AND HEALTH CENTRES.docx,245
S217,Master list,21,Gumisiriza Johnson,Isingiro,School,Ruborogota seed school,Ruborogota Seed Secondary School,Field evidence,Verification records received; physical completion not certified,S217,Isingiro,Phase I,Complete,,team-21/Isingiro/Ruborogota-Seed-Secondary-School/Ruborogota_Seed_School_UGIFT_Asset_Verification.xlsx,,,,team-21/Isingiro/Ruborogota-Seed-Secondary-School,team-21 / Isingiro / Ruborogota-Seed-Secondary-School,SCHOOLS BY DISTRICT AND HEALTH CENTRES.docx,218
S219,Master list,21,Gumisiriza Johnson,Mbarara,School,Bukiiro seed school,Bukiiro Seed Secondary School,Field evidence,Verification records received; physical completion not certified,S219,Mbarara,Phase I,Complete,,team-21/Mbarara/Bukiiro-Seed-Secondary-School/BUKIIRO SSS EXCEL SHEET.xlsx,,,,team-21/Mbarara/Bukiiro-Seed-Secondary-School,team-21 / Mbarara / Bukiiro-Seed-Secondary-School,SCHOOLS BY DISTRICT AND HEALTH CENTRES.docx,220
S220,Master list,21,Gumisiriza Johnson,Mbarara,School,Rwanyamahembe,Rwanyamahembe,No return,Not established,S220,Mbarara,Phase II,Complete,,,,,,,,SCHOOLS BY DISTRICT AND HEALTH CENTRES.docx,221
H254,Master list,21,Gumisiriza Johnson,Mbarara City,Health centre,Kyarwabuganda HC II,Kyarwabuganda HC III,Field evidence,Verification records received; physical completion not certified,H254,Mbarara Mc,,Complete,,team-21/Mbarara City/Kyarwabuganda-HC-III/UgIFT_Asset_Verification_Kyarwabuganda_HCIII.xlsx,,,,team-21/Mbarara City/Kyarwabuganda-HC-III,team-21 / Mbarara City / Kyarwabuganda-HC-III,SCHOOLS BY DISTRICT AND HEALTH CENTRES.docx,255
H269,Master list,21,Gumisiriza Johnson,Rubirizi,Health centre,Butoha HC II,Butoha HC III,Field evidence,Verification records received; physical completion not certified,H269,Rubirizi,,Complete,,team-21/Rubirizi/Butoha-HC-III/BUTOHA HEALTH CENTRE lll.xlsx,,,,team-21/Rubirizi/Butoha-HC-III,team-21 / Rubirizi / Butoha-HC-III,SCHOOLS BY DISTRICT AND HEALTH CENTRES.docx,270
H270,Master list,21,Gumisiriza Johnson,Rubirizi,Health centre,Kyabakara HC II,Kyabakara HC III,Field evidence,Verification records received; physical completion not certified,H270,Rubirizi,,Complete,,team-21/Rubirizi/Kyabakara-HC-III/KYABAKARA HEALTH CENTRE lll.xlsx,,,,team-21/Rubirizi/Kyabakara-HC-III,team-21 / Rubirizi / Kyabakara-HC-III,SCHOOLS BY DISTRICT AND HEALTH CENTRES.docx,271
H271,Master list,21,Gumisiriza Johnson,Rubirizi,Health centre,Munyonyi HC II,Munyonyi HC III,Field evidence,Verification records received; physical completion not certified,H271,Rubirizi,,Complete,,team-21/Rubirizi/Munyonyi-HC-III/DOC-20260829-WA0051.xlsx,,,,team-21/Rubirizi/Munyonyi-HC-III,team-21 / Rubirizi / Munyonyi-HC-III,SCHOOLS BY DISTRICT AND HEALTH CENTRES.docx,272
H272,Master list,21,Gumisiriza Johnson,Rubirizi,Health centre,Mushumba HC II,Mushumba HC III,Field evidence,Verification records received; physical completion not certified,H272,Rubirizi,,Complete,,team-21/Rubirizi/Mushumba-HC-III/DOC-20260829-WA0056.xlsx,,,,team-21/Rubirizi/Mushumba-HC-III,team-21 / Rubirizi / Mushumba-HC-III,SCHOOLS BY DISTRICT AND HEALTH CENTRES.docx,273
H273,Master list,21,Gumisiriza Johnson,Rubirizi,Health centre,Ndagaro HC II,Ndagaro HC III,Field evidence,Verification records received; physical completion not certified,H273,Rubirizi,,Complete,,team-21/Rubirizi/Ndagaro-HC-III/NDANGARO HEALTH CENTRE ll.xlsx,,,,team-21/Rubirizi/Ndagaro-HC-III,team-21 / Rubirizi / Ndagaro-HC-III,SCHOOLS BY DISTRICT AND HEALTH CENTRES.docx,274
S044,Master list,21,Gumisiriza Johnson,Rubirizi,School,Magambo,St Kizito High School Magambo,Field evidence,Verification records received; physical completion not certified,S044,Rubirizi,Phase II,Ongoing,,team-21/Rubirizi/St-Kizito-High-School-Magambo/DOC-20260903-WA0023.xlsx,,,,team-21/Rubirizi/St-Kizito-High-School-Magambo,team-21 / Rubirizi / St-Kizito-High-School-Magambo,SCHOOLS BY DISTRICT AND HEALTH CENTRES.docx,45
S224,Master list,21,Gumisiriza Johnson,Rubirizi,School,Ryeru Seed School,Ryeru Seed Secondary School,Field evidence,Verification records received; physical completion not certified,S224,Rubirizi,Phase I,Complete,,team-21/Rubirizi/Ryeru-Seed-Secondary-School/RYERU SSS UGIFT RUBIRIZI.xlsx,,,,team-21/Rubirizi/Ryeru-Seed-Secondary-School,team-21 / Rubirizi / Ryeru-Seed-Secondary-School,SCHOOLS BY DISTRICT AND HEALTH CENTRES.docx,225
H274,Master list,21,Gumisiriza Johnson,Rwampara,Health centre,Nyabikungu HCII,Nyabikungu HC III,Field evidence,Verification records received; physical completion not certified,H274,Rwampara,,Complete,,team-21/Rwampara/Nyabikungu-HC-III/NYABIKUNGU HEALTH CENTRE lll.xlsx,,,,team-21/Rwampara/Nyabikungu-HC-III,team-21 / Rwampara / Nyabikungu-HC-III,SCHOOLS BY DISTRICT AND HEALTH CENTRES.docx,275
H275,Master list,21,Gumisiriza Johnson,Rwampara,Health centre,Nyaruhandagazi HC II,Nyaruhandagazi HC III,Field evidence,Verification records received; physical completion not certified,H275,Rwampara,,Complete,,team-21/Rwampara/Nyaruhandagazi-HC-III/NYARUHANDAGAZI HEALTH CENTRE lll.xlsx,,,,team-21/Rwampara/Nyaruhandagazi-HC-III,team-21 / Rwampara / Nyaruhandagazi-HC-III,SCHOOLS BY DISTRICT AND HEALTH CENTRES.docx,276
H307,Master list,22,Gumisiriza Johnson,Kabale,Health centre,Buramba HC II,Buramba HC III,Field evidence,Verification records received; physical completion not certified,H307,Kabale,,Complete,,"team-22/Kabale/Buramba-HC-III/KABAKE LG-(KASHEREGYENYI HC 111, Buramba HCIII,Kitooma HCIII,Kahondo and Krujanga HCIII, and Buhara ss).pdf",,,,team-22/Kabale/Buramba-HC-III,team-22 / Kabale / Buramba-HC-III,SCHOOLS BY DISTRICT AND HEALTH CENTRES.docx,308
H304,Master list,22,Gumisiriza Johnson,Kabale,Health centre,Kahondo HC II,Kahondo HC III,Field evidence,Verification records received; physical completion not certified,H304,Kabale,,Complete,,"team-22/Kabale/Kahondo-HC-III/KABAKE LG-(KASHEREGYENYI HC 111, Buramba HCIII,Kitooma HCIII,Kahondo and Krujanga HCIII, and Buhara ss).pdf",,,,team-22/Kabale/Kahondo-HC-III,team-22 / Kabale / Kahondo-HC-III,SCHOOLS BY DISTRICT AND HEALTH CENTRES.docx,305
H303,Master list,22,Gumisiriza Johnson,Kabale,Health centre,Karujanga HC II,Karujanga HC III,Field evidence,Verification records received; physical completion not certified,H303,Kabale,,Complete,,"team-22/Kabale/Karujanga-HC-III/KABAKE LG-(KASHEREGYENYI HC 111, Buramba HCIII,Kitooma HCIII,Kahondo and Krujanga HCIII, and Buhara ss).pdf",,,,team-22/Kabale/Karujanga-HC-III,team-22 / Kabale / Karujanga-HC-III,SCHOOLS BY DISTRICT AND HEALTH CENTRES.docx,304
H306,Master list,22,Gumisiriza Johnson,Kabale,Health centre,Kasheregyenyi HC II,Kasheregyenyi HC III,Field evidence,Verification records received; physical completion not certified,H306,Kabale,,Complete,,"team-22/Kabale/Kasheregyenyi-HC-III/KABAKE LG-(KASHEREGYENYI HC 111, Buramba HCIII,Kitooma HCIII,Kahondo and Krujanga HCIII, and Buhara ss).pdf",,,,team-22/Kabale/Kasheregyenyi-HC-III,team-22 / Kabale / Kasheregyenyi-HC-III,SCHOOLS BY DISTRICT AND HEALTH CENTRES.docx,307
H305,Master list,22,Gumisiriza Johnson,Kabale,Health centre,Kitooma HC II,Kitooma HC III,Field evidence,Verification records received; physical completion not certified,H305,Kabale,,Complete,,"team-22/Kabale/Kitooma-HC-III/KABAKE LG-(KASHEREGYENYI HC 111, Buramba HCIII,Kitooma HCIII,Kahondo and Krujanga HCIII, and Buhara ss).pdf",,,,team-22/Kabale/Kitooma-HC-III,team-22 / Kabale / Kitooma-HC-III,SCHOOLS BY DISTRICT AND HEALTH CENTRES.docx,306
S241,Master list,22,Gumisiriza Johnson,Kabale,School,Buhara seed school,Buhara Seed Secondary School,Field evidence,Verification records received; physical completion not certified,S241,Kabale,Phase I,Complete,,"team-22/Kabale/Buhara-Seed-Secondary-School/KABAKE LG-(KASHEREGYENYI HC 111, Buramba HCIII,Kitooma HCIII,Kahondo and Krujanga HCIII, and Buhara ss).pdf",,,,team-22/Kabale/Buhara-Seed-Secondary-School,team-22 / Kabale / Buhara-Seed-Secondary-School,SCHOOLS BY DISTRICT AND HEALTH CENTRES.docx,242
H308,Master list,22,Gumisiriza Johnson,Kabale MC,Health centre,Rutoma HCII,Rutoma HC III,Field evidence,Verification records received; physical completion not certified,H308,Kabale Mc,,Complete,,team-22/Kabale MC/Rutoma-HC-III/KABALE MC -RUTOOMA HC II1.pdf,,,,team-22/Kabale MC/Rutoma-HC-III,team-22 / Kabale MC / Rutoma-HC-III,SCHOOLS BY DISTRICT AND HEALTH CENTRES.docx,309
H312,Master list,22,Gumisiriza Johnson,Kisoro,Health centre,Maregamo HC II,Maregamo HC III,Field evidence,Verification records received; physical completion not certified,H312,Kisoro,,Complete,,"team-22/Kisoro/Maregamo-HC-III/(FIELD TEMPLATE FOR KISORO -LG   MAREGAMO HEALETH CENTRE III, MWAMBA SS,AND NYAKIINAAMA SS KISORO LG).docx",,,,team-22/Kisoro/Maregamo-HC-III,team-22 / Kisoro / Maregamo-HC-III,SCHOOLS BY DISTRICT AND HEALTH CENTRES.docx,313
S053,Master list,22,Gumisiriza Johnson,Kisoro,School,Nyabwishenya (New facilities at Mwumba Progressive S.S.),Mwumba Progressive Secondary School,Field evidence,Verification records received; physical completion not certified,S053,Kisoro,Phase II,ongoing,,"team-22/Kisoro/Mwumba-Progressive-Secondary-School/(FIELD TEMPLATE FOR KISORO -LG   MAREGAMO HEALETH CENTRE III, MWAMBA SS,AND NYAKIINAAMA SS KISORO LG).docx",,,,team-22/Kisoro/Mwumba-Progressive-Secondary-School,team-22 / Kisoro / Mwumba-Progressive-Secondary-School,SCHOOLS BY DISTRICT AND HEALTH CENTRES.docx,54
S243,Master list,22,Gumisiriza Johnson,Kisoro,School,Nyakinama seed school,Nyakinama Seed Secondary School,Field evidence,Verification records received; physical completion not certified,S243,Kisoro,Phase I,Complete,,"team-22/Kisoro/Nyakinama-Seed-Secondary-School/(FIELD TEMPLATE FOR KISORO -LG   MAREGAMO HEALETH CENTRE III, MWAMBA SS,AND NYAKIINAAMA SS KISORO LG).docx",,,,team-22/Kisoro/Nyakinama-Seed-Secondary-School,team-22 / Kisoro / Nyakinama-Seed-Secondary-School,SCHOOLS BY DISTRICT AND HEALTH CENTRES.docx,244
H313,Master list,22,Gumisiriza Johnson,Kisoro MC,Health centre,Zindiro HC II,Zindiro HC III,Field evidence,Verification records received; physical completion not certified,H313,Kisoro Mc,,Complete,,team-22/Kisoro MC/Zindiro-HC-III/KISORO MC -ZINDIRO HCIII-.pdf,,,,team-22/Kisoro MC/Zindiro-HC-III,team-22 / Kisoro MC / Zindiro-HC-III,SCHOOLS BY DISTRICT AND HEALTH CENTRES.docx,314
H314,Master list,22,Gumisiriza Johnson,Rubanda,Health centre,Mpungu HC II,Mpungu HC III,Field evidence,Verification records received; physical completion not certified,H314,Rubanda,,Complete,,"team-22/Rubanda/Mpungu-HC-III/RUBANDA -LG FIELD TEMPLATE  MPUNGUHCIII,Nyamweru ss,Ruija ss, and Kibuzigye ss2.docx",,,,team-22/Rubanda/Mpungu-HC-III,team-22 / Rubanda / Mpungu-HC-III,SCHOOLS BY DISTRICT AND HEALTH CENTRES.docx,315
S244,Master list,22,Gumisiriza Johnson,Rubanda,School,Nyamweru seed school,Nyamweru Seed Secondary School,Field evidence,Verification records received; physical completion not certified,S244,Rubanda,Phase I,Complete,,"team-22/Rubanda/Nyamweru-Seed-Secondary-School/RUBANDA -LG FIELD TEMPLATE  MPUNGUHCIII,Nyamweru ss,Ruija ss, and Kibuzigye ss2.docx",,,,team-22/Rubanda/Nyamweru-Seed-Secondary-School,team-22 / Rubanda / Nyamweru-Seed-Secondary-School,SCHOOLS BY DISTRICT AND HEALTH CENTRES.docx,245
S245,Master list,22,Gumisiriza Johnson,Rubanda,School,Ruhija,Ruhija Seed Secondary School,Field evidence,Verification records received; physical completion not certified,S245,Rubanda,Phase II,Complete,,"team-22/Rubanda/Ruhija-Seed-Secondary-School/RUBANDA -LG FIELD TEMPLATE  MPUNGUHCIII,Nyamweru ss,Ruija ss, and Kibuzigye ss2.docx",,,,team-22/Rubanda/Ruhija-Seed-Secondary-School,team-22 / Rubanda / Ruhija-Seed-Secondary-School,SCHOOLS BY DISTRICT AND HEALTH CENTRES.docx,246
S246,Master list,22,Gumisiriza Johnson,Rukiga,School,Bukinda,Bukinda Seed Secondary School,Field evidence,Verification records received; physical completion not certified,S246,Rukiga,Phase II,Complete,,"team-22/Rukiga/Bukinda-Seed-Secondary-School/RUKIGA LG -RWAMUCUCU SS,   AND BUKINDA SS).pdf",,,,team-22/Rukiga/Bukinda-Seed-Secondary-School,team-22 / Rukiga / Bukinda-Seed-Secondary-School,SCHOOLS BY DISTRICT AND HEALTH CENTRES.docx,247
S247,Master list,22,Gumisiriza Johnson,Rukiga,School,Rwamucucu seed school,Rwamucucu Seed Secondary School,Field evidence,Verification records received; physical completion not certified,S247,Rukiga,Phase I,Complete,,"team-22/Rukiga/Rwamucucu-Seed-Secondary-School/RUKIGA LG -RWAMUCUCU SS,   AND BUKINDA SS).pdf",,,,team-22/Rukiga/Rwamucucu-Seed-Secondary-School,team-22 / Rukiga / Rwamucucu-Seed-Secondary-School,SCHOOLS BY DISTRICT AND HEALTH CENTRES.docx,248
H311,Master list,23,Gumisiriza Johnson,Kanungu,Health centre,Kinaba HC II,Kinaaba HC III,Field evidence,Verification records received; physical completion not certified,H311,Kanungu,,Complete,,team-23/Kanungu/Kinaaba-HC-III/KINAABA HCIII and BUSHOGYE Seed School Kanungu LG.docx,,,,team-23/Kanungu/Kinaaba-HC-III,"team-23 / Kanungu / Kinaaba-HC-III same facility, spelled differently",SCHOOLS BY DISTRICT AND HEALTH CENTRES.docx,312
H310,Master list,23,Gumisiriza Johnson,Kanungu,Health centre,Matanda HC II,Matanda HC III,Field evidence,Verification records received; physical completion not certified,H310,Kanungu,,Complete,,team-23/Kanungu/Matanda-HC-III/MATANDA HCIII and KATETE SEED SCHOOL KANUNGU LG.docx,,,,team-23/Kanungu/Matanda-HC-III,team-23 / Kanungu / Matanda-HC-III,SCHOOLS BY DISTRICT AND HEALTH CENTRES.docx,311
H309,Master list,23,Gumisiriza Johnson,Kanungu,Health centre,Ntungamo HC II,Ntungamo HC III,Field evidence,Verification records received; physical completion not certified,H309,Kanungu,,Complete,,team-23/Kanungu/Ntungamo-HC-III/NTUNGAMO HC III Kanungu.docx,,,,team-23/Kanungu/Ntungamo-HC-III,team-23 / Kanungu / Ntungamo-HC-III,SCHOOLS BY DISTRICT AND HEALTH CENTRES.docx,310
S242,Master list,23,Gumisiriza Johnson,Kanungu,School,Katete seed school,Katete Seed Secondary School,Field evidence,Verification records received; physical completion not certified,S242,Kanungu,Phase I,Complete,,team-23/Kanungu/Katete-Seed-Secondary-School/MATANDA HCIII and KATETE SEED SCHOOL KANUNGU LG.docx,,,,team-23/Kanungu/Katete-Seed-Secondary-School,team-23 / Kanungu / Katete-Seed-Secondary-School,SCHOOLS BY DISTRICT AND HEALTH CENTRES.docx,243
H262,Master list,23,Gumisiriza Johnson,Ntungamo,Health centre,Ihunga (Ntungamo) HCII,Ihunga HC III,Field evidence,Verification records received; physical completion not certified,H262,Ntungamo,,Complete,,team-23/Ntungamo/Ihunga-HC-III/IHUNGA HCIII and KIBATSI SEED SCHOOL NTUNGAMO LG.docx,,,,team-23/Ntungamo/Ihunga-HC-III,team-23 / Ntungamo / Ihunga-HC-III,SCHOOLS BY DISTRICT AND HEALTH CENTRES.docx,263
H260,Master list,23,Gumisiriza Johnson,Ntungamo,Health centre,Kafunjo HC II,Kafunjo HC III,Field evidence,Verification records received; physical completion not certified,H260,Ntungamo,,Complete,,team-23/Ntungamo/Kafunjo-HC-III/KAFUNJO HCIII and NYABIHOKO SEED SCHOOL.docx,,,,team-23/Ntungamo/Kafunjo-HC-III,team-23 / Ntungamo / Kafunjo-HC-III,SCHOOLS BY DISTRICT AND HEALTH CENTRES.docx,261
H259,Master list,23,Gumisiriza Johnson,Ntungamo,Health centre,Kaina HC II,Kaina HC III,Field evidence,Verification records received; physical completion not certified,H259,Ntungamo,,Complete,,team-23/Ntungamo/Kaina-HC-III/Ntungamo district KAINA HCIII.docx,,,,team-23/Ntungamo/Kaina-HC-III,team-23 / Ntungamo / Kaina-HC-III,SCHOOLS BY DISTRICT AND HEALTH CENTRES.docx,260
H265,Master list,23,Gumisiriza Johnson,Ntungamo,Health centre,Karuruma HC II,Karuruma HC III,Field evidence,Verification records received; physical completion not certified,H265,Ntungamo,,Complete,,team-23/Ntungamo/Karuruma-HC-III/Karuruma HC III.docx,,,,team-23/Ntungamo/Karuruma-HC-III,team-23 / Ntungamo / Karuruma-HC-III,SCHOOLS BY DISTRICT AND HEALTH CENTRES.docx,266
H267,Master list,23,Gumisiriza Johnson,Ntungamo,Health centre,Kishami HCII,Kishami HC III,Field evidence,Verification records received; physical completion not certified,H267,Ntungamo,,Complete,,team-23/Ntungamo/Kishami-HC-III/KISHAMI HCIII NTUNGAMO LG.docx,,,,team-23/Ntungamo/Kishami-HC-III,team-23 / Ntungamo / Kishami-HC-III,SCHOOLS BY DISTRICT AND HEALTH CENTRES.docx,268
H264,Master list,23,Gumisiriza Johnson,Ntungamo,Health centre,Kyamwasha HC II,Kyamwasha HC III,Field evidence,Verification records received; physical completion not certified,H264,Ntungamo,,Complete,,team-23/Ntungamo/Kyamwasha-HC-III/KYAMWASHA HCIII NTUNGAMO LG.docx,,,,team-23/Ntungamo/Kyamwasha-HC-III,team-23 / Ntungamo / Kyamwasha-HC-III,SCHOOLS BY DISTRICT AND HEALTH CENTRES.docx,265
H263,Master list,23,Gumisiriza Johnson,Ntungamo,Health centre,Nyanga HC II,Nyanga HC III,Field evidence,Verification records received; physical completion not certified,H263,Ntungamo,,Complete,,team-23/Ntungamo/Nyanga-HC-III/NYANGA HCIII NTUNGAMO LG.docx,,,,team-23/Ntungamo/Nyanga-HC-III,team-23 / Ntungamo / Nyanga-HC-III,SCHOOLS BY DISTRICT AND HEALTH CENTRES.docx,264
H261,Master list,23,Gumisiriza Johnson,Ntungamo,Health centre,Rukoni West,Rukoni West HC III,Field evidence,Verification records received; physical completion not certified,H261,Ntungamo,,Complete,,team-23/Ntungamo/Rukoni-West-HC-III/RUKONI WEST HCIII NTUNGAMO LG.docx,,,,team-23/Ntungamo/Rukoni-West-HC-III,team-23 / Ntungamo / Rukoni-West-HC-III,SCHOOLS BY DISTRICT AND HEALTH CENTRES.docx,262
H266,Master list,23,Gumisiriza Johnson,Ntungamo,Health centre,Rwanda HC II,Rwanda HC III,Field evidence,Verification records received; physical completion not certified,H266,Ntungamo,,Complete,,team-23/Ntungamo/Rwanda-HC-III/RWANDA HCIII and KIHANGA SEED PUBLIC SCHOOL.docx,,,,team-23/Ntungamo/Rwanda-HC-III,team-23 / Ntungamo / Rwanda-HC-III,SCHOOLS BY DISTRICT AND HEALTH CENTRES.docx,267
S043,Master list,23,Gumisiriza Johnson,Ntungamo,School,Kibatsi,Kibatsi Seed Secondary School,Field evidence,Verification records received; physical completion not certified,S043,Ntungamo,Phase II,Ongoing,,team-23/Ntungamo/Kibatsi-Seed-Secondary-School/IHUNGA HCIII and KIBATSI SEED SCHOOL NTUNGAMO LG.docx,,,,team-23/Ntungamo/Kibatsi-Seed-Secondary-School,team-23 / Ntungamo / Kibatsi-Seed-Secondary-School,SCHOOLS BY DISTRICT AND HEALTH CENTRES.docx,44
S042,Master list,23,Gumisiriza Johnson,Ntungamo,School,Kihanga seed school,Kihanga Seed Secondary School,Field evidence,Verification records received; physical completion not certified,S042,Ntungamo,Phase I,Ongoing,,team-23/Ntungamo/Kihanga-Seed-Secondary-School/RWANDA HCIII and KIHANGA SEED PUBLIC SCHOOL.docx,,,,team-23/Ntungamo/Kihanga-Seed-Secondary-School,team-23 / Ntungamo / Kihanga-Seed-Secondary-School,SCHOOLS BY DISTRICT AND HEALTH CENTRES.docx,43
S223,Master list,23,Gumisiriza Johnson,Ntungamo,School,Nyabihoko,Nyabihoko Seed Secondary School,Field evidence,Verification records received; physical completion not certified,S223,Ntungamo,Phase II,Complete,,team-23/Ntungamo/Nyabihoko-Seed-Secondary-School/KAFUNJO HCIII and NYABIHOKO SEED SCHOOL.docx,,,,team-23/Ntungamo/Nyabihoko-Seed-Secondary-School,team-23 / Ntungamo / Nyabihoko-Seed-Secondary-School,SCHOOLS BY DISTRICT AND HEALTH CENTRES.docx,224
H268,Master list,23,Gumisiriza Johnson,Ntungamo MC,Health centre,Ruhoko HC II,Ruhoko HC III,Field evidence,Verification records received; physical completion not certified,H268,Ntungamo Mc,,Complete,,team-23/Ntungamo MC/Ruhoko-HC-III/RUHOKO HCIII Ntungamo LG.docx,,,,team-23/Ntungamo MC/Ruhoko-HC-III,team-23 / Ntungamo MC / Ruhoko-HC-III,SCHOOLS BY DISTRICT AND HEALTH CENTRES.docx,269
H315,Master list,23,Gumisiriza Johnson,Rukungiri,Health centre,Karuhembe HC II,Karuhembe HC III,Field evidence,Verification records received; physical completion not certified,H315,Rukungiri,,Complete,,team-23/Rukungiri/Karuhembe-HC-III/KARUHEMBE HCIII and KEBISONI SEED SCHOOL RUKUNGIRI LG.docx,,,,team-23/Rukungiri/Karuhembe-HC-III,team-23 / Rukungiri / Karuhembe-HC-III,SCHOOLS BY DISTRICT AND HEALTH CENTRES.docx,316
H316,Master list,23,Gumisiriza Johnson,Rukungiri,Health centre,Kasheshe HC II,Kasheshe HC III,Field evidence,Verification records received; physical completion not certified,H316,Rukungiri,,Complete,,team-23/Rukungiri/Kasheshe-HC-III/KASHESHE HCIII RUKUNGIRI DISTRICT.docx,,,,team-23/Rukungiri/Kasheshe-HC-III,team-23 / Rukungiri / Kasheshe-HC-III,SCHOOLS BY DISTRICT AND HEALTH CENTRES.docx,317
S248,Master list,23,Gumisiriza Johnson,Rukungiri,School,Kebisoni seed school,Kebisoni Seed Secondary School,Field evidence,Verification records received; physical completion not certified,S248,Rukungiri,Phase I,Complete,,team-23/Rukungiri/Kebisoni-Seed-Secondary-School/KARUHEMBE HCIII and KEBISONI SEED SCHOOL RUKUNGIRI LG.docx,,,,team-23/Rukungiri/Kebisoni-Seed-Secondary-School,team-23 / Rukungiri / Kebisoni-Seed-Secondary-School,SCHOOLS BY DISTRICT AND HEALTH CENTRES.docx,249
S249,Master list,23,Gumisiriza Johnson,Rukungiri,School,Nyakishenyi (New facilities at Nyakishenyi H.S.),Nyakishenyi (New facilities at Nyakishenyi H.S.),No return,Not established,S249,Rukungiri,Phase II,Complete,,,,,,,Unconfirmed possible match: Bikurungu-Seed-Secondary-School,SCHOOLS BY DISTRICT AND HEALTH CENTRES.docx,250
H317,Master list,23,Gumisiriza Johnson,Rukungiri MC,Health centre,Kitimba HC II,Kitimba HC III,Field evidence,Verification records received; physical completion not certified,H317,Rukungiri Mc,,Complete,,team-23/Rukungiri MC/Kitimba-HC-III/KITIMBA HCIII and BIKURUNGU SEED SCHOOL RUKUNGIRI LG.docx,,,,team-23/Rukungiri MC/Kitimba-HC-III,team-23 / Rukungiri MC / Kitimba-HC-III,SCHOOLS BY DISTRICT AND HEALTH CENTRES.docx,318
S051,Master list,24,Depaul Mbonigaba,Kiryandongo,School,Kigumba T/C,Kigumba Town Seed Secondary School,Field evidence,Verification records received; physical completion not certified,S051,Kiryandongo,Phase II,ongoing,,team-24/Kiryandongo/Kigumba-Town-Seed-Secondary-School/Kigumba Town Seed Secondary School.docx,,,,team-24/Kiryandongo/Kigumba-Town-Seed-Secondary-School,team-24 / Kiryandongo / Kigumba-Town-Seed-Secondary-School,SCHOOLS BY DISTRICT AND HEALTH CENTRES.docx,52
S238,Master list,24,Depaul Mbonigaba,Kiryandongo,School,Kitwala Seed School,Kitwara Seed Secondary School,Field evidence,Verification records received; physical completion not certified,S238,Kiryandongo,Phase I,Complete,,team-24/Kiryandongo/Kitwara-Seed-Secondary-School/Kitwara Seed Secondary School.docx,,,,team-24/Kiryandongo/Kitwara-Seed-Secondary-School,"team-24 / Kiryandongo / Kitwara-Seed-Secondary-School same facility, spelled differently",SCHOOLS BY DISTRICT AND HEALTH CENTRES.docx,239
H026,Master list,24,Depaul Mbonigaba,Luweero,Health centre,Katuugo HC II,Katuugo HC III,Field evidence,Verification records received; physical completion not certified,H026,Luwero,,Complete,,team-24/Luweero/Katuugo-HC-III/Katuugo Health Centre III.docx,,,,team-24/Luweero/Katuugo-HC-III,team-24 / Luweero / Katuugo-HC-III,SCHOOLS BY DISTRICT AND HEALTH CENTRES.docx,27
S077,Master list,24,Depaul Mbonigaba,Luweero,School,Butuntumula (New facilities at St. Andrew Kaggwa Kasaala S.S.),St Andrew Kaggwa Kasaala Seed Secondary School,Field evidence,Verification records received; physical completion not certified,S077,Luweero,Phase II,Complete,,team-24/Luweero/St-Andrew-Kaggwa-Kasaala-Seed-Secondary-School/St. Andrew Kaggwa Kasaala Seed Secondary School.docx,,,,team-24/Luweero/St-Andrew-Kaggwa-Kasaala-Seed-Secondary-School,team-24 / Luweero / St-Andrew-Kaggwa-Kasaala-Se ed-Secondary-School,SCHOOLS BY DISTRICT AND HEALTH CENTRES.docx,78
S078,Master list,24,Depaul Mbonigaba,Luweero,School,Katikamu Seed School,Luwube Muslim Seed Secondary School,Field evidence,Verification records received; physical completion not certified,S078,Luwero,Phase I,Complete,,team-24/Luweero/Luwube-Muslim-Seed-Secondary-School/Luwube Muslim Seed Secondary School.docx,,,,team-24/Luweero/Luwube-Muslim-Seed-Secondary-School,team-24 / Luweero / Luwube-Muslim-Seed-Secondary-School in Katikamu sub-county,SCHOOLS BY DISTRICT AND HEALTH CENTRES.docx,79
S239,Master list,24,Depaul Mbonigaba,Masindi,School,Budongo Seed School,Budongo Seed Secondary School,Field evidence,Verification records received; physical completion not certified,S239,Masindi,Phase I,Complete,,team-24/Masindi/Budongo-Seed-Secondary-School/Budongo Seed Secondary School.docx,,,,team-24/Masindi/Budongo-Seed-Secondary-School,team-24 / Masindi / Budongo-Seed-Secondary-School,SCHOOLS BY DISTRICT AND HEALTH CENTRES.docx,240
S052,Master list,24,Depaul Mbonigaba,Masindi,School,Kimengo (Kijunjubwa),Kijunjubwa Seed Secondary School,Field evidence,Verification records received; physical completion not certified,S052,Masindi,Phase II,ongoing,,team-24/Masindi/Kijunjubwa-Seed-Secondary-School/Kijunjubwa Community Seed Secondary School.docx,,,,team-24/Masindi/Kijunjubwa-Seed-Secondary-School,team-24 / Masindi / Kijunjubwa-Seed-Secondary-School,SCHOOLS BY DISTRICT AND HEALTH CENTRES.docx,53
H302,Master list,24,Depaul Mbonigaba,Masindi MC,Health centre,Katasenywa HC II,Katasenywa HC III,Field evidence,Verification records received; physical completion not certified,H302,Masindi Mc,,Complete,,team-24/Masindi MC/Katasenywa-HC-III/Katasenywa Health Centre III.docx,,,,team-24/Masindi MC/Katasenywa-HC-III,team-24 / Masindi MC / Katasenywa-HC-III,SCHOOLS BY DISTRICT AND HEALTH CENTRES.docx,303
H044,Master list,24,Depaul Mbonigaba,Nakaseke,Health centre,Butalangu HC II,Butalangu HC II,No return,Not established,H044,Nakaseke,,Complete,,,,,,,,SCHOOLS BY DISTRICT AND HEALTH CENTRES.docx,45
H043,Master list,24,Depaul Mbonigaba,Nakaseke,Health centre,Semuto HC II,Semuto HC II,No return,Not established,H043,Nakaseke,,Complete,,,,,,,,SCHOOLS BY DISTRICT AND HEALTH CENTRES.docx,44
S087,Master list,24,Depaul Mbonigaba,Nakaseke,School,Kikamulo,Kikamulo,No return,Not established,S087,Nakaseke,Phase II,Complete,,,,,,,,SCHOOLS BY DISTRICT AND HEALTH CENTRES.docx,88
S088,Master list,24,Depaul Mbonigaba,Nakaseke,School,Nakaseke Seed School,Nakaseke Seed School,No return,Not established,S088,Nakaseke,Phase I,Complete,,,,,,,,SCHOOLS BY DISTRICT AND HEALTH CENTRES.docx,89
S004,Master list,24,Depaul Mbonigaba,Nakaseke,School,Ngoma,Ngoma,No return,Not established,S004,Nakaseke,Phase III,Ongoing,,,,,,,,SCHOOLS BY DISTRICT AND HEALTH CENTRES.docx,5
H045,Master list,24,Depaul Mbonigaba,Nakasongola,Health centre,Kiralamba HC II,Kiralamba HC II,No return,Not established,H045,Nakasongola,,Complete,,,,,,,,SCHOOLS BY DISTRICT AND HEALTH CENTRES.docx,46
S089,Master list,24,Depaul Mbonigaba,Nakasongola,School,Nakitoma,Nakitoma,No return,Not established,S089,Nakasongola,Phase II,Complete,,,,,,,,SCHOOLS BY DISTRICT AND HEALTH CENTRES.docx,90
H283,Master list,25,Depaul Mbonigaba,Buliisa,Health centre,Avogera HC II,Avogera HC II,Field evidence,Completed from consolidated register; physical inspection not certified,H283,Buliisa,,Complete,,"_multi-team/bunyoro-tooro-greater-mityana/DEPAUL - BUNYORO, TOORO AND GREATER MITYANA -CURRENT.xls",UGIFT HEALTH!row 7015,,,,Asset section: LOCAL GOVT: BULIISA; FACILITY: AVOGERA…HC…III,SCHOOLS BY DISTRICT AND HEALTH CENTRES.docx,284
H284,Master list,25,Depaul Mbonigaba,Buliisa,Health centre,Butiaba HC II,Butiaba HC II,No return,Not established,H284,Buliisa,,Complete,,,,,,,,SCHOOLS BY DISTRICT AND HEALTH CENTRES.docx,285
H285,Master list,25,Depaul Mbonigaba,Buliisa,Health centre,Kigwera HC II,Kigwera HC II,No return,Not established,H285,Buliisa,,Complete,,,,,,,,SCHOOLS BY DISTRICT AND HEALTH CENTRES.docx,286
H369,Master list,25,Depaul Mbonigaba,Buliisa,Health centre,Kihungya HC II,Kihungya HC II,No return,Not established,H369,Buliisa,,Ongoing,,,,,,,,SCHOOLS BY DISTRICT AND HEALTH CENTRES.docx,370
S046,Master list,25,Depaul Mbonigaba,Buliisa,School,Kihungya,Kihungya,No return,Not established,S046,Buliisa,Phase II,Ongoing,,,,,,,,SCHOOLS BY DISTRICT AND HEALTH CENTRES.docx,47
S229,Master list,25,Depaul Mbonigaba,Buliisa,School,Ngwedo Seed School,Ngwedo Seed School,No return,Not established,S229,Buliisa,Phase I,Complete,,,,,,,,SCHOOLS BY DISTRICT AND HEALTH CENTRES.docx,230
S230,Master list,25,Depaul Mbonigaba,Hoima,School,Buhanika,Buhanika,No return,Not established,S230,Hoima,Phase II,Complete,,,,,,,,SCHOOLS BY DISTRICT AND HEALTH CENTRES.docx,231
S231,Master list,25,Depaul Mbonigaba,Hoima,School,Kigorobya Seed School,Kigorobya Seed School,No return,Not established,S231,Hoima,Phase I,Complete,,,,,,,,SCHOOLS BY DISTRICT AND HEALTH CENTRES.docx,232
H286,Master list,25,Depaul Mbonigaba,Hoima City,Health centre,Kihuukya HC II,Kihuukya HC II,Field evidence,Completed from consolidated register; physical inspection not certified,H286,Hoima Mc,,Complete,,"_multi-team/bunyoro-tooro-greater-mityana/DEPAUL - BUNYORO, TOORO AND GREATER MITYANA -CURRENT.xls",UGIFT HEALTH!row 7604,,,,Asset section: LOCAL GOVT: HOIMA CITY; FACILITY: KIHUUKYA  HEALTH CENTRE III,SCHOOLS BY DISTRICT AND HEALTH CENTRES.docx,287
H290,Master list,25,Depaul Mbonigaba,Kagadi,Health centre,Burora (Kagadi) HC II,Burora (Kagadi) HC II,No return,Not established,H290,Kagadi,,Complete,,,,,,,,SCHOOLS BY DISTRICT AND HEALTH CENTRES.docx,291
H289,Master list,25,Depaul Mbonigaba,Kagadi,Health centre,Kyabasara HC II,Kyabasara HC II,No return,Not established,H289,Kagadi,,Complete,,,,,,,,SCHOOLS BY DISTRICT AND HEALTH CENTRES.docx,290
H287,Master list,25,Depaul Mbonigaba,Kagadi,Health centre,Kyakabadiima HC II,Kyakabadiima HC II,No return,Not established,H287,Kagadi,,Complete,,,,,,,,SCHOOLS BY DISTRICT AND HEALTH CENTRES.docx,288
H288,Master list,25,Depaul Mbonigaba,Kagadi,Health centre,Muhorro HC II,Muhorro HC II,No return,Not established,H288,Kagadi,,Complete,,,,,,,,SCHOOLS BY DISTRICT AND HEALTH CENTRES.docx,289
S047,Master list,25,Depaul Mbonigaba,Kagadi,School,Burora,Burora,No return,Not established,S047,Kagadi,Phase III,ongoing,,,,,,,,SCHOOLS BY DISTRICT AND HEALTH CENTRES.docx,48
S048,Master list,25,Depaul Mbonigaba,Kagadi,School,Kagadi,Kagadi,No return,Not established,S048,Kagadi,Phase II,Ongoing,,,,,,,,SCHOOLS BY DISTRICT AND HEALTH CENTRES.docx,49
S232,Master list,25,Depaul Mbonigaba,Kagadi,School,Kiryanga Seed School,Kiryanga Seed School,No return,Not established,S232,Kagadi,Phase I,Complete,,,,,,,,SCHOOLS BY DISTRICT AND HEALTH CENTRES.docx,233
S049,Master list,25,Depaul Mbonigaba,Kagadi,School,Ruteete,Ruteete,No return,Not established,S049,Kagadi,Phase II,Ongoing,,,,,,,,SCHOOLS BY DISTRICT AND HEALTH CENTRES.docx,50
S237,Master list,25,Depaul Mbonigaba,Kikuube,School,Kiziranfumbi Seed School,Kiziranfumbi Seed School,No return,Not established,S237,Kikuube,Phase I,Complete,,,,,,,,SCHOOLS BY DISTRICT AND HEALTH CENTRES.docx,238
S050,Master list,25,Depaul Mbonigaba,Kikuube,School,Kyangwali (New Facilities for Kyangwali Seed S.S.),Kyangwali (New Facilities for Kyangwali Seed S.S.),No return,Not established,S050,Kikuube,Phase II,ongoing,,,,,,,,SCHOOLS BY DISTRICT AND HEALTH CENTRES.docx,51
H371,Master list,26,Depaul Mbonigaba,Bundibugyo,Health centre,Buhanda HC II,Buhanda HC III,Field evidence,Verification records received; physical completion not certified,H371,Bundibugyo,,Ongoing,,team-26/Bundibugyo/Buhanda-HC-III/ASSET VERIFICATION AND RECORDING TOOL KIT 222 BUHANDA HEALTH CENTRE III (1).docx,,,,team-26/Bundibugyo/Buhanda-HC-III,team-26 / Bundibugyo / Buhanda-HC-III,SCHOOLS BY DISTRICT AND HEALTH CENTRES.docx,372
H323,Master list,26,Depaul Mbonigaba,Bundibugyo,Health centre,Bundimulangya HC II,Bundimulangya HC III,Field evidence,Verification records received; physical completion not certified,H323,Bundibugyo,,Complete,,team-26/Bundibugyo/Bundimulangya-HC-III/ASSET VERIFICATION AND RECORDING TOOL KIT 222 BUNDIMULANGYA HEALTH CENTRE III AND BURONDO SEED SCHOOL (1).docx,,,,team-26/Bundibugyo/Bundimulangya-HC-III,team-26 / Bundibugyo / Bundimulangya-HC-III,SCHOOLS BY DISTRICT AND HEALTH CENTRES.docx,324
H321,Master list,26,Depaul Mbonigaba,Bundibugyo,Health centre,Bupomboli HC II,Bupomboli HC III,Field evidence,Verification records received; physical completion not certified,H321,Bundibugyo,,Complete,,team-26/Bundibugyo/Bupomboli-HC-III/BUNDIBUGYO DISTRICT  BUPOMBOLI HEALTH CENTER III ASSET VERIFICATION AND RECORDING TOOL KIT 222.docx,,,,team-26/Bundibugyo/Bupomboli-HC-III,team-26 / Bundibugyo / Bupomboli-HC-III,SCHOOLS BY DISTRICT AND HEALTH CENTRES.docx,322
H320,Master list,26,Depaul Mbonigaba,Bundibugyo,Health centre,Burondo HC II,Burondo HC III,Field evidence,Verification records received; physical completion not certified,H320,Bundibugyo,,Complete,,team-26/Bundibugyo/Burondo-HC-III/ASSET VERIFICATION AND RECORDING TOOL KIT BURONDO HEALTH CENTRE III AND KISUBA SEED SCHOOL.docx,,,,team-26/Bundibugyo/Burondo-HC-III,team-26 / Bundibugyo / Burondo-HC-III,SCHOOLS BY DISTRICT AND HEALTH CENTRES.docx,321
H370,Master list,26,Depaul Mbonigaba,Bundibugyo,Health centre,Kyondo HC II,Kyondo HC II,No return,Not established,H370,Bundibugyo,,Ongoing,,,,,,,Unconfirmed possible match: Busanga-HC-III,SCHOOLS BY DISTRICT AND HEALTH CENTRES.docx,371
H318,Master list,26,Depaul Mbonigaba,Bundibugyo,Health centre,Mantoroba HC II,Mantoroba HC II,No return,Not established,H318,Bundibugyo,,Complete,,,,,,,Unconfirmed possible match: Busanga-HC-III,SCHOOLS BY DISTRICT AND HEALTH CENTRES.docx,319
H319,Master list,26,Depaul Mbonigaba,Bundibugyo,Health centre,Mirambi HC II,Mirambi HC III,Field evidence,Verification records received; physical completion not certified,H319,Bundibugyo,,Complete,,team-26/Bundibugyo/Mirambi-HC-III/MIRAMBI HEALTH CENTRE III - ASSET VERIFICATION AND RECORDING TOOL KIT -.docx,,,,team-26/Bundibugyo/Mirambi-HC-III,team-26 / Bundibugyo / Mirambi-HC-III,SCHOOLS BY DISTRICT AND HEALTH CENTRES.docx,320
H322,Master list,26,Depaul Mbonigaba,Bundibugyo,Health centre,Tombwe HC II,Tombwe HC III,Field evidence,Verification records received; physical completion not certified,H322,Bundibugyo,,Complete,,team-26/Bundibugyo/Tombwe-HC-III/TOMBWE HEALTH CENTRE III - ASSET VERIFICATION AND RECORDING TOOL KIT.docx,,,,team-26/Bundibugyo/Tombwe-HC-III,team-26 / Bundibugyo / Tombwe-HC-III,SCHOOLS BY DISTRICT AND HEALTH CENTRES.docx,323
S054,Master list,26,Depaul Mbonigaba,Bundibugyo,School,Burondo,Burondo Seed Secondary School,Field evidence,Verification records received; physical completion not certified,S054,Bundibugyo,Phase III,Ongoing,,team-26/Bundibugyo/Burondo-Seed-Secondary-School/ASSET VERIFICATION AND RECORDING TOOL KIT 222 BUNDIMULANGYA HEALTH CENTRE III AND BURONDO SEED SCHOOL (1).docx,,,,team-26/Bundibugyo/Burondo-Seed-Secondary-School,team-26 / Bundibugyo / Burondo-Seed-Secondary-School,SCHOOLS BY DISTRICT AND HEALTH CENTRES.docx,55
S250,Master list,26,Depaul Mbonigaba,Bundibugyo,School,Kisuba seed school,Kisuba Seed Secondary School,Field evidence,Verification records received; physical completion not certified,S250,Bundibugyo,Phase I,Complete,,team-26/Bundibugyo/Kisuba-Seed-Secondary-School/ASSET VERIFICATION AND RECORDING TOOL KIT BURONDO HEALTH CENTRE III AND KISUBA SEED SCHOOL.docx,,,,team-26/Bundibugyo/Kisuba-Seed-Secondary-School,team-26 / Bundibugyo / Kisuba-Seed-Secondary-School,SCHOOLS BY DISTRICT AND HEALTH CENTRES.docx,251
S055,Master list,26,Depaul Mbonigaba,Bundibugyo,School,Mabere (New facilities at Kabango S.S.),Kabango Seed Secondary School,Field evidence,Verification records received; physical completion not certified,S055,Bundibugyo,Phase II,Ongoing,,team-26/Bundibugyo/Kabango-Seed-Secondary-School/BUNDIBUGYO DISTRICT  KABANGO SEED SS ASSET VERIFICATION AND RECORDING TOOL KIT 222.docx,,,,team-26/Bundibugyo/Kabango-Seed-Secondary-School,team-26 / Bundibugyo / Kabango-Seed-Secondary-School,SCHOOLS BY DISTRICT AND HEALTH CENTRES.docx,56
H330,Master list,26,Depaul Mbonigaba,Kabarole,Health centre,Kicwamba HCII,Kichwamba HC III,Field evidence,Verification records received; physical completion not certified,H330,Kabarole,,Complete,,team-26/Kabarole/Kichwamba-HC-III/KICHWAMBA HEALTH CENTRE III - ASSET VERIFICATION AND RECORDING TOOL KIT.docx,,,,team-26/Kabarole/Kichwamba-HC-III,"team-26 / Kabarole / Kichwamba-HC-III same facility, spelled differently",SCHOOLS BY DISTRICT AND HEALTH CENTRES.docx,331
H329,Master list,26,Depaul Mbonigaba,Kabarole,Health centre,Kidubuli HC II,Kidubuli HC II,No return,Not established,H329; H331,Kabarole,,Complete,,,,,,,"Unconfirmed possible match: Iruhura-HC-III, Nyambuusa-HC-III",SCHOOLS BY DISTRICT AND HEALTH CENTRES.docx,330
H333,Master list,26,Depaul Mbonigaba,Kabarole,Health centre,Kiko TC,Kiko Town Council HC III,Field evidence,Verification records received; physical completion not certified,H333,Kabarole,,Complete,,team-26/Kabarole/Kiko-Town-Council-HC-III/ASSET VERIFICATION AND RECORDING TOOL KIT 222 KIKO TOWN CONCIL HEALTH CENTRE III (1).docx,,,,team-26/Kabarole/Kiko-Town-Council-HC-III,team-26 / Kabarole / Kiko-Town-Council-HC-III,SCHOOLS BY DISTRICT AND HEALTH CENTRES.docx,334
H372,Master list,26,Depaul Mbonigaba,Kabarole,Health centre,Kitule HC II,Kitule HC III,Field evidence,Verification records received; physical completion not certified,H372,Kabarole,,Ongoing,,team-26/Kabarole/Kitule-HC-III/ASSET VERIFICATION AND RECORDING TOOL KIT FOR KITUULE HEALTH CENTRE III.docx,,,,team-26/Kabarole/Kitule-HC-III,team-26 / Kabarole / Kitule-HC-III,SCHOOLS BY DISTRICT AND HEALTH CENTRES.docx,373
H332,Master list,26,Depaul Mbonigaba,Kabarole,Health centre,Nyabuswa HC II,Nyabuswa HC II,No return,Not established,H332,Kabarole,,Complete,,,,,,,"Unconfirmed possible match: Iruhura-HC-III, Nyambuusa-HC-III",SCHOOLS BY DISTRICT AND HEALTH CENTRES.docx,333
H335,Master list,26,Depaul Mbonigaba,Kabarole,Health centre,Nyakitokoli HC II,Nyakitokoli HC III,Field evidence,Verification records received; physical completion not certified,H335,Kabarole,,Complete,,team-26/Kabarole/Nyakitokoli-HC-III/KABAROLE DISTRICT   NYAKITOKOLI HEALTH CENTER III ASSET VERIFICATION AND RECORDING TOOL KIT 2222 (1).docx,,,,team-26/Kabarole/Nyakitokoli-HC-III,team-26 / Kabarole / Nyakitokoli-HC-III,SCHOOLS BY DISTRICT AND HEALTH CENTRES.docx,336
H334,Master list,26,Depaul Mbonigaba,Kabarole,Health centre,Nyantabooma HC II,Nyantabooma HC III,Field evidence,Verification records received; physical completion not certified,H334,Kabarole,,Complete,,team-26/Kabarole/Nyantabooma-HC-III/NYANTABOMA HEALTH CENTRE III  - ASSET VERIFICATION AND RECORDING TOOL KIT.docx,,,,team-26/Kabarole/Nyantabooma-HC-III,team-26 / Kabarole / Nyantabooma-HC-III,SCHOOLS BY DISTRICT AND HEALTH CENTRES.docx,335
S252,Master list,26,Depaul Mbonigaba,Kabarole,School,Kasenda Seed School,Kasenda Seed School,No return,Not established,S252,Kabarole,Phase I,Complete,,,,,,,,SCHOOLS BY DISTRICT AND HEALTH CENTRES.docx,253
S059,Master list,26,Depaul Mbonigaba,Kabarole,School,Kichwamba,Kichwamba,No return,Not established,S059,Kabarole,Phase II,ongoing,,,,,,,,SCHOOLS BY DISTRICT AND HEALTH CENTRES.docx,60
H353,Master list,26,Depaul Mbonigaba,Ntoroko,Health centre,Bweramule HC II,Bweramule HC II,No return,Not established,H353,Ntoroko,,Complete,,,,,,,Unconfirmed possible match: Butungama-HC-III,SCHOOLS BY DISTRICT AND HEALTH CENTRES.docx,354
H354,Master list,26,Depaul Mbonigaba,Ntoroko,Health centre,Musandama HC II,Musandama HC II,No return,Not established,H354,Ntoroko,,Complete,,,,,,,Unconfirmed possible match: Butungama-HC-III,SCHOOLS BY DISTRICT AND HEALTH CENTRES.docx,355
S062,Master list,26,Depaul Mbonigaba,Ntoroko,School,Butungama,Butungama Seed Secondary School,Field evidence,Verification records received; physical completion not certified,S062,Ntoroko,Phase II,Ongoing,,team-26/Ntoroko/Butungama-Seed-Secondary-School/ASSET VERIFICATION AND RECORDING TOOL KIT 222 BUTUNGAMA HEALTH CENTRE III AND BUTUNGAMA SEED SCHOOL (1).docx,,,,team-26/Ntoroko/Butungama-Seed-Secondary-School,team-26 / Ntoroko / Butungama-Seed-Secondary-School,SCHOOLS BY DISTRICT AND HEALTH CENTRES.docx,63
S063,Master list,26,Depaul Mbonigaba,Ntoroko,School,Kibuuku TC,Kibuuku Seed Secondary School,Field evidence,Verification records received; physical completion not certified,S063,Ntoroko,Phase II,Ongoing,,team-26/Ntoroko/Kibuuku-Seed-Secondary-School/NTOROKO KIBUKU SEED SECONDARY SCHOOL  ASSET VERIFICATION AND RECORDING TOOL KIT 222.docx,,,,team-26/Ntoroko/Kibuuku-Seed-Secondary-School,team-26 / Ntoroko / Kibuuku-Seed-Secondary-School,SCHOOLS BY DISTRICT AND HEALTH CENTRES.docx,64
S259,Master list,26,Depaul Mbonigaba,Ntoroko,School,Nombe Seed School,Nombe Seed Secondary School,Field evidence,Verification records received; physical completion not certified,S259,Ntoroko,Phase I,Complete,,team-26/Ntoroko/Nombe-Seed-Secondary-School/NTOROKO ASSET NOMBE SEED SECONDARY SCHOOL VERIFICATION AND RECORDING TOOL KIT 222.docx,,,,team-26/Ntoroko/Nombe-Seed-Secondary-School,team-26 / Ntoroko / Nombe-Seed-Secondary-School,SCHOOLS BY DISTRICT AND HEALTH CENTRES.docx,260
H326,Master list,27,Depaul Mbonigaba,Bunyangabu,Health centre,Kabahango HC II,Kabahango HC II,Needs review,Asset rows received; district identity requires confirmation,H326,Bunyangabu,,Complete,,"_multi-team/bunyoro-tooro-greater-mityana/DEPAUL - BUNYORO, TOORO AND GREATER MITYANA -CURRENT.xls",UGIFT HEALTH!row 1833,,,,Asset section: LOCAL GOVT: KAMWENGE; FACILITY: KABAHANGO; Master/prior report: Bunyangabu; register: KAMWENGE.,SCHOOLS BY DISTRICT AND HEALTH CENTRES.docx,327
H324,Master list,27,Depaul Mbonigaba,Bunyangabu,Health centre,Kateebwa Monument HCII,Kateebwa Monument HCII,Field evidence,Completed from consolidated register; physical inspection not certified,H324,Bunyangabu,,Complete,,"_multi-team/bunyoro-tooro-greater-mityana/DEPAUL - BUNYORO, TOORO AND GREATER MITYANA -CURRENT.xls",UGIFT HEALTH!row 3402,,,,Asset section: LOCAL GOVT: BUNYANGABU; FACILITY: KATEEBWA,SCHOOLS BY DISTRICT AND HEALTH CENTRES.docx,325
H325,Master list,27,Depaul Mbonigaba,Bunyangabu,Health centre,Rubona HC II,Rubona HC II,Field evidence,Completed from consolidated register; physical inspection not certified,H325,Bunyangabu,,Complete,,"_multi-team/bunyoro-tooro-greater-mityana/DEPAUL - BUNYORO, TOORO AND GREATER MITYANA -CURRENT.xls",UGIFT HEALTH!row 2616,,,,Asset section: LOCAL GOVT: BUNYANGABU; FACILITY: RUBONA,SCHOOLS BY DISTRICT AND HEALTH CENTRES.docx,326
S056,Master list,27,Depaul Mbonigaba,Bunyangabu,School,Kabonero,Kabonero,No return,Not established,S056,Bunyangabu,Phase II,Ongoing,,,,,,,,SCHOOLS BY DISTRICT AND HEALTH CENTRES.docx,57
S251,Master list,27,Depaul Mbonigaba,Bunyangabu,School,Kiyombya seed school,Kiyombya seed school,Needs review,Asset rows received; district identity requires confirmation,S251,Bunyangabu,Phase I,Complete,,"_multi-team/bunyoro-tooro-greater-mityana/DEPAUL - BUNYORO, TOORO AND GREATER MITYANA -CURRENT.xls",IGIFT EDUCATION!row 196,,,,Asset section: LOCAL GOVT: KAMWENGE; FACILITY: KIYOMBYA; Master/prior report: Bunyangabu; register: KAMWENGE.,SCHOOLS BY DISTRICT AND HEALTH CENTRES.docx,252
S057,Master list,27,Depaul Mbonigaba,Bunyangabu,School,Kyamukube Town Council,Kyamukube Town Council,No return,Not established,S057,Bunyangabu,Phase III,Ongoing,,,,,,,,SCHOOLS BY DISTRICT AND HEALTH CENTRES.docx,58
H336,Master list,27,Depaul Mbonigaba,Kamwenge,Health centre,Kabambiro HC II,Kabambiro HC II,Needs review,Asset rows received; district identity requires confirmation,H336,Kamwenge,,Complete,,"_multi-team/bunyoro-tooro-greater-mityana/DEPAUL - BUNYORO, TOORO AND GREATER MITYANA -CURRENT.xls",UGIFT HEALTH!row 3939,,,,Asset section: LOCAL GOVT: BUNYANGABU; FACILITY: KABAMBIRO; Master/prior report: Kamwenge; register: BUNYANGABU.,SCHOOLS BY DISTRICT AND HEALTH CENTRES.docx,337
H338,Master list,27,Depaul Mbonigaba,Kamwenge,Health centre,Kabingo HC II,Kabingo HC II,Field evidence,Completed from consolidated register; physical inspection not certified,H338,Kamwenge,,Complete,,"_multi-team/bunyoro-tooro-greater-mityana/DEPAUL - BUNYORO, TOORO AND GREATER MITYANA -CURRENT.xls",UGIFT HEALTH!row 2876,,,,Asset section: LOCAL GOVT: KAMWENGE; FACILITY: KABINGO,SCHOOLS BY DISTRICT AND HEALTH CENTRES.docx,339
H337,Master list,27,Depaul Mbonigaba,Kamwenge,Health centre,Kanara HC II,Kanara HC II,Needs review,Asset rows received; district identity requires confirmation,H337,Kamwenge,,Complete,,"_multi-team/bunyoro-tooro-greater-mityana/DEPAUL - BUNYORO, TOORO AND GREATER MITYANA -CURRENT.xls",UGIFT HEALTH!row 1565,,,,Asset section: LOCAL GOVT: KITAGWENDA; FACILITY: KANARA; Master/prior report: Kamwenge; register: KITAGWENDA.,SCHOOLS BY DISTRICT AND HEALTH CENTRES.docx,338
S253,Master list,27,Depaul Mbonigaba,Kamwenge,School,Bwizi Seed School,Bwizi Seed School,Field evidence,Completed from consolidated register; physical inspection not certified,S253,Kamwenge,Phase I,Complete,,"_multi-team/bunyoro-tooro-greater-mityana/DEPAUL - BUNYORO, TOORO AND GREATER MITYANA -CURRENT.xls",IGIFT EDUCATION!row 513,,,,Asset section: LOCAL GOVT: KAMWENGE; FACILITY: BWIZI,SCHOOLS BY DISTRICT AND HEALTH CENTRES.docx,254
H340,Master list,27,Depaul Mbonigaba,Kasese,Health centre,Buhuhira HC II,Buhuhira HC II,Field evidence,Completed from consolidated register; physical inspection not certified,H340,Kasese,,Complete,,"_multi-team/bunyoro-tooro-greater-mityana/DEPAUL - BUNYORO, TOORO AND GREATER MITYANA -CURRENT.xls",UGIFT HEALTH!row 3672,,,,Asset section: LOCAL GOVT: KASESE; FACILITY: BUHUHIRA,SCHOOLS BY DISTRICT AND HEALTH CENTRES.docx,341
H343,Master list,27,Depaul Mbonigaba,Kasese,Health centre,Bwesumbu HC II,Bwesumbu HC II,Field evidence,Completed from consolidated register; physical inspection not certified,H343,Kasese,,Complete,,"_multi-team/bunyoro-tooro-greater-mityana/DEPAUL - BUNYORO, TOORO AND GREATER MITYANA -CURRENT.xls",UGIFT HEALTH!row 3137,,,,Asset section: LOCAL GOVT: KASESE; FACILITY: BWESUMBU,SCHOOLS BY DISTRICT AND HEALTH CENTRES.docx,344
H373,Master list,27,Depaul Mbonigaba,Kasese,Health centre,Kabingo HCII,Kabingo HCII,No return,Not established,H373,Kasese,,Ongoing,,,,,,,,SCHOOLS BY DISTRICT AND HEALTH CENTRES.docx,374
H342,Master list,27,Depaul Mbonigaba,Kasese,Health centre,Kyempara HC II,Kyempara HC II,Field evidence,Completed from consolidated register; physical inspection not certified,H342,Kasese,,Complete,,"_multi-team/bunyoro-tooro-greater-mityana/DEPAUL - BUNYORO, TOORO AND GREATER MITYANA -CURRENT.xls",UGIFT HEALTH!row 2095,,,,Asset section: LOCAL GOVT: KASESE; FACILITY: KYEMPARA,SCHOOLS BY DISTRICT AND HEALTH CENTRES.docx,343
H339,Master list,27,Depaul Mbonigaba,Kasese,Health centre,Nyabirongo HCII,Nyabirongo HCII,Field evidence,Completed from consolidated register; physical inspection not certified,H339,Kasese,,Complete,,"_multi-team/bunyoro-tooro-greater-mityana/DEPAUL - BUNYORO, TOORO AND GREATER MITYANA -CURRENT.xls",UGIFT HEALTH!row 4473,,,,Asset section: LOCAL GOVT: KASESE; FACILITY: NYABIRONGO,SCHOOLS BY DISTRICT AND HEALTH CENTRES.docx,340
H341,Master list,27,Depaul Mbonigaba,Kasese,Health centre,Nyakimasa HC II,Nyakimasa HC II,Field evidence,Completed from consolidated register; physical inspection not certified,H341,Kasese,,Complete,,"_multi-team/bunyoro-tooro-greater-mityana/DEPAUL - BUNYORO, TOORO AND GREATER MITYANA -CURRENT.xls",UGIFT HEALTH!row 2356,,,,Asset section: LOCAL GOVT: KASESE; FACILITY: NYAKIMASA,SCHOOLS BY DISTRICT AND HEALTH CENTRES.docx,342
S060,Master list,27,Depaul Mbonigaba,Kasese,School,Bwesumbu,Bwesumbu,Field evidence,Completed from consolidated register; physical inspection not certified,S060,Kasese,Phase II,ongoing,,"_multi-team/bunyoro-tooro-greater-mityana/DEPAUL - BUNYORO, TOORO AND GREATER MITYANA -CURRENT.xls",IGIFT EDUCATION!row 656,,,,Asset section: LOCAL GOVT: KASESE; FACILITY: BWESUMBU,SCHOOLS BY DISTRICT AND HEALTH CENTRES.docx,61
H344,Master list,27,Depaul Mbonigaba,Kasese MC,Health centre,Railway HC II,Railway HC II,Needs review,Asset rows received; district identity requires confirmation,H344,Kasese Municipal Council,,Complete,,"_multi-team/bunyoro-tooro-greater-mityana/DEPAUL - BUNYORO, TOORO AND GREATER MITYANA -CURRENT.xls",UGIFT HEALTH!row 4209,,,,Asset section: LOCAL GOVT: KASESE; FACILITY: RAILWAY; Master/prior report: Kasese MC; register: KASESE.,SCHOOLS BY DISTRICT AND HEALTH CENTRES.docx,345
S254,Master list,27,Depaul Mbonigaba,Kitagwenda,School,Kanara,Kanara,Field evidence,Completed from consolidated register; physical inspection not certified,S254,Kitagwenda,Phase II,Complete,,"_multi-team/bunyoro-tooro-greater-mityana/DEPAUL - BUNYORO, TOORO AND GREATER MITYANA -CURRENT.xls",IGIFT EDUCATION!row 3,,,,Asset section: LOCAL GOVT: KITAGWENDA; FACILITY: KANARA,SCHOOLS BY DISTRICT AND HEALTH CENTRES.docx,255
S058,Master list,28,Depaul Mbonigaba,Fort-Portal City,School,Karago TC,Karago TC,No return,Not established,S058,Fort-Portal,Phase III,Ongoing,,,,,,,Unconfirmed possible match: Bukuuku-Community-Secondary-School,SCHOOLS BY DISTRICT AND HEALTH CENTRES.docx,59
H327,Master list,28,Depaul Mbonigaba,Fortportal City,Health centre,Kiguma HCII,Kiguma HC III,Field evidence,Verification records received; physical completion not certified,H327,Fortportal City,,Complete,,team-28/Fort-Portal City/Kiguma-HC-III/ASSET VERIFICATION AND RECORDING TOOL KIT KIGUMA HC III.pdf,,,,team-28/Fort-Portal City/Kiguma-HC-III,team-28 / Fort-Portal City / Kiguma-HC-III,SCHOOLS BY DISTRICT AND HEALTH CENTRES.docx,328
H328,Master list,28,Depaul Mbonigaba,Fortportal City,Health centre,Rubingo HCII,Rubingo HC III,Field evidence,Verification records received; physical completion not certified,H328,Fortportal City,,Complete,,team-28/Fort-Portal City/Rubingo-HC-III/ASSET VERIFICATION AND RECORDING TOOL KIT 222 rubingo.docx,,,,team-28/Fort-Portal City/Rubingo-HC-III,team-28 / Fort-Portal City / Rubingo-HC-III,SCHOOLS BY DISTRICT AND HEALTH CENTRES.docx,329
H345,Master list,28,Depaul Mbonigaba,Kyegegwa,Health centre,Kabweza,Kabweza HC III,Needs review,Physical verification not confirmed because returns conflict,H345,Kyegegwa,,Complete,,team-28/Kyegegwa/Kabweza-HC-III/ASSET VERIFICATION AND RECORDING TOOL KIT 222 kabweza hc iii.docx,,,,team-28/Kyegegwa/Kabweza-HC-III,Process report describes Kyankaramata rather than the named facility. Confirm the report and facility-specific evidence.,SCHOOLS BY DISTRICT AND HEALTH CENTRES.docx,346
H346,Master list,28,Depaul Mbonigaba,Kyegegwa,Health centre,Karwenyi HC II,Karwenyi HC III,Field evidence,Verification records received; physical completion not certified,H346,Kyegegwa,,Complete,,team-28/Kyegegwa/Karwenyi-HC-III/ASSET VERIFICATION AND RECORDING TOOL KIT KARWENYI HC III.pdf,,,,team-28/Kyegegwa/Karwenyi-HC-III,team-28 / Kyegegwa / Karwenyi-HC-III,SCHOOLS BY DISTRICT AND HEALTH CENTRES.docx,347
S255,Master list,28,Depaul Mbonigaba,Kyegegwa,School,Ruyonza,Ruyonza Seed Secondary School,Field evidence,Verification records received; physical completion not certified,S255,Kyegegwa,Phase II,Complete,,team-28/Kyegegwa/Ruyonza-Seed-Secondary-School/RUYONZA.docx,,,,team-28/Kyegegwa/Ruyonza-Seed-Secondary-School,team-28 / Kyegegwa / Ruyonza-Seed-Secondary-School,SCHOOLS BY DISTRICT AND HEALTH CENTRES.docx,256
S256,Master list,28,Depaul Mbonigaba,Kyegegwa,School,Rwentuha seed school,Rwentuha Seed Secondary School,Field evidence,Verification records received; physical completion not certified,S256,Kyegegwa,Phase I,Complete,,team-28/Kyegegwa/Rwentuha-Seed-Secondary-School/RWENTUHA.docx,,,,team-28/Kyegegwa/Rwentuha-Seed-Secondary-School,team-28 / Kyegegwa / Rwentuha-Seed-Secondary-School,SCHOOLS BY DISTRICT AND HEALTH CENTRES.docx,257
H347,Master list,28,Depaul Mbonigaba,Kyenjojo,Health centre,Kasamba,Kasamba HC III,Field evidence,Verification records received; physical completion not certified,H347,Kyenjojo,,Complete,,team-28/Kyenjojo/Kasamba-HC-III/KASAMBA HCIII REPORT.pdf,,,,team-28/Kyenjojo/Kasamba-HC-III,team-28 / Kyenjojo / Kasamba-HC-III,SCHOOLS BY DISTRICT AND HEALTH CENTRES.docx,348
H349,Master list,28,Depaul Mbonigaba,Kyenjojo,Health centre,Kataraza HC II,Kataraza HC III,Needs review,Physical verification not confirmed because returns conflict,H349,Kyenjojo,,Complete,,team-28/Kyenjojo/Kataraza-HC-III/ASSET VERIFICATION AND RECORDING TOOL KIT katalaza.docx,,,,team-28/Kyenjojo/Kataraza-HC-III,Process report describes Kyankaramata rather than the named facility. Confirm the report and facility-specific evidence.,SCHOOLS BY DISTRICT AND HEALTH CENTRES.docx,350
H352,Master list,28,Depaul Mbonigaba,Kyenjojo,Health centre,Kigoyera HC II,Kigoyera HC III,Field evidence,Verification records received; physical completion not certified,H352,Kyenjojo,,Complete,,team-28/Kyenjojo/Kigoyera-HC-III/KYEMBOGO AND KIGOYERA.docx,,,,team-28/Kyenjojo/Kigoyera-HC-III,team-28 / Kyenjojo / Kigoyera-HC-III,SCHOOLS BY DISTRICT AND HEALTH CENTRES.docx,353
H351,Master list,28,Depaul Mbonigaba,Kyenjojo,Health centre,Kyakaramata HC II,Kyankaramata HC III,Field evidence,Verification records received; physical completion not certified,H351,Kyenjojo,,Complete,,team-28/Kyenjojo/Kyankaramata-HC-III/ASSET VERIFICATION AND RECORDING TOOL KIT 222 kyankaramata hc iii.docx,,,,team-28/Kyenjojo/Kyankaramata-HC-III,"team-28 / Kyenjojo / Kyankaramata-HC-III same facility, spelled differently",SCHOOLS BY DISTRICT AND HEALTH CENTRES.docx,352
H348,Master list,28,Depaul Mbonigaba,Kyenjojo,Health centre,Mbale HCII,Mbale HC III,Field evidence,Verification records received; physical completion not certified,H348,Kyenjojo,,Complete,,team-28/Kyenjojo/Mbale-HC-III/ASSET VERIFICATION AND RECORDING TOOL KIT 222 mbale HC3 and kigaraale seed school 1 (Autosaved) (1).pdf,,,,team-28/Kyenjojo/Mbale-HC-III,team-28 / Kyenjojo / Mbale-HC-III,SCHOOLS BY DISTRICT AND HEALTH CENTRES.docx,349
H350,Master list,28,Depaul Mbonigaba,Kyenjojo,Health centre,Myeri HC II,Myeri HC III,Field evidence,Verification records received; physical completion not certified,H350,Kyenjojo,,Complete,,team-28/Kyenjojo/Myeri-HC-III/ASSET VERIFICATION AND RECORDING TOOL KIT 222 myeri hc iii.docx,,,,team-28/Kyenjojo/Myeri-HC-III,team-28 / Kyenjojo / Myeri-HC-III,SCHOOLS BY DISTRICT AND HEALTH CENTRES.docx,351
S257,Master list,28,Depaul Mbonigaba,Kyenjojo,School,Kigaraale,Kigaraale Seed Secondary School,Field evidence,Verification records received; physical completion not certified,S257,Kyenjojo,Phase II,Complete,,team-28/Kyenjojo/Kigaraale-Seed-Secondary-School/ASSET VERIFICATION AND RECORDING TOOL KIT 222 mbale HC3 and kigaraale seed school 1 (Autosaved) (1).pdf,,,,team-28/Kyenjojo/Kigaraale-Seed-Secondary-School,team-28 / Kyenjojo / Kigaraale-Seed-Secondary-School,SCHOOLS BY DISTRICT AND HEALTH CENTRES.docx,258
S061,Master list,28,Depaul Mbonigaba,Kyenjojo,School,Kyarusozi,Kyarusozi Seed Secondary School,Field evidence,Verification records received; physical completion not certified,S061,Kyenjojo,Phase III,ongoing,,team-28/Kyenjojo/Kyarusozi-Seed-Secondary-School/KYARUSOZI.docx,,,,team-28/Kyenjojo/Kyarusozi-Seed-Secondary-School,team-28 / Kyenjojo / Kyarusozi-Seed-Secondary-School,SCHOOLS BY DISTRICT AND HEALTH CENTRES.docx,62
S258,Master list,28,Depaul Mbonigaba,Kyenjojo,School,Kyembogo seed school,Kyembogo Seed Secondary School,Field evidence,Verification records received; physical completion not certified,S258,Kyenjojo,Phase I,Complete,,team-28/Kyenjojo/Kyembogo-Seed-Secondary-School/KYEMBOGO AND KIGOYERA.docx,,,,team-28/Kyenjojo/Kyembogo-Seed-Secondary-School,team-28 / Kyenjojo / Kyembogo-Seed-Secondary-School,SCHOOLS BY DISTRICT AND HEALTH CENTRES.docx,259
H040,Master list,28,Depaul Mbonigaba,Mubende,Health centre,Buseregenyu HC II,Buseregenyu HC II,Needs review,Asset rows received; district identity requires confirmation,H040,Mubende,,Complete,,"_multi-team/bunyoro-tooro-greater-mityana/DEPAUL - BUNYORO, TOORO AND GREATER MITYANA -CURRENT.xls",UGIFT HEALTH!row 7390,,,,Asset section: LOCAL GOVT: MITYANA; FACILITY: BUSEREGENYU HC III; Master/prior report: Mubende; register: MITYANA.,SCHOOLS BY DISTRICT AND HEALTH CENTRES.docx,41
H039,Master list,28,Depaul Mbonigaba,Mubende,Health centre,Butawata HC II,Butawata HC III,Field evidence,Verification records received; physical completion not certified,H039,Mubende,,Complete,,team-28/Mubende/Butawata-HC-III/ASSET VERIFICATION AND RECORDING TOOL KIT 222 butawata hc iii.docx,,,,team-28/Mubende/Butawata-HC-III,team-28 / Mubende / Butawata-HC-III,SCHOOLS BY DISTRICT AND HEALTH CENTRES.docx,40
H036,Master list,28,Depaul Mbonigaba,Mubende,Health centre,Kabbo,Kabbo,No return,Not established,H036,Mubende,,Complete,,,,,,,Unconfirmed possible match: Nakawala-HC-III,SCHOOLS BY DISTRICT AND HEALTH CENTRES.docx,37
H037,Master list,28,Depaul Mbonigaba,Mubende,Health centre,Lumbiri HCII,Lumbiri HCII,Field evidence,Completed from consolidated register; physical inspection not certified,H037,Mubende,,Complete,,"_multi-team/bunyoro-tooro-greater-mityana/DEPAUL - BUNYORO, TOORO AND GREATER MITYANA -CURRENT.xls",UGIFT HEALTH!row 6474,,,,Asset section: LOCAL GOVT: MUBENDE; FACILITY: LUMBIBIRI,SCHOOLS BY DISTRICT AND HEALTH CENTRES.docx,38
H038,Master list,28,Depaul Mbonigaba,Mubende,Health centre,Mubende Gayaza HC II,Gayaza HC III,Field evidence,Verification records received; physical completion not certified,H038,Mubende,,Complete,,team-28/Mubende/Gayaza-HC-III/GAYAZA AND BUKUUKU.docx,,,,team-28/Mubende/Gayaza-HC-III,team-28 / Mubende / Gayaza-HC-III,SCHOOLS BY DISTRICT AND HEALTH CENTRES.docx,39
S003,Master list,28,Depaul Mbonigaba,Mubende,School,Bageza (New facilities at Mugungulu Seed S.S.),Mugungulu Seed Secondary School,Field evidence,Verification records received; physical completion not certified,S003,Mubende,Phase II,Ongoing,,team-28/Mubende/Mugungulu-Seed-Secondary-School/MUGUNGULU.docx,,,,team-28/Mubende/Mugungulu-Seed-Secondary-School,team-28 / Mubende / Mugungulu-Seed-Secondary-School,SCHOOLS BY DISTRICT AND HEALTH CENTRES.docx,4
S085,Master list,28,Depaul Mbonigaba,Mubende,School,Kigando Seed School,Kigando Seed Secondary School,Field evidence,Verification records received; physical completion not certified,S085,Mubende,Phase I,Complete,,team-28/Mubende/Kigando-Seed-Secondary-School/KIGANDO SEED.docx,,,,team-28/Mubende/Kigando-Seed-Secondary-School,team-28 / Mubende / Kigando-Seed-Secondary-School,SCHOOLS BY DISTRICT AND HEALTH CENTRES.docx,86
H041,Master list,28,Depaul Mbonigaba,Mubende MC,Health centre,Lwemikomago HC II,Lwemikomago HC III,Field evidence,Verification records received; physical completion not certified,H041,Mubende Mc,,Complete,,team-28/Mubende MC/Lwemikomago-HC-III/ASSET VERIFICATION AND RECORDING TOOL KIT 222 lwemikomago hc iii.docx,,,,team-28/Mubende MC/Lwemikomago-HC-III,team-28 / Mubende MC / Lwemikomago-HC-III,SCHOOLS BY DISTRICT AND HEALTH CENTRES.docx,42
H296,Master list,29,Depaul Mbonigaba,Kakumiro,Health centre,Birembo HC II,Birembo HC II,Field evidence,Completed from consolidated register; physical inspection not certified,H296,Kakumiro,,Complete,,"_multi-team/bunyoro-tooro-greater-mityana/DEPAUL - BUNYORO, TOORO AND GREATER MITYANA -CURRENT.xls",UGIFT HEALTH!row 9668,,,,Asset section: LOCAL GOVT: KAKUMIRO; FACILITY: BIREMBO,SCHOOLS BY DISTRICT AND HEALTH CENTRES.docx,297
H293,Master list,29,Depaul Mbonigaba,Kakumiro,Health centre,Kabuubwa HC II,Kabuubwa HC II,Field evidence,Completed from consolidated register; physical inspection not certified,H293,Kakumiro,,Complete,,"_multi-team/bunyoro-tooro-greater-mityana/DEPAUL - BUNYORO, TOORO AND GREATER MITYANA -CURRENT.xls",UGIFT HEALTH 2!row 5,,,,Asset section: LOCAL GOVT: KAKUMIRO; FACILITY: KABUUBWA,SCHOOLS BY DISTRICT AND HEALTH CENTRES.docx,294
H295,Master list,29,Depaul Mbonigaba,Kakumiro,Health centre,Kakindo,Kakindo,Field evidence,Completed from consolidated register; physical inspection not certified,H295,Kakumiro,,Complete,,"_multi-team/bunyoro-tooro-greater-mityana/DEPAUL - BUNYORO, TOORO AND GREATER MITYANA -CURRENT.xls",UGIFT HEALTH 2!row 1475,,,,Asset section: LOCAL GOVT: KAKUMIRO; FACILITY: KAKINDO,SCHOOLS BY DISTRICT AND HEALTH CENTRES.docx,296
H294,Master list,29,Depaul Mbonigaba,Kakumiro,Health centre,Kigando HCII,Kigando HCII,Field evidence,Completed from consolidated register; physical inspection not certified,H294,Kakumiro,,Complete,,"_multi-team/bunyoro-tooro-greater-mityana/DEPAUL - BUNYORO, TOORO AND GREATER MITYANA -CURRENT.xls",UGIFT HEALTH 2!row 289,,,,Asset section: LOCAL GOVT: KAKUMIRO; FACILITY: KIGANDO,SCHOOLS BY DISTRICT AND HEALTH CENTRES.docx,295
H292,Master list,29,Depaul Mbonigaba,Kakumiro,Health centre,Kikoola,Kikoola,No return,Not established,H292,Kakumiro,,Complete,,,,,,,,SCHOOLS BY DISTRICT AND HEALTH CENTRES.docx,293
H291,Master list,29,Depaul Mbonigaba,Kakumiro,Health centre,Kikwaya,Kikwaya,No return,Not established,H291,Kakumiro,,Complete,,,,,,,,SCHOOLS BY DISTRICT AND HEALTH CENTRES.docx,292
H298,Master list,29,Depaul Mbonigaba,Kakumiro,Health centre,Kitaihuka HC II,Kitaihuka HC II,Field evidence,Completed from consolidated register; physical inspection not certified,H298,Kakumiro,,Complete,,"_multi-team/bunyoro-tooro-greater-mityana/DEPAUL - BUNYORO, TOORO AND GREATER MITYANA -CURRENT.xls",UGIFT HEALTH 2!row 522,,,,Asset section: LOCAL GOVT: KAKUMIRO; FACILITY: KITAIHUKA,SCHOOLS BY DISTRICT AND HEALTH CENTRES.docx,299
H297,Master list,29,Depaul Mbonigaba,Kakumiro,Health centre,Masaka HC II,Masaka HC II,No return,Not established,H297,Kakumiro,,Complete,,,,,,,,SCHOOLS BY DISTRICT AND HEALTH CENTRES.docx,298
S233,Master list,29,Depaul Mbonigaba,Kakumiro,School,Birembo Seed School,St Matia Mulumba Birembo Seed Secondary School,Field evidence,Verification records received; physical completion not certified,S233,Kakumiro,Phase I,Complete,,team-29/Kakumiro/St-Matia-Mulumba-Birembo-Seed-Secondary-School/UGIFT ST_MATIA_MULUMBA_BIREMBO_SEED_SS.docx,,,,team-29/Kakumiro/St-Matia-Mulumba-Birembo-Seed-Secondary-School,New return received. Submitted facility name and local government used to reconcile the master entry.,SCHOOLS BY DISTRICT AND HEALTH CENTRES.docx,234
S234,Master list,29,Depaul Mbonigaba,Kakumiro,School,Mpasaana,Christ the King Mpasana Seed Secondary School,Field evidence,Verification records received; physical completion not certified,S234,Kakumiro,Phase II,Complete,,team-29/Kakumiro/Christ-the-King-Mpasana-Seed-Secondary-School/UGIFT MPASANA_CHRIST_THE_KING_SEED_SCHOOL.docx,,,,team-29/Kakumiro/Christ-the-King-Mpasana-Seed-Secondary-School,New return received. Submitted facility name and local government used to reconcile the master entry.,SCHOOLS BY DISTRICT AND HEALTH CENTRES.docx,235
H018,Master list,29,Depaul Mbonigaba,Kiboga,Health centre,Bulaga HC II,Bulaga HC II,Field evidence,Completed from consolidated register; physical inspection not certified,H018,Kiboga,,Complete,,"_multi-team/bunyoro-tooro-greater-mityana/DEPAUL - BUNYORO, TOORO AND GREATER MITYANA -CURRENT.xls",UGIFT HEALTH!row 9934,,,,Asset section: LOCAL GOVT: KIBOGA; FACILITY: BULAGA,SCHOOLS BY DISTRICT AND HEALTH CENTRES.docx,19
H019,Master list,29,Depaul Mbonigaba,Kiboga,Health centre,Buninga HCII,Buninga HCII,Field evidence,Completed from consolidated register; physical inspection not certified,H019,Kiboga,,Complete,,"_multi-team/bunyoro-tooro-greater-mityana/DEPAUL - BUNYORO, TOORO AND GREATER MITYANA -CURRENT.xls",UGIFT HEALTH 2!row 1191,,,,Asset section: LOCAL GOVT: KIBOGA; FACILITY: BUNINGA,SCHOOLS BY DISTRICT AND HEALTH CENTRES.docx,20
S072,Master list,29,Depaul Mbonigaba,Kiboga,School,Katoma Seed School,Katoma Seed School,No return,Not established,S072,Kiboga,Phase I,Complete,,,,,,,,SCHOOLS BY DISTRICT AND HEALTH CENTRES.docx,73
S001,Master list,29,Depaul Mbonigaba,Kiboga,School,Lwamata Town Council,Lwamata Town Council,No return,Not established,S001,Kiboga,Phase III,ongoing,,,,,,,,SCHOOLS BY DISTRICT AND HEALTH CENTRES.docx,2
H021,Master list,29,Depaul Mbonigaba,Kyankwanzi,Health centre,Banda HC II,Banda HC II,Field evidence,Completed from consolidated register; physical inspection not certified,H021,Kyankwanzi,,Complete,,"_multi-team/bunyoro-tooro-greater-mityana/DEPAUL - BUNYORO, TOORO AND GREATER MITYANA -CURRENT.xls",UGIFT HEALTH!row 9386,,,,Asset section: LOCAL GOVT: KYAKWANZI; FACILITY: BANDA,SCHOOLS BY DISTRICT AND HEALTH CENTRES.docx,22
H023,Master list,29,Depaul Mbonigaba,Kyankwanzi,Health centre,Kikolimbo HC II,Kikolimbo HC II,No return,Not established,H023,Kyankwanzi,,Complete,,,,,,,,SCHOOLS BY DISTRICT AND HEALTH CENTRES.docx,24
H020,Master list,29,Depaul Mbonigaba,Kyankwanzi,Health centre,Kikooma,Kikooma,No return,Not established,H020,Kyankwanzi,,Complete,,,,,,,,SCHOOLS BY DISTRICT AND HEALTH CENTRES.docx,21
H022,Master list,29,Depaul Mbonigaba,Kyankwanzi,Health centre,Mujunza HC II,Mujunza HC II,Field evidence,Completed from consolidated register; physical inspection not certified,H022,Kyankwanzi,,Complete,,"_multi-team/bunyoro-tooro-greater-mityana/DEPAUL - BUNYORO, TOORO AND GREATER MITYANA -CURRENT.xls",UGIFT HEALTH 2!row 744,,,,Asset section: LOCAL GOVT: KYANKWAZI; FACILITY: MUJUNZA,SCHOOLS BY DISTRICT AND HEALTH CENTRES.docx,23
H024,Master list,29,Depaul Mbonigaba,Kyankwanzi,Health centre,Sirimula HC II,Sirimula HC II,No return,Not established,H024,Kyankwanzi,,Complete,,,,,,,,SCHOOLS BY DISTRICT AND HEALTH CENTRES.docx,25
S073,Master list,29,Depaul Mbonigaba,Kyankwanzi,School,Bananywa Seed School,Bananywa Seed School,No return,Not established,S073,Kyankwanzi,Phase I,Complete,,,,,,,,SCHOOLS BY DISTRICT AND HEALTH CENTRES.docx,74
S074,Master list,29,Depaul Mbonigaba,Kyankwanzi,School,Nsambya,Nsambya Seed Secondary School,Field evidence,Verification records received; physical completion not certified,S074,Kyankwanzi,Phase II,Complete,,team-29/Kyankwanzi/Nsambya-Seed-Secondary-School/UGIFT NSAMBYA_SEED_SCHOOL.docx,,,,team-29/Kyankwanzi/Nsambya-Seed-Secondary-School,New return received. Submitted facility name and local government used to reconcile the master entry.,SCHOOLS BY DISTRICT AND HEALTH CENTRES.docx,75
S075,Master list,29,Depaul Mbonigaba,Kyankwanzi,School,Ntwetwe,Ntwetwe Seed Secondary School,Field evidence,Verification records received; physical completion not certified,S075,Kyankwanzi,Phase III,Complete,,team-29/Kyankwanzi/Ntwetwe-Seed-Secondary-School/UGIFT ASSET VERIFICATION NTWETWE SEED SEC SCH.docx,,,,team-29/Kyankwanzi/Ntwetwe-Seed-Secondary-School,New return received. Submitted facility name and local government used to reconcile the master entry.,SCHOOLS BY DISTRICT AND HEALTH CENTRES.docx,76
H010,Master list,30,Depaul Mbonigaba,Kasanda,Health centre,Butoloogo HC II,Butoloogo HC II,No return,Not established,H010,Kasanda,,Complete,,,,,,,,SCHOOLS BY DISTRICT AND HEALTH CENTRES.docx,11
H013,Master list,30,Depaul Mbonigaba,Kasanda,Health centre,Kijuna,Kijuna,Field evidence,Completed from consolidated register; physical inspection not certified,H013,Kassanda,,Complete,,"_multi-team/bunyoro-tooro-greater-mityana/DEPAUL - BUNYORO, TOORO AND GREATER MITYANA -CURRENT.xls",UGIFT HEALTH!row 7877,,,,Asset section: LOCAL GOVT: KASANDA; FACILITY: KIJUNA HEALTH CENTRE III,SCHOOLS BY DISTRICT AND HEALTH CENTRES.docx,14
H011,Master list,30,Depaul Mbonigaba,Kasanda,Health centre,Kikandwa HC II,Kikandwa HC II,Field evidence,Completed from consolidated register; physical inspection not certified,H011,Kasanda,,Complete,,"_multi-team/bunyoro-tooro-greater-mityana/DEPAUL - BUNYORO, TOORO AND GREATER MITYANA -CURRENT.xls",UGIFT HEALTH!row 8122,,,,Asset section: LOCAL GOVT: KASANDA; FACILITY: KIKANDWA HC III,SCHOOLS BY DISTRICT AND HEALTH CENTRES.docx,12
H015,Master list,30,Depaul Mbonigaba,Kasanda,Health centre,Kyakatebe HC II,Kyakatebe HC II,No return,Not established,H015,Kassanda,,Complete,,,,,,,,SCHOOLS BY DISTRICT AND HEALTH CENTRES.docx,16
H014,Master list,30,Depaul Mbonigaba,Kasanda,Health centre,Kyasansuwa HC II,Kyasansuwa HC II,Field evidence,Completed from consolidated register; physical inspection not certified,H014,Kassanda,,Complete,,"_multi-team/bunyoro-tooro-greater-mityana/DEPAUL - BUNYORO, TOORO AND GREATER MITYANA -CURRENT.xls",UGIFT HEALTH!row 9107,,,,Asset section: LOCAL GOVT: KASANDA; FACILITY: KYASANSUWA HEALTH CENTRE III,SCHOOLS BY DISTRICT AND HEALTH CENTRES.docx,15
H012,Master list,30,Depaul Mbonigaba,Kasanda,Health centre,Makokoto HC II,Makokoto HC II,No return,Not established,H012,Kasanda,,Complete,,,,,,,,SCHOOLS BY DISTRICT AND HEALTH CENTRES.docx,13
S069,Master list,30,Depaul Mbonigaba,Kasanda,School,Makokoto (New facilities at Makokoto Seed S.S.),Makokoto (New facilities at Makokoto Seed S.S.),No return,Not established,S069,Kassanda,Phase II,Complete,,,,,,,,SCHOOLS BY DISTRICT AND HEALTH CENTRES.docx,70
S070,Master list,30,Depaul Mbonigaba,Kasanda,School,Manyogaseka Seed School,Manyogaseka Seed School,No return,Not established,S070,Kassanda,Phase I,Complete,,,,,,,,SCHOOLS BY DISTRICT AND HEALTH CENTRES.docx,71
H301,Master list,30,Depaul Mbonigaba,Kibaale,Health centre,Matale HC II,Matale HC II,Field evidence,Completed from consolidated register; physical inspection not certified,H301,Kibaale,,Complete,,"_multi-team/bunyoro-tooro-greater-mityana/DEPAUL - BUNYORO, TOORO AND GREATER MITYANA -CURRENT.xls",UGIFT HEALTH!row 8634,,,,Asset section: LOCAL GOVT: KIBAALE; FACILITY: MATALE HEALTH CENTRE III,SCHOOLS BY DISTRICT AND HEALTH CENTRES.docx,302
H299,Master list,30,Depaul Mbonigaba,Kibaale,Health centre,Nyamarunda,Nyamarunda,No return,Not established,H299; H300,Kibaale,,Complete,,,,,,,,SCHOOLS BY DISTRICT AND HEALTH CENTRES.docx,300
S235,Master list,30,Depaul Mbonigaba,Kibaale,School,Mugarama( new facilities for St Mugagga S.S),Mugarama( new facilities for St Mugagga S.S),No return,Not established,S235,Kibaale,Phase II,Complete,,,,,,,,SCHOOLS BY DISTRICT AND HEALTH CENTRES.docx,236
S236,Master list,30,Depaul Mbonigaba,Kibaale,School,Nyamarwa Seed School,Nyamarwa Seed School,No return,Not established,S236,Kibaale,Phase I,Complete,,,,,,,,SCHOOLS BY DISTRICT AND HEALTH CENTRES.docx,237
H034,Master list,30,Depaul Mbonigaba,Mityana,Health centre,Busunju HCII,Busunju HCII,No return,Not established,H034,Mityana,,Complete,,,,,,,,SCHOOLS BY DISTRICT AND HEALTH CENTRES.docx,35
H033,Master list,30,Depaul Mbonigaba,Mityana,Health centre,Mpongo HCII,Mpongo HCII,No return,Not established,H033,Mityana,,Complete,,,,,,,,SCHOOLS BY DISTRICT AND HEALTH CENTRES.docx,34
H035,Master list,30,Depaul Mbonigaba,Mityana,Health centre,Namungo HC II,Namungo HC II,No return,Not established,H035,Mityana,,Complete,,,,,,,,SCHOOLS BY DISTRICT AND HEALTH CENTRES.docx,36
S083,Master list,30,Depaul Mbonigaba,Mityana,School,Namungo Seed School,Namungo Seed School,No return,Not established,S083,Mityana,Phase I,Complete,,,,,,,,SCHOOLS BY DISTRICT AND HEALTH CENTRES.docx,84
H004,Master list,31,Lawrence Kalyowa,Buvuma,Health centre,Buwooya HC II,Buwooya HC III,Field evidence,Verification records received; physical completion not certified,H004,Buvuma,,Complete,,team-31/Buvuma/Buwooya-HC-III/Buwooya H.C III (1).docx,,,,team-31/Buvuma/Buwooya-HC-III,team-31 / Buvuma / Buwooya-HC-III,SCHOOLS BY DISTRICT AND HEALTH CENTRES.docx,5
H005,Master list,31,Lawrence Kalyowa,Buvuma,Health centre,Lubya HCII,Lubya HC III,Field evidence,Verification records received; physical completion not certified,H005,Buvuma,,Complete,,team-31/Buvuma/Lubya-HC-III/Lubya H.C III.docx,,,,team-31/Buvuma/Lubya-HC-III,team-31 / Buvuma / Lubya-HC-III,SCHOOLS BY DISTRICT AND HEALTH CENTRES.docx,6
H003,Master list,31,Lawrence Kalyowa,Buvuma,Health centre,Lukale HC II,Lukale HC III,Field evidence,Verification records received; physical completion not certified,H003,Buvuma,,Complete,,team-31/Buvuma/Lukale-HC-III/LUKALE H.C III (1).docx,,,,team-31/Buvuma/Lukale-HC-III,team-31 / Buvuma / Lukale-HC-III,SCHOOLS BY DISTRICT AND HEALTH CENTRES.docx,4
H006,Master list,31,Lawrence Kalyowa,Buvuma,Health centre,Lwajje HC II,Lwajje HC II,No return,Not established,H006,Buvuma,,Complete,,,,,,,Unconfirmed possible match: Buvuma-HC-III,SCHOOLS BY DISTRICT AND HEALTH CENTRES.docx,7
H002,Master list,31,Lawrence Kalyowa,Buvuma,Health centre,Nkata HC II,Nkata HC III,Field evidence,Verification records received; physical completion not certified,H002,Buvuma,,Complete,,team-31/Buvuma/Nkata-HC-III/Nkata H.C III (1).docx,,,,team-31/Buvuma/Nkata-HC-III,team-31 / Buvuma / Nkata-HC-III,SCHOOLS BY DISTRICT AND HEALTH CENTRES.docx,3
S064,Master list,31,Lawrence Kalyowa,Buvuma,School,Bwema,Bweema Seed Secondary School,Field evidence,Verification records received; physical completion not certified,S064,Buvuma,Phase II,Complete,,team-31/Buvuma/Bweema-Seed-Secondary-School/WhatsApp Image 2026-09-12 at 13.47.21.jpeg,,,,team-31/Buvuma/Bweema-Seed-Secondary-School,"team-31 / Buvuma / Bweema-Seed-Secondary-School same facility, spelled differently",SCHOOLS BY DISTRICT AND HEALTH CENTRES.docx,65
H057,Master list,31,Lawrence Kalyowa,Kalangala,Health centre,Bubeke HC II,Bubeke HC III,Field evidence,Verification records received; physical completion not certified,H057,Kalangala,,Complete,,team-31/Kalangala/Bubeke-HC-III/Bubeke health centre III.docx,,,,team-31/Kalangala/Bubeke-HC-III,team-31 / Kalangala / Bubeke-HC-III,SCHOOLS BY DISTRICT AND HEALTH CENTRES.docx,58
S066,Master list,31,Lawrence Kalyowa,Kalangala,School,Bufumira Seed School,Bufumira Seed School,No return,Not established,S066,Kalangala,Phase I,Complete,,,,,,,Unconfirmed possible match: Nekemiya-Memorial-Seed-Secondary-School,SCHOOLS BY DISTRICT AND HEALTH CENTRES.docx,67
S067,Master list,31,Lawrence Kalyowa,Kalangala,School,Bujumba,Gyagenda Memorial Seed Secondary School,Field evidence,Verification records received; physical completion not certified,S067,Kalangala,Phase II,Complete,,team-31/Kalangala/Gyagenda-Memorial-Seed-Secondary-School/Gyagenda memorial seed secondary school.docx,,,,team-31/Kalangala/Gyagenda-Memorial-Seed-Secondary-School,team-31 / Kalangala / Gyagenda-Memorial-Seed-Secondary-School in Bujumba sub-county,SCHOOLS BY DISTRICT AND HEALTH CENTRES.docx,68
H001,Master list,32,Lawrence Kalyowa,Butambala,Health centre,Butaaka HC II,Butaaka HC II,No return,Not established,H001,Butambala,,Complete,,,,,,,,SCHOOLS BY DISTRICT AND HEALTH CENTRES.docx,2
S228,Master list,32,Lawrence Kalyowa,Butambala,School,Budde Seed School,Budde Seed Secondary School,Field evidence,Verification records received; physical completion not certified,S228,Butambala,Phase I,Complete,,team-32/Butambala/Budde-Seed-Secondary-School/ASSET VERIFICATION AND RECORDING TOOL KIT 222 (BUTAMABALA DISTRICT-BUDDE SEED).docx,,,,team-32/Butambala/Budde-Seed-Secondary-School,team-32 / Butambala / Budde-Seed-Secondary-School,SCHOOLS BY DISTRICT AND HEALTH CENTRES.docx,229
S045,Master list,32,Lawrence Kalyowa,Butambala,School,Kibibi,St Luke Kibibi Seed Secondary School,Field evidence,Verification records received; physical completion not certified,S045,Butambala,Phase III,Ongoing,,team-32/Butambala/St-Luke-Kibibi-Seed-Secondary-School/ST. LUKE SECONDARY SCHOOL KIBIBI BUTAMBALA.docx,,,,team-32/Butambala/St-Luke-Kibibi-Seed-Secondary-School,team-32 / Butambala / St-Luke-Kibibi-Seed-Secondary-School,SCHOOLS BY DISTRICT AND HEALTH CENTRES.docx,46
H007,Master list,32,Lawrence Kalyowa,Gomba,Health centre,Bulwadda HC II,Bulwadda HC II,No return,Not established,H007,Gomba,,Complete,,,,,,,,SCHOOLS BY DISTRICT AND HEALTH CENTRES.docx,8
H008,Master list,32,Lawrence Kalyowa,Gomba,Health centre,Mamba HC II,Mamba HC III,Needs review,Physical verification not confirmed because returns conflict,H008,Gomba,,Complete,,team-32/Gomba/Mamba-HC-III/ASSET VERIFICATION AND RECORDING TOOL KIT 222(MAMBA HC III -GOMBA LOCAL GOVERNMENT).docx,,,,team-32/Gomba/Mamba-HC-III,Gomba/Mamba cover conflicts with an interview naming Kibiri. Confirm the correct form and checklist.,SCHOOLS BY DISTRICT AND HEALTH CENTRES.docx,9
H009,Master list,32,Lawrence Kalyowa,Gomba,Health centre,Ngomanene HC II,Ngomamene HC III,Field evidence,Verification records received; physical completion not certified,H009,Gomba,,Complete,,team-32/Gomba/Ngomamene-HC-III/ASSET VERIFICATION AND RECORDING TOOL KIT 222 (NGOMAMENE HC  III).docx,,,,team-32/Gomba/Ngomamene-HC-III,New return received. Submitted facility name and local government used to reconcile the master entry.,SCHOOLS BY DISTRICT AND HEALTH CENTRES.docx,10
S065,Master list,32,Lawrence Kalyowa,Gomba,School,Maddu Seed School,Maddu Seed School,No return,Not established,S065,Gomba,Phase I,Complete,,,,,,,Unconfirmed possible match: Kyayi-Seed-Secondary-School,SCHOOLS BY DISTRICT AND HEALTH CENTRES.docx,66
H359,Master list,32,Lawrence Kalyowa,Kiira MC,Health centre,Kireka HCII,Kireka HCII,No return,Not established,H359,Kiira Mc,,Ongoing,,,,,,,,SCHOOLS BY DISTRICT AND HEALTH CENTRES.docx,360
H358,Master list,32,Lawrence Kalyowa,Kiira MC,Health centre,Kirinya HCII,Kirinya HCII,No return,Not established,H358,Kiira Mc,,Ongoing,,,,,,,,SCHOOLS BY DISTRICT AND HEALTH CENTRES.docx,359
H050,Master list,32,Lawrence Kalyowa,Makindye-Ssabagabo MC,Health centre,Kibiri HC III,Kibiri HC III,Needs review,Physical verification not confirmed because returns conflict,H050,Ssabagabo Makindye Mc,,Complete,,team-32/Makindye-Ssabagabo MC/Kibiri-HC-III/ASSET VERIFICATION AND RECORDING TOOL KIT 222(KIBIRI HC III -MAKINDYE SSABAGABO) (2).docx,,,,team-32/Makindye-Ssabagabo MC/Kibiri-HC-III,Kibiri cover/interview conflicts with a Gomba/Mamba checklist in one return. Separate Kibiri process report received; reconcile the toolkit.,SCHOOLS BY DISTRICT AND HEALTH CENTRES.docx,51
H356,Master list,32,Lawrence Kalyowa,Makindye-Ssabagabo MC,Health centre,Mutungo HCII,Mutungo HCII,No return,Not established,H356,Ssabagabo Makindye Mc,,Ongoing,,,,,,,,SCHOOLS BY DISTRICT AND HEALTH CENTRES.docx,357
S084,Master list,32,Lawrence Kalyowa,Mpigi,School,Kiringente Seed School,Kiringente Seed School,No return,Not established,S084,Mpigi,Phase I,Complete,,,,,,,,SCHOOLS BY DISTRICT AND HEALTH CENTRES.docx,85
H355,Master list,32,Lawrence Kalyowa,Nansana MC,Health centre,Matuga HCII,Matugga HC III,Field evidence,Verification records received; physical completion not certified,H355,Nansana Mc,,Ongoing,,team-32/Nansana MC/Matugga-HC-III/ASSET VERIFICATION AND RECORDING TOOL KIT 222 (matugga HC  III) (2).docx,,,,team-32/Nansana MC/Matugga-HC-III,New return received. Submitted facility name and local government used to reconcile the master entry.,SCHOOLS BY DISTRICT AND HEALTH CENTRES.docx,356
H054,Master list,32,Lawrence Kalyowa,Wakiso,Health centre,Bussi HC II,Bussi HC II,No return,Not established,H054,Wakiso,,Complete,,,,,,,,SCHOOLS BY DISTRICT AND HEALTH CENTRES.docx,55
H357,Master list,32,Lawrence Kalyowa,Wakiso,Health centre,Kasangati TC/Mutuba-Nangabo,Kasangati TC/Mutuba-Nangabo,No return,Not established,H357,Wakiso,,Ongoing,,,,,,,,SCHOOLS BY DISTRICT AND HEALTH CENTRES.docx,358
H051,Master list,32,Lawrence Kalyowa,Wakiso,Health centre,Kasoozo HCII,Kasoozo HCII,No return,Not established,H051,Wakiso,,Complete,,,,,,,,SCHOOLS BY DISTRICT AND HEALTH CENTRES.docx,52
H053,Master list,32,Lawrence Kalyowa,Wakiso,Health centre,Nakitokolo Namayumba HC II,Nakitokolo HC III,Field evidence,Verification records received; physical completion not certified,H053,Wakiso,,Complete,,team-32/Wakiso/Nakitokolo-HC-III/ASSET VERIFICATION AND RECORDING TOOL KIT (NAKITOKOLO HEALTH CENTER III).docx,,,,team-32/Wakiso/Nakitokolo-HC-III,New return received. Submitted facility name and local government used to reconcile the master entry.,SCHOOLS BY DISTRICT AND HEALTH CENTRES.docx,54
H052,Master list,32,Lawrence Kalyowa,Wakiso,Health centre,Zinga HC II,Zinga HC II,No return,Not established,H052,Wakiso,,Complete,,,,,,,,SCHOOLS BY DISTRICT AND HEALTH CENTRES.docx,53
S093,Master list,32,Lawrence Kalyowa,Wakiso,School,Sumbwe Seed School,Sumbwe Seed School,No return,Not established,S093,Wakiso,Phase I,Complete,,,,,,,,SCHOOLS BY DISTRICT AND HEALTH CENTRES.docx,94
H056,Master list,33,Lawrence Kalyowa,Kalungu,Health centre,Kabaale HC II,Kabaale HC III,Field evidence,Verification records received; physical completion not certified,H056,Kalungu,,Complete,,team-33/Kalungu/Kabaale-HC-III/ASSET VERIFICATION AND RECORDING TOOL KIT 222 (1)KABAALE HC III & LUKAAYA SEED SECONDARY SCHOOL (1).docx,,,,team-33/Kalungu/Kabaale-HC-III,team-33 / Kalungu / Kabaale-HC-III,SCHOOLS BY DISTRICT AND HEALTH CENTRES.docx,57
S068,Master list,33,Lawrence Kalyowa,Kalungu,School,Lukaya Seed School,Lukaaya Seed Secondary School,Field evidence,Verification records received; physical completion not certified,S068,Kalungu,Phase I,Complete,,team-33/Kalungu/Lukaaya-Seed-Secondary-School/ASSET VERIFICATION AND RECORDING TOOL KIT 222 (1)KABAALE HC III & LUKAAYA SEED SECONDARY SCHOOL (1).docx,,,,team-33/Kalungu/Lukaaya-Seed-Secondary-School,"team-33 / Kalungu / Lukaaya-Seed-Secondary-School same facility, spelled differently",SCHOOLS BY DISTRICT AND HEALTH CENTRES.docx,69
H025,Master list,33,Lawrence Kalyowa,Kyotera,Health centre,Nangoma HC II,Nangoma HC II,No return,Not established,H025,Kyotera,,Complete,,,,,,,,SCHOOLS BY DISTRICT AND HEALTH CENTRES.docx,26
S076,Master list,33,Lawrence Kalyowa,Kyotera,School,Kasali TC,Kasali TC,No return,Not established,S076,Kyotera,Phase II,Complete,,,,,,,,SCHOOLS BY DISTRICT AND HEALTH CENTRES.docx,77
H027,Master list,33,Lawrence Kalyowa,Lwengo,Health centre,Kagganda HC II,Kagganda HC II,No return,Not established,H027,Lwengo,,Complete,,,,,,,Unconfirmed possible match: Lwengenyi-HC-III,SCHOOLS BY DISTRICT AND HEALTH CENTRES.docx,28
H028,Master list,33,Lawrence Kalyowa,Lwengo,Health centre,Kakoma HC II,Kakoma HC III,Field evidence,Verification records received; physical completion not certified,H028,Lwengo,,Complete,,team-33/Lwengo/Kakoma-HC-III/ASSET VERIFICATION AND RECORDING TOOL KIT 222 (1) KAKOMA HEALTH CENTRE III & MBIRIZI SEED SECONDARY SCHOOL (1).docx,,,,team-33/Lwengo/Kakoma-HC-III,team-33 / Lwengo / Kakoma-HC-III,SCHOOLS BY DISTRICT AND HEALTH CENTRES.docx,29
S079,Master list,33,Lawrence Kalyowa,Lwengo,School,Katovu TC,Katovu Seed Secondary School,Field evidence,Verification records received; physical completion not certified,S079,Lwengo,Phase II,Complete,,team-33/Lwengo/Katovu-Seed-Secondary-School/ASSET VERIFICATION AND RECORDING TOOL KIT 222 (1) LWENGENYI HEALTH CENTRE III& KATOVU SEED SECONDARY SCHOOL.docx,,,,team-33/Lwengo/Katovu-Seed-Secondary-School,team-33 / Lwengo / Katovu-Seed-Secondary-School,SCHOOLS BY DISTRICT AND HEALTH CENTRES.docx,80
S080,Master list,33,Lawrence Kalyowa,Lwengo,School,Lwengo Seed School,Lwengo Seed School,No return,Not established,S080,Lwengo,Phase I,Complete,,,,,,,Unconfirmed possible match: Mbirizi-Seed-Secondary-School,SCHOOLS BY DISTRICT AND HEALTH CENTRES.docx,81
H029,Master list,33,Lawrence Kalyowa,Lyantonde,Health centre,Kabetemere HC II,Kabatemere HC III,Field evidence,Verification records received; physical completion not certified,H029,Lyantonde,,Complete,,team-33/Lyantonde/Kabatemere-HC-III/ASSET VERIFICATION AND RECORDING TOOL KIT 222 (1)KABATEMERE HEALTH CENTRE III & RWAMABARA SEED SECONDARY SCHOOL.docx,,,,team-33/Lyantonde/Kabatemere-HC-III,New return received. Submitted facility name and local government used to reconcile the master entry.,SCHOOLS BY DISTRICT AND HEALTH CENTRES.docx,30
H030,Master list,33,Lawrence Kalyowa,Lyantonde,Health centre,Lyakajura HC II,Lyakajjuka HC III,Field evidence,Verification records received; physical completion not certified,H030,Lyantonde,,Complete,,team-33/Lyantonde/Lyakajjuka-HC-III/ASSET VERIFICATION AND RECORDING TOOL KIT 222 LYAKAJJUKA HEALTH CENTRE III & KASAGAMA SEED SECONDARY SCH.docx,,,,team-33/Lyantonde/Lyakajjuka-HC-III,New return received. Submitted facility name and local government used to reconcile the master entry.,SCHOOLS BY DISTRICT AND HEALTH CENTRES.docx,31
S002,Master list,33,Lawrence Kalyowa,Lyantonde,School,Kasagama,Kasagama Seed Secondary School,Field evidence,Verification records received; physical completion not certified,S002,Lyantonde,Phase II,Ongoing,,team-33/Lyantonde/Kasagama-Seed-Secondary-School/ASSET VERIFICATION AND RECORDING TOOL KIT 222 LYAKAJJUKA HEALTH CENTRE III & KASAGAMA SEED SECONDARY SCH.docx,,,,team-33/Lyantonde/Kasagama-Seed-Secondary-School,New return received. Submitted facility name and local government used to reconcile the master entry.,SCHOOLS BY DISTRICT AND HEALTH CENTRES.docx,3
S081,Master list,33,Lawrence Kalyowa,Lyantonde,School,Mpumudde seed school,Mpumudde seed school,No return,Not established,S081,Lyantonde,Phase I,Complete,,,,,,,,SCHOOLS BY DISTRICT AND HEALTH CENTRES.docx,82
H031,Master list,33,Lawrence Kalyowa,Masaka,Health centre,Kyabakuza HCII,Kyabakuza HCII,No return,Not established,H031,Masaka,,Complete,,,,,,,,SCHOOLS BY DISTRICT AND HEALTH CENTRES.docx,32
S082,Master list,33,Lawrence Kalyowa,Masaka,School,Bukakata Seed School,Bukakata Seed School,No return,Not established,S082,Masaka,Phase I,Complete,,,,,,,,SCHOOLS BY DISTRICT AND HEALTH CENTRES.docx,83
H032,Master list,33,Lawrence Kalyowa,Masaka City,Health centre,Nyendo HC II,Nyendo HC III,Field evidence,Verification records received; physical completion not certified,H032,Masaka Mc,,Complete,,team-33/Masaka City/Nyendo-HC-III/ASSET VERIFICATION AND RECORDING TOOL KIT 222 (1) NYENDO HEALTH CENTRE III (1).docx,,,,team-33/Masaka City/Nyendo-HC-III,New return received. Submitted facility name and local government used to reconcile the master entry.,SCHOOLS BY DISTRICT AND HEALTH CENTRES.docx,33
H046,Master list,33,Lawrence Kalyowa,Rakai,Health centre,Rakai Kiziba HC II,Kiziba HC III,Field evidence,Verification records received; physical completion not certified,H046,Rakai,,Complete,,team-33/Rakai/Kiziba-HC-III/KIZIBA HEALTH CENTER 3 AND KACHEERA SEED SECONDARY SCHOOL RAKAI DISTRICT.docx,,,,team-33/Rakai/Kiziba-HC-III,team-33 / Rakai / Kiziba-HC-III,SCHOOLS BY DISTRICT AND HEALTH CENTRES.docx,47
S090,Master list,33,Lawrence Kalyowa,Rakai,School,Kacheera,Kacheera Seed Secondary School,Field evidence,Verification records received; physical completion not certified,S090,Rakai,Phase II,Complete,,team-33/Rakai/Kacheera-Seed-Secondary-School/KIZIBA HEALTH CENTER 3 AND KACHEERA SEED SECONDARY SCHOOL RAKAI DISTRICT.docx,,,,team-33/Rakai/Kacheera-Seed-Secondary-School,team-33 / Rakai / Kacheera-Seed-Secondary-School,SCHOOLS BY DISTRICT AND HEALTH CENTRES.docx,91
S091,Master list,33,Lawrence Kalyowa,Rakai,School,Samson Kalibbala Seed S.S,Samson Kalibbala Seed Secondary School,Field evidence,Verification records received; physical completion not certified,S091,Rakia,Phase I,Complete,,team-33/Rakai/Samson-Kalibbala-Seed-Secondary-School/SAMSON KALIBBALA SEED SECONDARY SCHOOL.docx,,,,team-33/Rakai/Samson-Kalibbala-Seed-Secondary-School,team-33 / Rakai / Samson-Kalibbala-Seed-Secondary-School,SCHOOLS BY DISTRICT AND HEALTH CENTRES.docx,92
H049,Master list,33,Lawrence Kalyowa,Sembabule,Health centre,Busheka (Sembabule) HC II,Busheka HC III,Field evidence,Verification records received; physical completion not certified,H049,Sembabule,,Complete,,team-33/Sembabule/Busheka-HC-III/ASSET VERIFICATION AND RECORDING TOOL KIT 222 (1) BUSHEKA HEALTH CENTRE III & LWEBITAKURE SEED SECONDARY SCHOOL (1).docx,,,,team-33/Sembabule/Busheka-HC-III,team-33 / Sembabule / Busheka-HC-III,SCHOOLS BY DISTRICT AND HEALTH CENTRES.docx,50
H048,Master list,33,Lawrence Kalyowa,Sembabule,Health centre,Kyera HCII,Kyera HCII,No return,Not established,H048,Sembabule,,Complete,,,,,,,,SCHOOLS BY DISTRICT AND HEALTH CENTRES.docx,49
H047,Master list,33,Lawrence Kalyowa,Sembabule,Health centre,Ntete HCII,Ntete HCII,No return,Not established,H047,Sembabule,,Complete,,,,,,,,SCHOOLS BY DISTRICT AND HEALTH CENTRES.docx,48
S092,Master list,33,Lawrence Kalyowa,Sembabule,School,Lwebitakuli Seed School,Lwebitakuli Seed Secondary School,Field evidence,Verification records received; physical completion not certified,S092,Sembabule,Phase I,Complete,,team-33/Sembabule/Lwebitakuli-Seed-Secondary-School/ASSET VERIFICATION AND RECORDING TOOL KIT 222 (1) BUSHEKA HEALTH CENTRE III & LWEBITAKURE SEED SECONDARY SCHOOL (1).docx,,,,team-33/Sembabule/Lwebitakuli-Seed-Secondary-School,team-33 / Sembabule / Lwebitakuli-Seed-Secondary-School,SCHOOLS BY DISTRICT AND HEALTH CENTRES.docx,93
X012,Ground return only,1,Kiribakka Vincent,Nebbi,Health centre,Pamaka HC III,Pamaka HC III,Field evidence,Verification records received; physical completion not certified,,,,,,team-01/Nebbi/Pamaka-HC-III/NEBBI-PAMAKA HC & NDHEW SEED 2.docx,,,,team-01/Nebbi/Pamaka-HC-III,Facility-specific return received; no confirmed master match.,,
X013,Ground return only,1,Kiribakka Vincent,Zombo,School,Amei Seed Secondary School,Amei Seed Secondary School,Field evidence,Verification records received; physical completion not certified,,,,,,team-01/Zombo/Amei-Seed-Secondary-School/ZOMBO - GOT APWOYO HC & AMEI SEED ZOMBO 2.docx,,,,team-01/Zombo/Amei-Seed-Secondary-School,Facility-specific return received; no confirmed master match.,,
X014,Ground return only,1,Kiribakka Vincent,Zombo,Health centre,Amwonyo HC III,Amwonyo HC III,Field evidence,Verification records received; physical completion not certified,,,,,,team-01/Zombo/Amwonyo-HC-III/ZOMBO AMWONYO & WADELAI 2.docx,,,,team-01/Zombo/Amwonyo-HC-III,Facility-specific return received; no confirmed master match.,,
X015,Ground return only,1,Kiribakka Vincent,Zombo,Health centre,Atyak HC III,Atyak HC III,Field evidence,Verification records received; physical completion not certified,,,,,,team-01/Zombo/Atyak-HC-III/ZOMBO - ATYAK HC III & ALWI SEED.docx,,,,team-01/Zombo/Atyak-HC-III,Facility-specific return received; no confirmed master match.,,
B001,Allocation only,2,Kiribakka Vincent,Arua,Blood bank,Arua Regional Blood Bank,Arua Regional Blood Bank,Field evidence,Evidence received,,,,,,team-02/Arua/Arua-Regional-Blood-Bank/ARUA BLOOD BANK-1.xlsx,,,,team-02/Arua/Arua-Regional-Blood-Bank,Regional blood bank allocated in team-distributions.docx; outside the school/HC master denominator.,,
X016,Ground return only,2,Kiribakka Vincent,Maracha,Health centre,Odupiri HC III,Odupiri HC III,Field evidence,Verification records received; physical completion not certified,,,,,,team-02/Maracha/Odupiri-HC-III/1 ODUPIRI HC - Kololo SSS MARACHA  district.docx,,,,team-02/Maracha/Odupiri-HC-III,Facility-specific return received; no confirmed master match.,,
X017,Ground return only,2,Kiribakka Vincent,Yumbe,Health centre,Lobe HC III,Lobe HC III,Field evidence,Verification records received; physical completion not certified,,,,,,team-02/Yumbe/Lobe-HC-III/LOBE HC[YUMBE]ASSET VERIFICATION AND RECORDING TOOL KIT 222(3)(1).docx,,,,team-02/Yumbe/Lobe-HC-III,Facility-specific return received; no confirmed master match.,,
X018,Ground return only,2,Kiribakka Vincent,Yumbe,Health centre,Nyori HC III,Nyori HC III,Field evidence,Verification records received; physical completion not certified,,,,,,team-02/Yumbe/Nyori-HC-III/NYORI HCIII.docx,,,,team-02/Yumbe/Nyori-HC-III,Facility-specific return received; no confirmed master match.,,
X019,Ground return only,5,Denis Budali,Lira,Health centre,Onywako HC III,Onywako HC III,Not verified,Physical verification explicitly not performed,,,,,CHAT11,team-05/Lira/Onywako-HC-III/ONYWAKO HEALTH CENTRE 3.docx,,_multi-team/programme-documents/data-management-chat/WhatsApp Chat with DATA MANAGEMENT UGIFT.txt,CHAT11,team-05/Lira/Onywako-HC-III,"Form states that assets were reported by the in-charge and were not physically verified. Chat names Onywako on ground, but gives no one-to-one replacement for Alik.",,
X043,Ground name only,5,Denis Budali,Oyam,Health centre,Abeja HC III,Abeja HC III,Needs review,Supervisor-reported name only; identity unconfirmed,,,,,CHAT10,,,_multi-team/programme-documents/data-management-chat/WhatsApp Chat with DATA MANAGEMENT UGIFT.txt,CHAT10,,Denis Budali names Abeja on ground. The master and filed return say Abela. Confirm the spelling; no separate Abeja return or one-to-one replacement is established.,,
X020,Ground return only,6,Denis Budali,Apac,Health centre,Arocha HC III,Arocha HC III,Field evidence,Verification records received; physical completion not certified,,,,,,team-06/Apac/Arocha-HC-III/ARONCHA HC III.docx,,,,team-06/Apac/Arocha-HC-III,Facility-specific return received; no confirmed master match.,,
B002,Allocation only,8,Denis Budali,Soroti,Blood bank,Soroti Regional Blood Bank,Soroti Regional Blood Bank,Field evidence,Evidence received,,,,,,team-08/Soroti/Soroti-Regional-Blood-Bank/SOROTI BLOOD  BANK & KAMUDA SEED SCH ASSET VERIFICATION AND RECORDING TOOL KIT 222.docx,,,,team-08/Soroti/Soroti-Regional-Blood-Bank,Regional blood bank allocated in team-distributions.docx; outside the school/HC master denominator.,,
X021,Ground return only,11,Luminsa Kassim,Karenga,School,Lokori Seed Secondary School,Lokori Seed Secondary School,Field evidence,Verification records received; physical completion not certified,,,,,,team-11/Karenga/Lokori-Seed-Secondary-School/Asset-Verification-Toolkit.docx,,,,team-11/Karenga/Lokori-Seed-Secondary-School,Facility-specific return received; no confirmed master match.,,
X022,Ground return only,13,Luminsa Kassim,Busia,Health centre,Buwumba HC III,Buwumba HC III,Field evidence,Verification records received; physical completion not certified,,,,,,team-13/Busia/Buwumba-HC-III/Asset-Verification-Toolkit.docx,,,,team-13/Busia/Buwumba-HC-III,Facility-specific return received; no confirmed master match.,,
X023,Ground return only,14,Luminsa Kassim,Sironko,Health centre,Simu Pondo HC III,Simu Pondo HC III,Field evidence,Verification records received; physical completion not certified,,,,,,team-14/Sironko/Simu-Pondo-HC-III/Asset-Verification-Toolkit.docx,,,,team-14/Sironko/Simu-Pondo-HC-III,Facility-specific return received; no confirmed master match.,,
X003,Ground return only,19,Gumisiriza Johnson,Bushenyi,School,Kabushaho Seed Secondary School,Kabushaho Seed Secondary School,Field evidence,Completed from consolidated register; physical inspection not certified,,,,,,team-19/Mitooma/_district-documents/MITOOMA DISTRICT  SEED SCHS.xlsx,Sheet1!row 1,,,,"Workbook is filed under Mitooma, but its facility heading explicitly says Bushenyi. No exact master-list school match.",,
X004,Ground return only,19,Gumisiriza Johnson,Mitooma,School,Kitojo Seed School,Kitojo Seed School,Field evidence,Completed from consolidated register; physical inspection not certified,,,,,,team-19/Mitooma/_district-documents/MITOOMA DISTRICT  SEED SCHS.xlsx,Sheet1!row 129,,,,Named in submitted register; no confirmed master match. Asset section: Name of LG:  MITOOMA DISTRICT  Name of SCHOOL: KITOJO SEED SCHOOL,,
X005,Ground return only,19,Gumisiriza Johnson,Sheema,Health centre,Migina HC III,Migina HC III,Field evidence,Completed from consolidated register; physical inspection not certified,,,,,,team-19/Sheema/_district-documents/SHEEMA DC    HCIIIs.xlsx,Sheet1!row 2,,,,"Named in submitted register; no confirmed master match. Asset section: MIGINA HCIII,   SHEEMA DC",,
X040,Ground return only,20,Gumisiriza Johnson,Buhweju,School,Ndibarema Memorial SSS,Ndibarema Memorial SSS,Needs review,Asset rows received; identity requires confirmation,,,,,,_multi-team/teams-19-21/data updates - western.xls,Sheet2!B3,,,,Candidate for Nsiika T/C master school; linkage awaits confirmation. Not counted as an additional confirmed site.,,
X041,Ground return only,21,Gumisiriza Johnson,Mbarara,Health centre,Rutooma HC III,Rutooma HC III,Needs review,Asset rows received; identity requires confirmation,,,,,,_multi-team/teams-19-21/data updates - western.xls,Sheet5!B2,,,,New register heading says Mbarara without district/city distinction. It does not resolve the missing Rutooma in Bushenyi.,,
X024,Ground return only,22,Gumisiriza Johnson,Rubanda,School,Kibuzigye Secondary School,Kibuzigye Secondary School,Field evidence,Verification records received; physical completion not certified,,,,,,"team-22/Rubanda/Kibuzigye-Secondary-School/RUBANDA -LG FIELD TEMPLATE  MPUNGUHCIII,Nyamweru ss,Ruija ss, and Kibuzigye ss2.docx",,,,team-22/Rubanda/Kibuzigye-Secondary-School,Facility-specific return received; no confirmed master match.,,
X025,Ground return only,23,Gumisiriza Johnson,Kanungu,School,Bushogye Seed Secondary School,Bushogye Seed Secondary School,Field evidence,Verification records received; physical completion not certified,,,,,,team-23/Kanungu/Bushogye-Seed-Secondary-School/KINAABA HCIII and BUSHOGYE Seed School Kanungu LG.docx,,,,team-23/Kanungu/Bushogye-Seed-Secondary-School,Facility-specific return received; no confirmed master match.,,
X026,Ground return only,23,Gumisiriza Johnson,Rukungiri,School,Bikurungu Seed Secondary School,Bikurungu Seed Secondary School,Field evidence,Verification records received; physical completion not certified,,,,,,team-23/Rukungiri/Bikurungu-Seed-Secondary-School/KITIMBA HCIII and BIKURUNGU SEED SCHOOL RUKUNGIRI LG.docx,,,,team-23/Rukungiri/Bikurungu-Seed-Secondary-School,Facility-specific return received; no confirmed master match.,,
B006,Allocation only,25,Depaul Mbonigaba,Hoima City,Blood bank,Hoima Regional Blood Bank,Hoima Regional Blood Bank,No return,Not established,,,,,,,,,,,Regional blood bank allocated in team-distributions.docx; outside the school/HC master denominator.,,
X042,Ground return only,25,Depaul Mbonigaba,Kagadi,Health centre,Muggi HC III,Muggi HC III,Needs review,Asset rows received; district identity requires confirmation,,,,,,"_multi-team/bunyoro-tooro-greater-mityana/DEPAUL - BUNYORO, TOORO AND GREATER MITYANA -CURRENT.xls",UGIFT HEALTH!row 8363,,,,"Register says Kagadi; master Muggi is in Mayuge. Confirm the source LG. This is an unresolved return identity, not a confirmed additional Kagadi facility.",,
X027,Ground return only,26,Depaul Mbonigaba,Bundibugyo,Health centre,Busanga HC III,Busanga HC III,Field evidence,Verification records received; physical completion not certified,,,,,,team-26/Bundibugyo/Busanga-HC-III/BUSANGA HEALTH CENTRE III - ASSET VERIFICATION AND RECORDING TOOL KIT.docx,,,,team-26/Bundibugyo/Busanga-HC-III,Facility-specific return received; no confirmed master match.,,
X028,Ground return only,26,Depaul Mbonigaba,Kabarole,Health centre,Iruhura HC III,Iruhura HC III,Field evidence,Verification records received; physical completion not certified,,,,,,team-26/Kabarole/Iruhura-HC-III/KABAROLE DISTRICT   IRUHURA HC III ASSET VERIFICATION AND RECORDING TOOL KIT 222 (1).docx,,,,team-26/Kabarole/Iruhura-HC-III,Facility-specific return received; no confirmed master match.,,
X029,Ground return only,26,Depaul Mbonigaba,Kabarole,Health centre,Nyambuusa HC III,Nyambuusa HC III,Field evidence,Verification records received; physical completion not certified,,,,,,team-26/Kabarole/Nyambuusa-HC-III/KABAROLE DISTRICT   ASSET VERIFICATION AND RECORDING TOOL KIT 222.docx,,,,team-26/Kabarole/Nyambuusa-HC-III,Facility-specific return received; no confirmed master match.,,
X030,Ground return only,26,Depaul Mbonigaba,Ntoroko,Health centre,Butungama HC III,Butungama HC III,Field evidence,Verification records received; physical completion not certified,,,,,,team-26/Ntoroko/Butungama-HC-III/ASSET VERIFICATION AND RECORDING TOOL KIT 222 BUTUNGAMA HEALTH CENTRE III AND BUTUNGAMA SEED SCHOOL (1).docx,,,,team-26/Ntoroko/Butungama-HC-III,Facility-specific return received; no confirmed master match.,,
X008,Ground return only,27,Depaul Mbonigaba,Bunyangabu,School,Katungunda (school),Katungunda (school),Field evidence,Completed from consolidated register; physical inspection not certified,,,,,,"_multi-team/bunyoro-tooro-greater-mityana/DEPAUL - BUNYORO, TOORO AND GREATER MITYANA -CURRENT.xls",IGIFT EDUCATION!row 356,,,,Named in submitted register; no confirmed master match. Asset section: LOCAL GOVT: BUNYANGABU; FACILITY: KATUNGUNDA,,
X007,Ground return only,27,Depaul Mbonigaba,Kasese,Health centre,Rukoki General Hospital,Rukoki General Hospital,Field evidence,Completed from consolidated register; physical inspection not certified,,,,,,"_multi-team/bunyoro-tooro-greater-mityana/DEPAUL - BUNYORO, TOORO AND GREATER MITYANA -CURRENT.xls",UGIFT HEALTH!row 4737,,,,Named in submitted register; no confirmed master match. Asset section: LOCAL GOVT: KASESE; FACILITY: RUKOKI GENERAL HOSPITAL,,
X031,Ground return only,28,Depaul Mbonigaba,Fort-Portal City,School,Bukuuku Community Secondary School,Bukuuku Community Secondary School,Field evidence,Verification records received; physical completion not certified,,,,,,team-28/Fort-Portal City/Bukuuku-Community-Secondary-School/GAYAZA AND BUKUUKU.docx,,,,team-28/Fort-Portal City/Bukuuku-Community-Secondary-School,Facility-specific return received; no confirmed master match.,,
X032,Ground return only,28,Depaul Mbonigaba,Mubende,Health centre,Nakawala HC III,Nakawala HC III,Field evidence,Verification records received; physical completion not certified,,,,,,team-28/Mubende/Nakawala-HC-III/NAKAWALA HCIII VERIFICATION TOOL.pdf,,,,team-28/Mubende/Nakawala-HC-III,Facility-specific return received; no confirmed master match.,,
X009,Ground return only,29,Depaul Mbonigaba,Kakumiro,Health centre,Mukoora HC III,Mukoora HC III,Field evidence,Completed from consolidated register; physical inspection not certified,,,,,,"_multi-team/bunyoro-tooro-greater-mityana/DEPAUL - BUNYORO, TOORO AND GREATER MITYANA -CURRENT.xls",UGIFT HEALTH!row 9147,,,,Named in submitted register; no confirmed master match. Asset section: LOCAL GOVT: KAKUMURO; FACILITY: MUKOORA,,
X010,Ground return only,29,Depaul Mbonigaba,Kakumiro,Health centre,Silumira HC III,Silumira HC III,Field evidence,Completed from consolidated register; physical inspection not certified,,,,,,"_multi-team/bunyoro-tooro-greater-mityana/DEPAUL - BUNYORO, TOORO AND GREATER MITYANA -CURRENT.xls",UGIFT HEALTH 2!row 966,,,,Named in submitted register; no confirmed master match. Asset section: LOCAL GOVT: KAKUMIRO; FACILITY: SILUMIRA,,
X011,Ground return only,30,Depaul Mbonigaba,Kasanda,Health centre,Namabaale HC III,Namabaale HC III,Field evidence,Completed from consolidated register; physical inspection not certified,,,,,,"_multi-team/bunyoro-tooro-greater-mityana/DEPAUL - BUNYORO, TOORO AND GREATER MITYANA -CURRENT.xls",UGIFT HEALTH!row 8876,,,,Named in submitted register; no confirmed master match. Asset section: LOCAL GOVT: KASANDA; FACILITY: NAMABAALE HEALTH CENTRE III,,
X033,Ground return only,31,Lawrence Kalyowa,Buvuma,Health centre,Buvuma HC III,Buvuma HC III,Field evidence,Verification records received; physical completion not certified,,,,,,team-31/Buvuma/Buvuma-HC-III/BUVUMA HC III ASSET VERIFICATION AND RECORDING TOOL KIT 222.docx,,,,team-31/Buvuma/Buvuma-HC-III,Facility-specific return received; no confirmed master match.,,
X034,Ground return only,31,Lawrence Kalyowa,Kalangala,School,Nekemiya Memorial Seed Secondary School,Nekemiya Memorial Seed Secondary School,Field evidence,Verification records received; physical completion not certified,,,,,,team-31/Kalangala/Nekemiya-Memorial-Seed-Secondary-School/Nekemiya memorial seed secondary school.docx,,,,team-31/Kalangala/Nekemiya-Memorial-Seed-Secondary-School,Facility-specific return received; no confirmed master match.,,
X035,Ground return only,32,Lawrence Kalyowa,Gomba,School,Kyayi Seed Secondary School,Kyayi Seed Secondary School,Field evidence,Verification records received; physical completion not certified,,,,,,team-32/Gomba/Kyayi-Seed-Secondary-School/KYAYI SEED S.SASSET VERIFICATION AND RECORDING TOOL KIT 222.docx,,,,team-32/Gomba/Kyayi-Seed-Secondary-School,Facility-specific return received; no confirmed master match.,,
X036,Ground return only,32,Lawrence Kalyowa,Mpigi,School,Wamatovu Seed Secondary School,Wamatovu Seed Secondary School,Field evidence,Verification records received; physical completion not certified,,,,,,team-32/Mpigi/Wamatovu-Seed-Secondary-School/ASSET VERIFICATION AND RECORDING TOOL KIT 222( WAMATOVU SEED S.S MPIGI LGD) (2).docx,,,,team-32/Mpigi/Wamatovu-Seed-Secondary-School,Facility-specific return received; no confirmed master match.,,
X037,Ground return only,33,Lawrence Kalyowa,Lwengo,Health centre,Lwengenyi HC III,Lwengenyi HC III,Field evidence,Verification records received; physical completion not certified,,,,,,team-33/Lwengo/Lwengenyi-HC-III/ASSET VERIFICATION AND RECORDING TOOL KIT 222 (1) LWENGENYI HEALTH CENTRE III& KATOVU SEED SECONDARY SCHOOL.docx,,,,team-33/Lwengo/Lwengenyi-HC-III,Facility-specific return received; no confirmed master match.,,
X038,Ground return only,33,Lawrence Kalyowa,Lwengo,School,Mbirizi Seed Secondary School,Mbirizi Seed Secondary School,Field evidence,Verification records received; physical completion not certified,,,,,,team-33/Lwengo/Mbirizi-Seed-Secondary-School/ASSET VERIFICATION AND RECORDING TOOL KIT 222 (1) KAKOMA HEALTH CENTRE III & MBIRIZI SEED SECONDARY SCHOOL (1).docx,,,,team-33/Lwengo/Mbirizi-Seed-Secondary-School,Facility-specific return received; no confirmed master match.,,
X039,Ground return only,33,Lawrence Kalyowa,Lyantonde,School,Rwamabara Seed Secondary School,Rwamabara Seed Secondary School,Field evidence,Verification records received; physical completion not certified,,,,,,team-33/Lyantonde/Rwamabara-Seed-Secondary-School/ASSET VERIFICATION AND RECORDING TOOL KIT 222 (1)KABATEMERE HEALTH CENTRE III & RWAMABARA SEED SECONDARY SCHOOL.docx,,,,team-33/Lyantonde/Rwamabara-Seed-Secondary-School,Facility-specific return received; no confirmed master match.,,
